-- MySQL dump 10.13  Distrib 5.1.49, for debian-linux-gnu (x86_64)
--
-- Host: mysql.zambia.dreamhosters.com    Database: arisia13_prod
-- ------------------------------------------------------
-- Server version	5.1.53-log

/*!40101 SET @OLD_CHARACTER_SET_CLIENT=@@CHARACTER_SET_CLIENT */;
/*!40101 SET @OLD_CHARACTER_SET_RESULTS=@@CHARACTER_SET_RESULTS */;
/*!40101 SET @OLD_COLLATION_CONNECTION=@@COLLATION_CONNECTION */;
/*!40101 SET NAMES utf8 */;
/*!40103 SET @OLD_TIME_ZONE=@@TIME_ZONE */;
/*!40103 SET TIME_ZONE='+00:00' */;
/*!40014 SET @OLD_UNIQUE_CHECKS=@@UNIQUE_CHECKS, UNIQUE_CHECKS=0 */;
/*!40014 SET @OLD_FOREIGN_KEY_CHECKS=@@FOREIGN_KEY_CHECKS, FOREIGN_KEY_CHECKS=0 */;
/*!40101 SET @OLD_SQL_MODE=@@SQL_MODE, SQL_MODE='NO_AUTO_VALUE_ON_ZERO' */;
/*!40111 SET @OLD_SQL_NOTES=@@SQL_NOTES, SQL_NOTES=0 */;

--
-- Table structure for table `CategoryHasReport`
--

DROP TABLE IF EXISTS `CategoryHasReport`;
/*!40101 SET @saved_cs_client     = @@character_set_client */;
/*!40101 SET character_set_client = utf8 */;
CREATE TABLE `CategoryHasReport` (
  `reportcategoryid` int(11) NOT NULL,
  `reporttypeid` int(11) NOT NULL,
  PRIMARY KEY (`reportcategoryid`,`reporttypeid`),
  KEY `FK_CategoryHasReport2` (`reporttypeid`),
  CONSTRAINT `FK_CategoryHasReport` FOREIGN KEY (`reportcategoryid`) REFERENCES `ReportCategories` (`reportcategoryid`),
  CONSTRAINT `FK_CategoryHasReport2` FOREIGN KEY (`reporttypeid`) REFERENCES `ReportTypes` (`reporttypeid`)
) ENGINE=InnoDB DEFAULT CHARSET=latin1;
/*!40101 SET character_set_client = @saved_cs_client */;

--
-- Dumping data for table `CategoryHasReport`
--

LOCK TABLES `CategoryHasReport` WRITE;
/*!40000 ALTER TABLE `CategoryHasReport` DISABLE KEYS */;
INSERT INTO `CategoryHasReport` VALUES (4,6),(4,7),(9,7),(4,8),(4,9),(4,10),(9,12),(9,13),(4,14),(4,15),(7,15),(4,16),(7,16),(5,17),(4,18),(2,19),(4,19),(7,19),(2,20),(4,20),(7,20),(2,21),(4,21),(7,21),(2,22),(4,22),(7,22),(14,23),(2,24),(4,24),(4,25),(2,26),(4,26),(7,26),(9,26),(2,27),(4,27),(2,28),(4,28),(2,29),(4,29),(4,30),(9,31),(4,32),(13,32),(1,33),(1,34),(1,35),(1,36),(1,37),(1,38),(10,38),(1,39),(1,40),(1,41),(10,41),(1,42),(10,42),(1,43),(1,44),(1,45),(1,46),(1,47),(1,48),(1,49),(5,49),(10,49),(2,50),(4,50),(5,50),(10,50),(4,51),(13,51),(4,52),(13,52),(2,53),(4,54),(13,54),(3,55),(3,56),(4,56),(7,57),(13,57),(4,58),(7,58),(4,59),(7,59),(4,60),(4,61),(4,62),(6,63),(6,64),(6,65),(2,66),(4,66),(10,66),(2,67),(4,67),(10,67),(9,68),(12,68),(9,69),(12,69),(4,70),(4,71),(4,72),(4,73),(4,74),(4,76),(10,77),(10,78),(9,79),(12,79),(4,80),(4,81),(11,81),(13,81),(9,82),(4,83),(13,83),(12,84),(9,86),(12,86),(9,87),(9,88),(5,89),(8,89),(8,90),(8,91),(4,92),(2,93),(4,93),(2,94),(4,94),(4,95),(4,96),(4,97),(4,98),(4,99),(4,100),(5,101),(4,102),(13,102),(2,103),(4,103),(8,103),(11,103),(2,104),(4,104),(8,104),(11,104),(2,105),(4,105),(8,105),(11,105),(2,106),(4,106),(8,106),(11,106),(2,107),(4,107),(8,107),(11,107),(4,108),(13,108);
/*!40000 ALTER TABLE `CategoryHasReport` ENABLE KEYS */;
UNLOCK TABLES;

--
-- Table structure for table `CongoDump`
--

DROP TABLE IF EXISTS `CongoDump`;
/*!40101 SET @saved_cs_client     = @@character_set_client */;
/*!40101 SET character_set_client = utf8 */;
CREATE TABLE `CongoDump` (
  `badgeid` varchar(15) NOT NULL DEFAULT '',
  `firstname` varchar(30) DEFAULT NULL,
  `lastname` varchar(40) DEFAULT NULL,
  `badgename` varchar(51) DEFAULT NULL,
  `phone` varchar(100) DEFAULT NULL,
  `email` varchar(100) DEFAULT NULL,
  `postaddress1` varchar(100) DEFAULT NULL,
  `postaddress2` varchar(100) DEFAULT NULL,
  `postcity` varchar(50) DEFAULT NULL,
  `poststate` varchar(25) DEFAULT NULL,
  `postzip` varchar(10) DEFAULT NULL,
  `postcountry` varchar(25) DEFAULT NULL,
  `regtype` varchar(40) DEFAULT NULL,
  PRIMARY KEY (`badgeid`)
) ENGINE=InnoDB DEFAULT CHARSET=utf8;
/*!40101 SET character_set_client = @saved_cs_client */;

--
-- Dumping data for table `CongoDump`
--

LOCK TABLES `CongoDump` WRITE;
/*!40000 ALTER TABLE `CongoDump` DISABLE KEYS */;
INSERT INTO `CongoDump` VALUES ('1','Admin','User','Admin User','','','','','','','','',NULL),('2','Participant','User','Participant User','','','','','','','','',NULL);
/*!40000 ALTER TABLE `CongoDump` ENABLE KEYS */;
UNLOCK TABLES;

--
-- Table structure for table `Credentials`
--

DROP TABLE IF EXISTS `Credentials`;
/*!40101 SET @saved_cs_client     = @@character_set_client */;
/*!40101 SET character_set_client = utf8 */;
CREATE TABLE `Credentials` (
  `credentialid` int(11) NOT NULL AUTO_INCREMENT,
  `credentialname` varchar(100) DEFAULT NULL,
  `display_order` int(11) DEFAULT NULL,
  PRIMARY KEY (`credentialid`)
) ENGINE=InnoDB AUTO_INCREMENT=6 DEFAULT CHARSET=utf8;
/*!40101 SET character_set_client = @saved_cs_client */;

--
-- Dumping data for table `Credentials`
--

LOCK TABLES `Credentials` WRITE;
/*!40000 ALTER TABLE `Credentials` DISABLE KEYS */;
INSERT INTO `Credentials` VALUES (1,'Professional Artist',1),(2,'Professional Editor',2),(3,'Professional Musician',3),(4,'Published Author',4),(5,'Web Comics Creator',5);
/*!40000 ALTER TABLE `Credentials` ENABLE KEYS */;
UNLOCK TABLES;

--
-- Table structure for table `CustomText`
--

DROP TABLE IF EXISTS `CustomText`;
/*!40101 SET @saved_cs_client     = @@character_set_client */;
/*!40101 SET character_set_client = utf8 */;
CREATE TABLE `CustomText` (
  `customtextid` int(11) NOT NULL AUTO_INCREMENT,
  `page` varchar(100) DEFAULT NULL,
  `tag` varchar(25) DEFAULT NULL,
  `textcontents` text,
  PRIMARY KEY (`customtextid`),
  UNIQUE KEY `page` (`page`,`tag`)
) ENGINE=InnoDB AUTO_INCREMENT=3 DEFAULT CHARSET=utf8;
/*!40101 SET character_set_client = @saved_cs_client */;

--
-- Dumping data for table `CustomText`
--

LOCK TABLES `CustomText` WRITE;
/*!40000 ALTER TABLE `CustomText` DISABLE KEYS */;
INSERT INTO `CustomText` VALUES (1,'My Profile','biography_note','Note: Your biography will appear immediately following your name in the program. If you have previously been a participant, the stored bio for you will be displayed below. Please verify the text for publication.<BR>\n'),(2,'My Availability','note_after_times','Please note: this year the Masquerade is scheduled for Sun, likely 8-11 pm.');
/*!40000 ALTER TABLE `CustomText` ENABLE KEYS */;
UNLOCK TABLES;

--
-- Table structure for table `Divisions`
--

DROP TABLE IF EXISTS `Divisions`;
/*!40101 SET @saved_cs_client     = @@character_set_client */;
/*!40101 SET character_set_client = utf8 */;
CREATE TABLE `Divisions` (
  `divisionid` int(11) NOT NULL AUTO_INCREMENT,
  `divisionname` varchar(30) DEFAULT NULL,
  `display_order` int(11) NOT NULL DEFAULT '0',
  PRIMARY KEY (`divisionid`)
) ENGINE=InnoDB AUTO_INCREMENT=9 DEFAULT CHARSET=utf8;
/*!40101 SET character_set_client = @saved_cs_client */;

--
-- Dumping data for table `Divisions`
--

LOCK TABLES `Divisions` WRITE;
/*!40000 ALTER TABLE `Divisions` DISABLE KEYS */;
INSERT INTO `Divisions` VALUES (1,'Other',11),(2,'Programming',1),(3,'Events',2),(4,'Exhibits',10),(5,'Hotel',13),(6,'Unspecified',12),(7,'Multimedia',4),(8,'Child Services',6);
/*!40000 ALTER TABLE `Divisions` ENABLE KEYS */;
UNLOCK TABLES;

--
-- Table structure for table `EmailCC`
--

DROP TABLE IF EXISTS `EmailCC`;
/*!40101 SET @saved_cs_client     = @@character_set_client */;
/*!40101 SET character_set_client = utf8 */;
CREATE TABLE `EmailCC` (
  `emailccid` int(11) NOT NULL AUTO_INCREMENT,
  `description` varchar(50) DEFAULT NULL,
  `display_order` int(11) NOT NULL DEFAULT '0',
  `emailaddress` varchar(255) DEFAULT NULL,
  PRIMARY KEY (`emailccid`)
) ENGINE=InnoDB AUTO_INCREMENT=3 DEFAULT CHARSET=utf8 CHECKSUM=1 DELAY_KEY_WRITE=1 ROW_FORMAT=DYNAMIC;
/*!40101 SET character_set_client = @saved_cs_client */;

--
-- Dumping data for table `EmailCC`
--

LOCK TABLES `EmailCC` WRITE;
/*!40000 ALTER TABLE `EmailCC` DISABLE KEYS */;
INSERT INTO `EmailCC` VALUES (1,'None',1,NULL),(2,'John Smith',2,'johnsmith@email.com');
/*!40000 ALTER TABLE `EmailCC` ENABLE KEYS */;
UNLOCK TABLES;

--
-- Table structure for table `EmailFrom`
--

DROP TABLE IF EXISTS `EmailFrom`;
/*!40101 SET @saved_cs_client     = @@character_set_client */;
/*!40101 SET character_set_client = utf8 */;
CREATE TABLE `EmailFrom` (
  `emailfromid` int(11) NOT NULL AUTO_INCREMENT,
  `emailfromdescription` varchar(30) DEFAULT NULL,
  `display_order` int(11) NOT NULL DEFAULT '0',
  `emailfromaddress` varchar(255) DEFAULT NULL,
  PRIMARY KEY (`emailfromid`)
) ENGINE=InnoDB AUTO_INCREMENT=4 DEFAULT CHARSET=utf8 CHECKSUM=1 DELAY_KEY_WRITE=1 ROW_FORMAT=DYNAMIC;
/*!40101 SET character_set_client = @saved_cs_client */;

--
-- Dumping data for table `EmailFrom`
--

LOCK TABLES `EmailFrom` WRITE;
/*!40000 ALTER TABLE `EmailFrom` DISABLE KEYS */;
INSERT INTO `EmailFrom` VALUES (1,'Programming',1,'programming@somecon.org'),(2,'Events',2,'events@somecon.org'),(3,'Con Chair',3,'conchair@somecon.org');
/*!40000 ALTER TABLE `EmailFrom` ENABLE KEYS */;
UNLOCK TABLES;

--
-- Table structure for table `EmailTo`
--

DROP TABLE IF EXISTS `EmailTo`;
/*!40101 SET @saved_cs_client     = @@character_set_client */;
/*!40101 SET character_set_client = utf8 */;
CREATE TABLE `EmailTo` (
  `emailtoid` int(11) NOT NULL AUTO_INCREMENT,
  `emailtodescription` varchar(75) DEFAULT NULL,
  `display_order` int(11) NOT NULL DEFAULT '0',
  `emailtoquery` text,
  PRIMARY KEY (`emailtoid`)
) ENGINE=InnoDB AUTO_INCREMENT=10 DEFAULT CHARSET=utf8 DELAY_KEY_WRITE=1 ROW_FORMAT=DYNAMIC;
/*!40101 SET character_set_client = @saved_cs_client */;

--
-- Dumping data for table `EmailTo`
--

LOCK TABLES `EmailTo` WRITE;
/*!40000 ALTER TABLE `EmailTo` DISABLE KEYS */;
INSERT INTO `EmailTo` (`emailtoid`, `emailtodescription`, `display_order`, `emailtoquery`) VALUES
(1, 'All Program Participants', 1, 'SELECT\r\n        CD.badgeid, CD.firstname, CD.lastname, CD.email, P.pubsname, CD.badgename\r\n    FROM\r\n             CongoDump CD\r\n        JOIN Participants P USING (badgeid)\r\n        JOIN UserHasPermissionRole UHPR USNG (badgeid)\r\n    WHERE\r\n        UHPR.permroleid = 3;'),
(2, 'Program Participants who are attending', 2, 'SELECT\r\n        CD.badgeid, CD.firstname, CD.lastname, CD.email, P.pubsname, CD.badgename\r\n    FROM\r\n             CongoDump CD\r\n        JOIN Participants P USING (badgeid)\r\n        JOIN UserHasPermissionRole UHPR USING (badgeid)\r\n    WHERE\r\n            UHPR.permroleid = 3\r\n        AND P.interested = 1;'),
(3, 'Attending participants willing to read own work', 3, 'SELECT\r\n        CD.badgeid, CD.firstname, CD.lastname, CD.email, P.pubsname, CD.badgename\r\n    FROM\r\n             CongoDump CD\r\n        JOIN Participants P USING (badgeid)\r\n        JOIN UserHasPermissionRole UHPR USING (badgeid)\r\n        JOIN ParticipantHasRole PHR USING (badgeid)\r\n    WHERE\r\n            UHPR.permroleid = 3\r\n        AND P.interested = 1\r\n        AND PHR.roleid = 1\r\n    ORDER BY\r\n        CD.LASTNAME;'),
(4, 'Attending participants willing to do workshop', 4, 'SELECT DISTINCT\r\n        CD.badgeid,\r\n        CD.firstname,\r\n        CD.lastname,\r\n        CD.email,\r\n        P.pubsname,\r\n        CD.badgename\r\n    from\r\n        CongoDump CD\r\n            join\r\n        (select badgeid from ParticipantHasRole where roleid = 6\r\n             union\r\n             select badgeid from ParticipantInterests where yespanels!="") WP\r\n            using (badgeid)\r\n            join\r\n        Participants P\r\n            using (badgeid)\r\n            join\r\n        UserHasPermissionRole UHPR\r\n            using (badgeid)\r\n    where\r\n        P.interested=1 and\r\n        UHPR.permroleid=3\r\n    order by lastname;'),
(5, 'Scheduled Program Participants who are moderators', 5, 'SELECT DISTINCT\r\n        CD.badgeid,\r\n        CD.firstname,\r\n        CD.lastname,\r\n        CD.email,\r\n        P.pubsname,\r\n        CD.badgename\r\n    FROM\r\n            CongoDump CD\r\n       JOIN Participants P USING (badgeid)\r\n       JOIN UserHasPermissionRole UHPR USING (badgeid)\r\n       JOIN ParticipantOnSession POS ON (CD.badgeid = POS.badgeid AND POS.moderator = 1)\r\n       JOIN `Schedule` SCH USING (sessionid)\r\n       JOIN Sessions S ON (SCH.sessionid = S.sessionid AND S.divisionid = 2)\r\n     WHERE\r\n        UHPR.permroleid = 3\r\n    ORDER BY CD.lastname;'),
(6, 'Have not logged in or responded to "interested" query', 6, 'SELECT CD.badgeid, CD.firstname, CD.lastname, CD.email, P.pubsname, CD.badgename FROM CongoDump CD JOIN Participants P USING (badgeid) JOIN UserHasPermissionRole UHPR USING (badgeid) WHERE UHPR.permroleid=3 AND P.interested IS NULL ORDER BY IFNULL(CD.lastname,''ZZZZZ'');'),
(7, 'Staff with insecure passwords', 7, 'SELECT CD.badgeid, CD.firstname, CD.lastname, CD.email, P.pubsname, CD.badgename\r\nFROM CongoDump CD JOIN Participants P USING (badgeid) JOIN UserHasPermissionRole UHPR USING (badgeid)\r\nwhere UHPR.permroleid = 2 AND P.password =''4cb9c8a8048fd02294477fcb1a41191a'';'),
(8, 'Participants who participated in programming', 8, 'SELECT CD.badgeid, CD.firstname, CD.lastname, CD.email, P.pubsname, CD.badgename,\r\n    P.interested\r\n  from CongoDump CD inner join Participants P on CD.badgeid=P.badgeid\r\n    and CD.email is not null and P.badgeid in\r\n (select distinct badgeid from ParticipantOnSession POS inner join Sessions S\r\n    on POS.sessionid = S.sessionid and S.statusid=3 and S.divisionid=2);');
/*!40000 ALTER TABLE `EmailTo` ENABLE KEYS */;
UNLOCK TABLES;

--
-- Table structure for table `Features`
--

DROP TABLE IF EXISTS `Features`;
/*!40101 SET @saved_cs_client     = @@character_set_client */;
/*!40101 SET character_set_client = utf8 */;
CREATE TABLE `Features` (
  `featureid` int(11) NOT NULL AUTO_INCREMENT,
  `featurename` varchar(50) DEFAULT NULL,
  `display_order` int(11) DEFAULT NULL,
  PRIMARY KEY (`featureid`)
) ENGINE=InnoDB AUTO_INCREMENT=14 DEFAULT CHARSET=utf8;
/*!40101 SET character_set_client = @saved_cs_client */;

--
-- Dumping data for table `Features`
--

LOCK TABLES `Features` WRITE;
/*!40000 ALTER TABLE `Features` DISABLE KEYS */;
INSERT INTO `Features` VALUES (1,'Power (110)',6),(2,'Power (special)',7),(3,'Internet',4),(4,'Cable TV',1),(5,'Fridge',3),(6,'Running Water',8),(7,'Window',12),(8,'Sound Isolation',10),(9,'Boardroom Table',2),(10,'Mirror',5),(11,'Toilet',11),(12,'Shower/Bath',9),(13,'Blackout Curtains',18);
/*!40000 ALTER TABLE `Features` ENABLE KEYS */;
UNLOCK TABLES;

--
-- Table structure for table `KidsCategories`
--

DROP TABLE IF EXISTS `KidsCategories`;
/*!40101 SET @saved_cs_client     = @@character_set_client */;
/*!40101 SET character_set_client = utf8 */;
CREATE TABLE `KidsCategories` (
  `kidscatid` int(11) NOT NULL AUTO_INCREMENT,
  `kidscatname` varchar(50) DEFAULT NULL,
  `display_order` int(11) DEFAULT NULL,
  PRIMARY KEY (`kidscatid`)
) ENGINE=InnoDB AUTO_INCREMENT=5 DEFAULT CHARSET=utf8;
/*!40101 SET character_set_client = @saved_cs_client */;

--
-- Dumping data for table `KidsCategories`
--

LOCK TABLES `KidsCategories` WRITE;
/*!40000 ALTER TABLE `KidsCategories` DISABLE KEYS */;
INSERT INTO `KidsCategories` VALUES (1,'Targeted',1),(2,'Welcome',2),(3,'Only w/ Parent',3),(4,'Not Allowed',4);
/*!40000 ALTER TABLE `KidsCategories` ENABLE KEYS */;
UNLOCK TABLES;

--
-- Table structure for table `LanguageStatuses`
--

DROP TABLE IF EXISTS `LanguageStatuses`;
/*!40101 SET @saved_cs_client     = @@character_set_client */;
/*!40101 SET character_set_client = utf8 */;
CREATE TABLE `LanguageStatuses` (
  `languagestatusid` int(11) NOT NULL AUTO_INCREMENT,
  `languagestatusname` varchar(30) DEFAULT NULL,
  `display_order` int(11) DEFAULT NULL,
  PRIMARY KEY (`languagestatusid`)
) ENGINE=InnoDB AUTO_INCREMENT=4 DEFAULT CHARSET=utf8;
/*!40101 SET character_set_client = @saved_cs_client */;

--
-- Dumping data for table `LanguageStatuses`
--

LOCK TABLES `LanguageStatuses` WRITE;
/*!40000 ALTER TABLE `LanguageStatuses` DISABLE KEYS */;
INSERT INTO `LanguageStatuses` VALUES (1,'English',1),(2,'French',2),(3,'Bilingual',3);
/*!40000 ALTER TABLE `LanguageStatuses` ENABLE KEYS */;
UNLOCK TABLES;

--
-- Table structure for table `ParticipantAvailability`
--

DROP TABLE IF EXISTS `ParticipantAvailability`;
/*!40101 SET @saved_cs_client     = @@character_set_client */;
/*!40101 SET character_set_client = utf8 */;
CREATE TABLE `ParticipantAvailability` (
  `badgeid` varchar(15) NOT NULL DEFAULT '',
  `maxprog` int(11) DEFAULT NULL,
  `preventconflict` varchar(255) DEFAULT NULL,
  `otherconstraints` varchar(255) DEFAULT NULL,
  `numkidsfasttrack` int(11) DEFAULT NULL,
  PRIMARY KEY (`badgeid`),
  CONSTRAINT `ParticipantAvailability_ibfk_1` FOREIGN KEY (`badgeid`) REFERENCES `Participants` (`badgeid`)
) ENGINE=InnoDB DEFAULT CHARSET=utf8;
/*!40101 SET character_set_client = @saved_cs_client */;

--
-- Dumping data for table `ParticipantAvailability`
--

LOCK TABLES `ParticipantAvailability` WRITE;
/*!40000 ALTER TABLE `ParticipantAvailability` DISABLE KEYS */;
/*!40000 ALTER TABLE `ParticipantAvailability` ENABLE KEYS */;
UNLOCK TABLES;

--
-- Table structure for table `ParticipantAvailabilityDays`
--

DROP TABLE IF EXISTS `ParticipantAvailabilityDays`;
/*!40101 SET @saved_cs_client     = @@character_set_client */;
/*!40101 SET character_set_client = utf8 */;
CREATE TABLE `ParticipantAvailabilityDays` (
  `badgeid` varchar(15) NOT NULL,
  `day` smallint(6) NOT NULL,
  `maxprog` int(11) DEFAULT NULL,
  PRIMARY KEY (`badgeid`,`day`),
  CONSTRAINT `ParticipantAvailabilityDays_ibfk_1` FOREIGN KEY (`badgeid`) REFERENCES `Participants` (`badgeid`)
) ENGINE=InnoDB DEFAULT CHARSET=utf8;
/*!40101 SET character_set_client = @saved_cs_client */;

--
-- Dumping data for table `ParticipantAvailabilityDays`
--

LOCK TABLES `ParticipantAvailabilityDays` WRITE;
/*!40000 ALTER TABLE `ParticipantAvailabilityDays` DISABLE KEYS */;
/*!40000 ALTER TABLE `ParticipantAvailabilityDays` ENABLE KEYS */;
UNLOCK TABLES;

--
-- Table structure for table `ParticipantAvailabilityTimes`
--

DROP TABLE IF EXISTS `ParticipantAvailabilityTimes`;
/*!40101 SET @saved_cs_client     = @@character_set_client */;
/*!40101 SET character_set_client = utf8 */;
CREATE TABLE `ParticipantAvailabilityTimes` (
  `badgeid` varchar(15) NOT NULL DEFAULT '',
  `availabilitynum` int(11) NOT NULL DEFAULT '0',
  `starttime` time DEFAULT NULL,
  `endtime` time DEFAULT NULL,
  PRIMARY KEY (`badgeid`,`availabilitynum`),
  CONSTRAINT `ParticipantAvailabilityTimes_ibfk_1` FOREIGN KEY (`badgeid`) REFERENCES `Participants` (`badgeid`)
) ENGINE=InnoDB DEFAULT CHARSET=utf8;
/*!40101 SET character_set_client = @saved_cs_client */;

--
-- Dumping data for table `ParticipantAvailabilityTimes`
--

LOCK TABLES `ParticipantAvailabilityTimes` WRITE;
/*!40000 ALTER TABLE `ParticipantAvailabilityTimes` DISABLE KEYS */;
/*!40000 ALTER TABLE `ParticipantAvailabilityTimes` ENABLE KEYS */;
UNLOCK TABLES;

--
-- Table structure for table `ParticipantHasCredential`
--

DROP TABLE IF EXISTS `ParticipantHasCredential`;
/*!40101 SET @saved_cs_client     = @@character_set_client */;
/*!40101 SET character_set_client = utf8 */;
CREATE TABLE `ParticipantHasCredential` (
  `badgeid` varchar(15) NOT NULL,
  `credentialid` int(11) NOT NULL,
  PRIMARY KEY (`badgeid`,`credentialid`),
  KEY `phcfk2` (`credentialid`),
  CONSTRAINT `phcfk1` FOREIGN KEY (`badgeid`) REFERENCES `Participants` (`badgeid`),
  CONSTRAINT `phcfk2` FOREIGN KEY (`credentialid`) REFERENCES `Credentials` (`credentialid`)
) ENGINE=InnoDB DEFAULT CHARSET=utf8;
/*!40101 SET character_set_client = @saved_cs_client */;

--
-- Dumping data for table `ParticipantHasCredential`
--

LOCK TABLES `ParticipantHasCredential` WRITE;
/*!40000 ALTER TABLE `ParticipantHasCredential` DISABLE KEYS */;
/*!40000 ALTER TABLE `ParticipantHasCredential` ENABLE KEYS */;
UNLOCK TABLES;

--
-- Table structure for table `ParticipantHasRole`
--

DROP TABLE IF EXISTS `ParticipantHasRole`;
/*!40101 SET @saved_cs_client     = @@character_set_client */;
/*!40101 SET character_set_client = utf8 */;
CREATE TABLE `ParticipantHasRole` (
  `badgeid` varchar(15) NOT NULL DEFAULT '',
  `roleid` int(11) NOT NULL DEFAULT '0',
  PRIMARY KEY (`badgeid`,`roleid`),
  KEY `roleid` (`roleid`),
  CONSTRAINT `ParticipantHasRole_ibfk_1` FOREIGN KEY (`badgeid`) REFERENCES `Participants` (`badgeid`),
  CONSTRAINT `ParticipantHasRole_ibfk_2` FOREIGN KEY (`roleid`) REFERENCES `Roles` (`roleid`)
) ENGINE=InnoDB DEFAULT CHARSET=utf8;
/*!40101 SET character_set_client = @saved_cs_client */;

--
-- Dumping data for table `ParticipantHasRole`
--

LOCK TABLES `ParticipantHasRole` WRITE;
/*!40000 ALTER TABLE `ParticipantHasRole` DISABLE KEYS */;
/*!40000 ALTER TABLE `ParticipantHasRole` ENABLE KEYS */;
UNLOCK TABLES;

--
-- Table structure for table `ParticipantInterests`
--

DROP TABLE IF EXISTS `ParticipantInterests`;
/*!40101 SET @saved_cs_client     = @@character_set_client */;
/*!40101 SET character_set_client = utf8 */;
CREATE TABLE `ParticipantInterests` (
  `badgeid` varchar(15) NOT NULL DEFAULT '',
  `yespanels` text,
  `nopanels` text,
  `yespeople` text,
  `nopeople` text,
  `otherroles` text,
  PRIMARY KEY (`badgeid`),
  CONSTRAINT `ParticipantInterests_ibfk_1` FOREIGN KEY (`badgeid`) REFERENCES `Participants` (`badgeid`)
) ENGINE=InnoDB DEFAULT CHARSET=utf8;
/*!40101 SET character_set_client = @saved_cs_client */;

--
-- Dumping data for table `ParticipantInterests`
--

LOCK TABLES `ParticipantInterests` WRITE;
/*!40000 ALTER TABLE `ParticipantInterests` DISABLE KEYS */;
/*!40000 ALTER TABLE `ParticipantInterests` ENABLE KEYS */;
UNLOCK TABLES;

--
-- Table structure for table `ParticipantOnSession`
--

DROP TABLE IF EXISTS `ParticipantOnSession`;
/*!40101 SET @saved_cs_client     = @@character_set_client */;
/*!40101 SET character_set_client = utf8 */;
CREATE TABLE `ParticipantOnSession` (
  `badgeid` varchar(15) NOT NULL DEFAULT '',
  `sessionid` int(11) NOT NULL DEFAULT '0',
  `moderator` tinyint(4) DEFAULT '0',
  `ts` timestamp NOT NULL DEFAULT CURRENT_TIMESTAMP ON UPDATE CURRENT_TIMESTAMP,
  PRIMARY KEY (`badgeid`,`sessionid`),
  KEY `sessionid` (`sessionid`),
  CONSTRAINT `ParticipantOnSession_ibfk_1` FOREIGN KEY (`badgeid`) REFERENCES `Participants` (`badgeid`),
  CONSTRAINT `ParticipantOnSession_ibfk_2` FOREIGN KEY (`sessionid`) REFERENCES `Sessions` (`sessionid`)
) ENGINE=InnoDB DEFAULT CHARSET=utf8;
/*!40101 SET character_set_client = @saved_cs_client */;

--
-- Dumping data for table `ParticipantOnSession`
--

LOCK TABLES `ParticipantOnSession` WRITE;
/*!40000 ALTER TABLE `ParticipantOnSession` DISABLE KEYS */;
/*!40000 ALTER TABLE `ParticipantOnSession` ENABLE KEYS */;
UNLOCK TABLES;

--
-- Table structure for table `ParticipantSessionInterest`
--

DROP TABLE IF EXISTS `ParticipantSessionInterest`;
/*!40101 SET @saved_cs_client     = @@character_set_client */;
/*!40101 SET character_set_client = utf8 */;
CREATE TABLE `ParticipantSessionInterest` (
  `badgeid` varchar(15) NOT NULL DEFAULT '',
  `sessionid` int(11) NOT NULL DEFAULT '0',
  `rank` int(11) DEFAULT NULL,
  `willmoderate` tinyint(1) DEFAULT NULL,
  `comments` text,
  PRIMARY KEY (`badgeid`,`sessionid`),
  KEY `sessionid` (`sessionid`),
  CONSTRAINT `ParticipantSessionInterest_ibfk_1` FOREIGN KEY (`badgeid`) REFERENCES `Participants` (`badgeid`),
  CONSTRAINT `ParticipantSessionInterest_ibfk_2` FOREIGN KEY (`sessionid`) REFERENCES `Sessions` (`sessionid`),
  CONSTRAINT `ParticipantSessionInterest_ibfk_3` FOREIGN KEY (`badgeid`) REFERENCES `Participants` (`badgeid`),
  CONSTRAINT `ParticipantSessionInterest_ibfk_4` FOREIGN KEY (`sessionid`) REFERENCES `Sessions` (`sessionid`)
) ENGINE=InnoDB DEFAULT CHARSET=utf8;
/*!40101 SET character_set_client = @saved_cs_client */;

--
-- Dumping data for table `ParticipantSessionInterest`
--

LOCK TABLES `ParticipantSessionInterest` WRITE;
/*!40000 ALTER TABLE `ParticipantSessionInterest` DISABLE KEYS */;
/*!40000 ALTER TABLE `ParticipantSessionInterest` ENABLE KEYS */;
UNLOCK TABLES;

--
-- Table structure for table `ParticipantSuggestions`
--

DROP TABLE IF EXISTS `ParticipantSuggestions`;
/*!40101 SET @saved_cs_client     = @@character_set_client */;
/*!40101 SET character_set_client = utf8 */;
CREATE TABLE `ParticipantSuggestions` (
  `badgeid` varchar(15) NOT NULL DEFAULT '',
  `paneltopics` text,
  `otherideas` text,
  `suggestedguests` text,
  PRIMARY KEY (`badgeid`),
  CONSTRAINT `ParticipantSuggestions_ibfk_1` FOREIGN KEY (`badgeid`) REFERENCES `Participants` (`badgeid`)
) ENGINE=InnoDB DEFAULT CHARSET=utf8;
/*!40101 SET character_set_client = @saved_cs_client */;

--
-- Dumping data for table `ParticipantSuggestions`
--

LOCK TABLES `ParticipantSuggestions` WRITE;
/*!40000 ALTER TABLE `ParticipantSuggestions` DISABLE KEYS */;
/*!40000 ALTER TABLE `ParticipantSuggestions` ENABLE KEYS */;
UNLOCK TABLES;

--
-- Table structure for table `Participants`
--

DROP TABLE IF EXISTS `Participants`;
/*!40101 SET @saved_cs_client     = @@character_set_client */;
/*!40101 SET character_set_client = utf8 */;
CREATE TABLE `Participants` (
  `badgeid` varchar(15) NOT NULL DEFAULT '',
  `password` varchar(32) DEFAULT NULL,
  `bestway` varchar(12) DEFAULT NULL,
  `interested` tinyint(1) DEFAULT NULL,
  `bio` text,
  `pubsname` varchar(50) DEFAULT NULL,
  `share_email` tinyint(11) DEFAULT '1',
  `staff_notes` text,
  PRIMARY KEY (`badgeid`)
) ENGINE=InnoDB DEFAULT CHARSET=utf8;
/*!40101 SET character_set_client = @saved_cs_client */;

--
-- Dumping data for table `Participants`
--

LOCK TABLES `Participants` WRITE;
/*!40000 ALTER TABLE `Participants` DISABLE KEYS */;
INSERT INTO `Participants` VALUES ('1','25e4ee4e9229397b6b17776bfceaf8e7',NULL,1,'','Admin User',1,''),('2','63e780c3f321d13109c71bf81805476e',NULL,1,'','Participant User',1,'');
/*!40000 ALTER TABLE `Participants` ENABLE KEYS */;
UNLOCK TABLES;

--
-- Table structure for table `PatchLog`
--

DROP TABLE IF EXISTS `PatchLog`;
/*!40101 SET @saved_cs_client     = @@character_set_client */;
/*!40101 SET character_set_client = utf8 */;
CREATE TABLE `PatchLog` (
  `patchname` varchar(40) DEFAULT NULL,
  `timestamp` timestamp NOT NULL DEFAULT CURRENT_TIMESTAMP
) ENGINE=InnoDB DEFAULT CHARSET=utf8 ROW_FORMAT=DYNAMIC;
/*!40101 SET character_set_client = @saved_cs_client */;

--
-- Dumping data for table `PatchLog`
--

LOCK TABLES `PatchLog` WRITE;
/*!40000 ALTER TABLE `PatchLog` DISABLE KEYS */;
INSERT INTO `PatchLog` VALUES ('9-26-12 Rollup all previous patches','2012-09-26 00:00:00');
/*!40000 ALTER TABLE `PatchLog` ENABLE KEYS */;
UNLOCK TABLES;

--
-- Table structure for table `PermissionAtoms`
--

DROP TABLE IF EXISTS `PermissionAtoms`;
/*!40101 SET @saved_cs_client     = @@character_set_client */;
/*!40101 SET character_set_client = utf8 */;
CREATE TABLE `PermissionAtoms` (
  `permatomid` int(11) NOT NULL AUTO_INCREMENT,
  `permatomtag` varchar(20) NOT NULL DEFAULT '',
  `elementid` int(11) DEFAULT NULL,
  `page` varchar(30) DEFAULT NULL,
  `notes` text,
  PRIMARY KEY (`permatomid`),
  UNIQUE KEY `taginx` (`permatomtag`,`elementid`)
) ENGINE=InnoDB AUTO_INCREMENT=16 DEFAULT CHARSET=utf8;
/*!40101 SET character_set_client = @saved_cs_client */;

--
-- Dumping data for table `PermissionAtoms`
--

LOCK TABLES `PermissionAtoms` WRITE;
/*!40000 ALTER TABLE `PermissionAtoms` DISABLE KEYS */;
INSERT INTO `PermissionAtoms` VALUES (1,'Staff',NULL,'renderWelcome','Enables staff menu link'),(2,'Administrator',NULL,'many','Use to be determined'),(3,'Participant',NULL,'many','Use to be determined'),(4,'EditBio',NULL,'renderMyContact','Allow write to biography on my contact page'),(5,'my_availability',NULL,'ParticipantHeader','Enables menu option throughout participant section and enables page.'),(6,'search_panels',NULL,'ParticipantHeader','Enables menu option throughout participant section and enables page.'),(7,'my_panel_interests',NULL,'ParticipantHeader','Enables menu option throughout participant section and enables page.'),(8,'my_schedule',NULL,'ParticipantHeader','Enables menu option throughout participant section and enables page.'),(9,'my_suggestions_write',NULL,'MySuggestions','Enables write access to the form elements on the page MySuggestions.'),(10,'my_gen_int_write',NULL,'MyGeneralInterests','Enables write access to the form elements on the page My General Interests'),(11,'BrainstormSubmit',NULL,'EditCreateSession','Brainstorm user can create session'),(12,'BS_sear_sess',NULL,'SearchSessions','Brainstorm user can view sessions'),(13,'public_login',NULL,'Login','Brainstorm user can log in'),(14,'SendEmail',NULL,'StaffManageParticipants','Access to Send email set of pages'),(15,'postcon',NULL,'renderWelcome','Forces participant welcome page to display only post con message.');
/*!40000 ALTER TABLE `PermissionAtoms` ENABLE KEYS */;
UNLOCK TABLES;

--
-- Table structure for table `PermissionRoles`
--

DROP TABLE IF EXISTS `PermissionRoles`;
/*!40101 SET @saved_cs_client     = @@character_set_client */;
/*!40101 SET character_set_client = utf8 */;
CREATE TABLE `PermissionRoles` (
  `permroleid` int(11) NOT NULL AUTO_INCREMENT,
  `permrolename` varchar(100) DEFAULT NULL,
  `notes` text,
  PRIMARY KEY (`permroleid`)
) ENGINE=InnoDB AUTO_INCREMENT=8 DEFAULT CHARSET=utf8 ROW_FORMAT=DYNAMIC;
/*!40101 SET character_set_client = @saved_cs_client */;

--
-- Dumping data for table `PermissionRoles`
--

LOCK TABLES `PermissionRoles` WRITE;
/*!40000 ALTER TABLE `PermissionRoles` DISABLE KEYS */;
INSERT INTO `PermissionRoles` VALUES (1,'Administrator','Use to be determined'),(2,'Staff','Can access staff pages'),(3,'Program Participant','Use to be determined'),(4,'Brainstorm','Use for Brainstorm pages'),(5,'Event Participant','Can\'t even log in.  Just for bulk email.'),(6,'Event Organizer','Can\'t even log in.  Just for bulk email.'),(7,'Children\'s Services Participant','Can\'t even log in.  Just for bulk email.');
/*!40000 ALTER TABLE `PermissionRoles` ENABLE KEYS */;
UNLOCK TABLES;

--
-- Table structure for table `Permissions`
--

DROP TABLE IF EXISTS `Permissions`;
/*!40101 SET @saved_cs_client     = @@character_set_client */;
/*!40101 SET character_set_client = utf8 */;
CREATE TABLE `Permissions` (
  `permissionid` int(11) NOT NULL AUTO_INCREMENT,
  `permatomid` int(11) NOT NULL DEFAULT '0',
  `phaseid` int(11) DEFAULT '0' COMMENT 'null indicates all phases',
  `permroleid` int(11) DEFAULT '0' COMMENT 'null indicates not applicable',
  `badgeid` int(11) DEFAULT '0' COMMENT 'null indicates not applicable',
  PRIMARY KEY (`permissionid`),
  UNIQUE KEY `unique1` (`permatomid`,`phaseid`,`permroleid`,`badgeid`),
  KEY `FK_Permissions` (`phaseid`),
  KEY `FK_PRoles` (`permroleid`),
  CONSTRAINT `Permissions_ibfk_1` FOREIGN KEY (`permatomid`) REFERENCES `PermissionAtoms` (`permatomid`),
  CONSTRAINT `Permissions_ibfk_2` FOREIGN KEY (`phaseid`) REFERENCES `Phases` (`phaseid`),
  CONSTRAINT `Permissions_ibfk_3` FOREIGN KEY (`permroleid`) REFERENCES `PermissionRoles` (`permroleid`)
) ENGINE=InnoDB AUTO_INCREMENT=25 DEFAULT CHARSET=utf8 ROW_FORMAT=DYNAMIC COMMENT='InnoDB free: 4096 kB';
/*!40101 SET character_set_client = @saved_cs_client */;

--
-- Dumping data for table `Permissions`
--

LOCK TABLES `Permissions` WRITE;
/*!40000 ALTER TABLE `Permissions` DISABLE KEYS */;
INSERT INTO `Permissions` VALUES (1,1,NULL,2,NULL),(24,3,NULL,2,NULL),(2,3,1,3,NULL),(3,4,2,2,NULL),(4,4,2,3,NULL),(5,5,3,2,NULL),(6,5,3,3,NULL),(9,6,4,2,NULL),(10,6,4,3,NULL),(11,7,4,2,NULL),(12,7,4,3,NULL),(13,8,5,2,NULL),(14,8,5,3,NULL),(7,10,3,2,NULL),(8,10,3,3,NULL),(15,12,7,2,NULL),(17,12,7,3,NULL),(16,14,NULL,1,NULL),(23,15,8,3,NULL);
/*!40000 ALTER TABLE `Permissions` ENABLE KEYS */;
UNLOCK TABLES;

--
-- Table structure for table `Phases`
--

DROP TABLE IF EXISTS `Phases`;
/*!40101 SET @saved_cs_client     = @@character_set_client */;
/*!40101 SET character_set_client = utf8 */;
CREATE TABLE `Phases` (
  `phaseid` int(11) NOT NULL AUTO_INCREMENT,
  `phasename` varchar(100) DEFAULT NULL,
  `current` tinyint(1) DEFAULT '0',
  `notes` text,
  PRIMARY KEY (`phaseid`)
) ENGINE=InnoDB AUTO_INCREMENT=9 DEFAULT CHARSET=utf8;
/*!40101 SET character_set_client = @saved_cs_client */;

--
-- Dumping data for table `Phases`
--

LOCK TABLES `Phases` WRITE;
/*!40000 ALTER TABLE `Phases` DISABLE KEYS */;
INSERT INTO `Phases` VALUES (1,'Invitation',1,'Welcome, My Profile, My Suggestions and My General Interests'),(2,'Edit Bio',1,'Parts. have write access to their biography'),(3,'Availability',1,'Add on My Availability'),(4,'Panel Sign Up',1,'Add on Search Panels and My Panel Interests'),(5,'Show Schedule',1,'Add on My Schedule'),(6,'Suggestions',1,'Allow write access to My Suggestions and My General Interests.'),(7,'Brainstorm',0,'Special brainstorm pages are accessible.'),(8,'Post Con',0,'Participants see only the post con message and can\'t do anything.');
/*!40000 ALTER TABLE `Phases` ENABLE KEYS */;
UNLOCK TABLES;

--
-- Table structure for table `PreviousConTracks`
--

DROP TABLE IF EXISTS `PreviousConTracks`;
/*!40101 SET @saved_cs_client     = @@character_set_client */;
/*!40101 SET character_set_client = utf8 */;
CREATE TABLE `PreviousConTracks` (
  `previousconid` int(11) NOT NULL,
  `previoustrackid` int(11) NOT NULL,
  `trackname` varchar(50) DEFAULT NULL,
  PRIMARY KEY (`previousconid`,`previoustrackid`),
  KEY `previousconid` (`previousconid`),
  CONSTRAINT `PreviousCons_ibfk_1` FOREIGN KEY (`previousconid`) REFERENCES `PreviousCons` (`previousconid`)
) ENGINE=InnoDB DEFAULT CHARSET=utf8;
/*!40101 SET character_set_client = @saved_cs_client */;

--
-- Dumping data for table `PreviousConTracks`
--

LOCK TABLES `PreviousConTracks` WRITE;
/*!40000 ALTER TABLE `PreviousConTracks` DISABLE KEYS */;
/*!40000 ALTER TABLE `PreviousConTracks` ENABLE KEYS */;
UNLOCK TABLES;

--
-- Table structure for table `PreviousCons`
--

DROP TABLE IF EXISTS `PreviousCons`;
/*!40101 SET @saved_cs_client     = @@character_set_client */;
/*!40101 SET character_set_client = utf8 */;
CREATE TABLE `PreviousCons` (
  `previousconid` int(11) NOT NULL AUTO_INCREMENT,
  `previousconname` varchar(128) DEFAULT NULL,
  `display_order` int(11) DEFAULT NULL,
  PRIMARY KEY (`previousconid`)
) ENGINE=InnoDB AUTO_INCREMENT=5 DEFAULT CHARSET=utf8;
/*!40101 SET character_set_client = @saved_cs_client */;

--
-- Dumping data for table `PreviousCons`
--

LOCK TABLES `PreviousCons` WRITE;
/*!40000 ALTER TABLE `PreviousCons` DISABLE KEYS */;
/*!40000 ALTER TABLE `PreviousCons` ENABLE KEYS */;
UNLOCK TABLES;

--
-- Table structure for table `PreviousParticipants`
--

DROP TABLE IF EXISTS `PreviousParticipants`;
/*!40101 SET @saved_cs_client     = @@character_set_client */;
/*!40101 SET character_set_client = utf8 */;
CREATE TABLE `PreviousParticipants` (
  `badgeid` varchar(15) NOT NULL,
  `bio` text,
  `staff_notes` text,
  PRIMARY KEY (`badgeid`)
) ENGINE=InnoDB DEFAULT CHARSET=utf8;
/*!40101 SET character_set_client = @saved_cs_client */;

--
-- Dumping data for table `PreviousParticipants`
--

LOCK TABLES `PreviousParticipants` WRITE;
/*!40000 ALTER TABLE `PreviousParticipants` DISABLE KEYS */;
/*!40000 ALTER TABLE `PreviousParticipants` ENABLE KEYS */;
UNLOCK TABLES;

--
-- Table structure for table `PreviousSessions`
--

DROP TABLE IF EXISTS `PreviousSessions`;
/*!40101 SET @saved_cs_client     = @@character_set_client */;
/*!40101 SET character_set_client = utf8 */;
CREATE TABLE `PreviousSessions` (
  `previousconid` int(11) NOT NULL,
  `previoussessionid` int(11) NOT NULL,
  `previoustrackid` int(11) NOT NULL,
  `previousstatusid` int(11) NOT NULL,
  `typeid` int(11) NOT NULL,
  `divisionid` int(11) NOT NULL,
  `languagestatusid` int(11) DEFAULT NULL,
  `title` varchar(100) DEFAULT NULL,
  `secondtitle` varchar(100) DEFAULT NULL,
  `pocketprogtext` text,
  `progguiddesc` text,
  `persppartinfo` text,
  `duration` time DEFAULT NULL,
  `estatten` int(11) DEFAULT NULL,
  `kidscatid` int(11) NOT NULL,
  `signupreq` tinyint(1) DEFAULT NULL,
  `notesforpart` text,
  `notesforprog` text,
  `invitedguest` tinyint(1) DEFAULT NULL,
  `importedsessionid` int(11) DEFAULT NULL,
  PRIMARY KEY (`previousconid`,`previoussessionid`),
  KEY `previousconid` (`previousconid`),
  KEY `previoustrackid` (`previousconid`,`previoustrackid`),
  KEY `previousstatusid` (`previousstatusid`),
  KEY `typeid` (`typeid`),
  KEY `divisionid` (`divisionid`),
  KEY `languagestatusid` (`languagestatusid`),
  KEY `kidscatid` (`kidscatid`),
  CONSTRAINT `PreviousSessions_ibfk_1` FOREIGN KEY (`previousconid`) REFERENCES `PreviousCons` (`previousconid`),
  CONSTRAINT `PreviousSessions_ibfk_2` FOREIGN KEY (`previousconid`, `previoustrackid`) REFERENCES `PreviousConTracks` (`previousconid`, `previoustrackid`),
  CONSTRAINT `PreviousSessions_ibfk_3` FOREIGN KEY (`previousstatusid`) REFERENCES `SessionStatuses` (`statusid`),
  CONSTRAINT `PreviousSessions_ibfk_4` FOREIGN KEY (`typeid`) REFERENCES `Types` (`typeid`),
  CONSTRAINT `PreviousSessions_ibfk_5` FOREIGN KEY (`divisionid`) REFERENCES `Divisions` (`divisionid`),
  CONSTRAINT `PreviousSessions_ibfk_6` FOREIGN KEY (`languagestatusid`) REFERENCES `LanguageStatuses` (`languagestatusid`),
  CONSTRAINT `PreviousSessions_ibfk_7` FOREIGN KEY (`kidscatid`) REFERENCES `KidsCategories` (`kidscatid`)
) ENGINE=InnoDB DEFAULT CHARSET=utf8;
/*!40101 SET character_set_client = @saved_cs_client */;

--
-- Dumping data for table `PreviousSessions`
--

LOCK TABLES `PreviousSessions` WRITE;
/*!40000 ALTER TABLE `PreviousSessions` DISABLE KEYS */;
/*!40000 ALTER TABLE `PreviousSessions` ENABLE KEYS */;
UNLOCK TABLES;

--
-- Table structure for table `PubCharacteristics`
--

DROP TABLE IF EXISTS `PubCharacteristics`;
/*!40101 SET @saved_cs_client     = @@character_set_client */;
/*!40101 SET character_set_client = utf8 */;
CREATE TABLE `PubCharacteristics` (
  `pubcharid` int(11) NOT NULL AUTO_INCREMENT,
  `pubcharname` varchar(30) DEFAULT NULL,
  `pubchartag` varchar(10) DEFAULT NULL,
  `display_order` int(11) NOT NULL DEFAULT '0',
  PRIMARY KEY (`pubcharid`)
) ENGINE=InnoDB AUTO_INCREMENT=5 DEFAULT CHARSET=utf8;
/*!40101 SET character_set_client = @saved_cs_client */;

--
-- Dumping data for table `PubCharacteristics`
--

LOCK TABLES `PubCharacteristics` WRITE;
/*!40000 ALTER TABLE `PubCharacteristics` DISABLE KEYS */;
INSERT INTO `PubCharacteristics` VALUES (1,'35mm','35mm',1),(2,'16mm','16mm',2),(3,'dubbed','dubbed',3),(4,'anime','anime',4);
/*!40000 ALTER TABLE `PubCharacteristics` ENABLE KEYS */;
UNLOCK TABLES;

--
-- Table structure for table `PubStatuses`
--

DROP TABLE IF EXISTS `PubStatuses`;
/*!40101 SET @saved_cs_client     = @@character_set_client */;
/*!40101 SET character_set_client = utf8 */;
CREATE TABLE `PubStatuses` (
  `pubstatusid` int(11) NOT NULL AUTO_INCREMENT,
  `pubstatusname` varchar(12) DEFAULT NULL,
  `display_order` int(11) NOT NULL DEFAULT '0',
  PRIMARY KEY (`pubstatusid`)
) ENGINE=InnoDB AUTO_INCREMENT=4 DEFAULT CHARSET=utf8 ROW_FORMAT=DYNAMIC;
/*!40101 SET character_set_client = @saved_cs_client */;

--
-- Dumping data for table `PubStatuses`
--

LOCK TABLES `PubStatuses` WRITE;
/*!40000 ALTER TABLE `PubStatuses` DISABLE KEYS */;
INSERT INTO `PubStatuses` VALUES (1,'Public',1),(2,'Do not print',2);
/*!40000 ALTER TABLE `PubStatuses` ENABLE KEYS */;
UNLOCK TABLES;

--
-- Table structure for table `RegTypes`
--

DROP TABLE IF EXISTS `RegTypes`;
/*!40101 SET @saved_cs_client     = @@character_set_client */;
/*!40101 SET character_set_client = utf8 */;
CREATE TABLE `RegTypes` (
  `regtype` varchar(40) NOT NULL DEFAULT '',
  `message` varchar(100) DEFAULT NULL,
  PRIMARY KEY (`regtype`)
) ENGINE=InnoDB DEFAULT CHARSET=utf8;
/*!40101 SET character_set_client = @saved_cs_client */;

--
-- Dumping data for table `RegTypes`
--

LOCK TABLES `RegTypes` WRITE;
/*!40000 ALTER TABLE `RegTypes` DISABLE KEYS */;
/*!40000 ALTER TABLE `RegTypes` ENABLE KEYS */;
UNLOCK TABLES;

--
-- Table structure for table `ReportCategories`
--

DROP TABLE IF EXISTS `ReportCategories`;
/*!40101 SET @saved_cs_client     = @@character_set_client */;
/*!40101 SET character_set_client = utf8 */;
CREATE TABLE `ReportCategories` (
  `reportcategoryid` int(11) NOT NULL AUTO_INCREMENT,
  `description` varchar(50) DEFAULT NULL,
  `display_order` int(11) NOT NULL,
  PRIMARY KEY (`reportcategoryid`)
) ENGINE=InnoDB AUTO_INCREMENT=16 DEFAULT CHARSET=latin1;
/*!40101 SET character_set_client = @saved_cs_client */;

--
-- Dumping data for table `ReportCategories`
--

LOCK TABLES `ReportCategories` WRITE;
/*!40000 ALTER TABLE `ReportCategories` DISABLE KEYS */;
INSERT INTO `ReportCategories` VALUES (1,'Conflict Reports',1),(2,'Events Reports',2),(3,'Gaming Reports',4),(4,'Programming Reports',7),(5,'Zambia Administration Reports',11),(6,'Fast Track Reports',3),(7,'GOH Reports',5),(8,'Hotel Reports',6),(9,'Publication Reports',8),(10,'Registration Reports',9),(11,'Tech Reports',10),(12,'Reports downloadable as CSVs',12),(13,'Grid Reports',13),(14,'Arisia TV Reports',14),(15,'Security Reports',15);
/*!40000 ALTER TABLE `ReportCategories` ENABLE KEYS */;
UNLOCK TABLES;

--
-- Table structure for table `ReportQueries`
--

DROP TABLE IF EXISTS `ReportQueries`;
/*!40101 SET @saved_cs_client     = @@character_set_client */;
/*!40101 SET character_set_client = utf8 */;
CREATE TABLE `ReportQueries` (
  `reportqueryid` int(11) NOT NULL AUTO_INCREMENT,
  `reporttypeid` int(11) NOT NULL,
  `queryname` varchar(25) NOT NULL,
  `query` text,
  PRIMARY KEY (`reportqueryid`),
  KEY `FK_ReportQueries` (`reporttypeid`),
  CONSTRAINT `FK_ReportQueries` FOREIGN KEY (`reporttypeid`) REFERENCES `ReportTypes` (`reporttypeid`)
) ENGINE=InnoDB AUTO_INCREMENT=70 DEFAULT CHARSET=latin1;
/*!40101 SET character_set_client = @saved_cs_client */;

--
-- Dumping data for table `ReportQueries`
--

LOCK TABLES `ReportQueries` WRITE;
/*!40000 ALTER TABLE `ReportQueries` DISABLE KEYS */;
INSERT INTO `ReportQueries` VALUES (1,8,'schedule','SELECT\r\n			DATE_FORMAT(ADDTIME(\'$ConStartDatim$\',SCH.starttime),\'%a %l:%i %p\') AS starttime,\r\n            T.trackname,\r\n            S.sessionid,\r\n            S.title\r\n	FROM\r\n			Sessions S\r\n	   JOIN Schedule SCH USING (sessionid)\r\n	   JOIN Tracks T USING (trackid)\r\n	WHERE\r\n		S.divisionid = 2\r\n	ORDER BY\r\n		T.trackname,\r\n		SCH.starttime'),(2,81,'rooms','SELECT\r\n		R.roomname,\r\n		R.roomid\r\n	FROM\r\n		Rooms R\r\n	WHERE\r\n		R.roomid in\r\n			(SELECT DISTINCT SCH.roomid\r\n				FROM\r\n						Schedule SCH\r\n				   JOIN Sessions S USING (sessionid)\r\n				   JOIN SessionHasService SHS USING (sessionid)\r\n				WHERE\r\n					SHS.serviceid in (2,7)\r\n			)\r\n	ORDER BY\r\n        R.display_order;'),(3,81,'times','SELECT DISTINCT DATE_FORMAT(ADDTIME(\"$ConStartDatim$\",SCH.starttime),\"%a %l:%i %p\") as starttimeFMT, SCH.starttime\r\n	FROM\r\n			Schedule SCH\r\n	   JOIN Sessions S USING (sessionid)\r\n	   JOIN SessionHasService SHS USING (sessionid)\r\n	WHERE\r\n		SHS.serviceid in (2,7)\r\n	ORDER BY\r\n		SCH.starttime'),(4,81,'sessions','SELECT SCH.starttime, SCH.sessionid, SCH.roomid, DATE_FORMAT(S.duration,\"%l:%i\") as duration, S.title, TR.trackname, TY.typename \r\n	FROM\r\n			Schedule SCH\r\n	   JOIN Sessions S USING (sessionid)\r\n	   JOIN SessionHasService SHS USING (sessionid)\r\n	   JOIN Tracks TR USING (trackid)\r\n	   JOIN Types TY USING (typeid)\r\n	WHERE\r\n		SHS.serviceid in (2,7)\r\n	ORDER BY\r\n		SCH.starttime'),(5,81,'services','SELECT SCH.sessionid, SVCS.servicename \r\n	FROM\r\n			Schedule SCH\r\n	   JOIN SessionHasService SHS USING (sessionid)\r\n	   JOIN Services SVCS USING (serviceid)\r\n	WHERE\r\n		SHS.serviceid in (2,7)\r\n	ORDER BY\r\n		SCH.sessionid'),(9,17,'users','SELECT\r\n		CD.badgeid, COALESCE(P.pubsname, CONCAT(CD.firstname,\" \",CD.lastname)) AS name\r\n	FROM\r\n		CongoDump CD\r\n	   JOIN Participants P USING (badgeid) \r\n	ORDER BY\r\n		CD.lastname'),(10,17,'user_roles','SELECT\r\n		CD.badgeid, PR.permrolename\r\n	FROM\r\n			CongoDump CD\r\n	   JOIN UserHasPermissionRole UHPR USING (badgeid)\r\n	   JOIN PermissionRoles PR USING (permroleid)'),(13,40,'conflict','SELECT\r\n		P.pubsname,\r\n		CNFLC.badgeid,\r\n		CD.firstname,\r\n		CD.lastname,\r\n		CNFLC.titlea,\r\n		TA.trackname as tracknamea,\r\n		RA.roomname as roomnamea,\r\n		CNFLC.roomida,\r\n		CNFLC.sessionida,\r\n		DATE_FORMAT(ADDTIME(\'$ConStartDatim$\',CNFLC.starttimea),\'%a %l:%i %p\') as starttimea,\r\n		DATE_FORMAT(CNFLC.durationa,\'%l:%i\') as durationa,\r\n		CNFLC.titleb,\r\n		TB.trackname as tracknameb,\r\n		RB.roomname as roomnameb,\r\n		CNFLC.roomidb,\r\n		CNFLC.sessionidb,\r\n		DATE_FORMAT(ADDTIME(\'$ConStartDatim$\',CNFLC.starttimeb),\'%a %l:%i %p\') as starttimeb,\r\n		DATE_FORMAT(CNFLC.durationb,\'%l:%i\') as durationb\r\n	FROM\r\n		(SELECT\r\n				POSA.badgeid, \r\n				SCHA.roomid AS roomida, \r\n				SCHA.sessionid AS sessionida, \r\n				SCHA.starttime AS starttimea, \r\n				ADDTIME(SCHA.starttime, SA.duration) AS endtimea, \r\n				SA.trackid AS trackida, \r\n				SA.duration AS durationa,\r\n				SA.title AS titlea,\r\n				SCHB.sessionid AS sessionidb, \r\n				SCHB.roomid AS roomidb, \r\n				SCHB.starttime AS starttimeb, \r\n				ADDTIME(SCHB.starttime, SB.duration) AS endtimeb, \r\n				SB.trackid AS trackidb,\r\n				SB.duration AS durationb,\r\n				SB.title AS titleb\r\n			FROM\r\n					Schedule SCHA\r\n			   JOIN Sessions SA ON SCHA.sessionid = SA.sessionid\r\n			   JOIN ParticipantOnSession POSA ON SA.sessionid = POSA.sessionid\r\n		 	   JOIN ParticipantOnSession POSB ON POSA.badgeid = POSB.badgeid\r\n		 	   JOIN Schedule SCHB ON POSB.sessionid = SCHB.sessionid\r\n			   JOIN Sessions SB ON SCHB.sessionid = SB.sessionid\r\n			WHERE\r\n					SCHA.sessionid < SCHB.sessionid\r\n				AND SCHA.starttime < ADDTIME(SCHB.starttime, SB.duration)\r\n				AND ADDTIME(SCHA.starttime, SA.duration) > SCHB.starttime\r\n			) AS CNFLC\r\n		JOIN Rooms RA ON CNFLC.roomida = RA.roomid \r\n		JOIN Rooms RB ON CNFLC.roomidb = RB.roomid \r\n		JOIN Tracks TA ON CNFLC.trackida = TA.trackid\r\n		JOIN Tracks TB ON CNFLC.trackidb = TB.trackid\r\n		JOIN Participants P ON CNFLC.badgeid = P.badgeid\r\n		JOIN CongoDump CD ON CNFLC.badgeid = CD.badgeid\r\n	ORDER BY\r\n		CD.lastname'),(14,89,'rooms','SELECT\r\n           R.roomid, R.roomname, R.height, R.dimensions, R.area, R.function, R.floor, R.notes,\r\n		DATE_FORMAT(ADDTIME(\'$ConStartDatim$\',R.opentime1),\'%a %l:%i %p\') opentime1,\r\n		DATE_FORMAT(ADDTIME(\'$ConStartDatim$\',R.closetime1),\'%a %l:%i %p\') closetime1,\r\n		DATE_FORMAT(ADDTIME(\'$ConStartDatim$\',R.opentime2),\'%a %l:%i %p\') opentime2,\r\n		DATE_FORMAT(ADDTIME(\'$ConStartDatim$\',R.closetime2),\'%a %l:%i %p\') closetime2,\r\n		DATE_FORMAT(ADDTIME(\'$ConStartDatim$\',R.opentime3),\'%a %l:%i %p\') opentime3,\r\n		DATE_FORMAT(ADDTIME(\'$ConStartDatim$\',R.closetime3),\'%a %l:%i %p\') closetime3,\r\n		IF(R.is_scheduled,\'Yes\',\'No\') AS is_scheduled,\r\n		IF(EXISTS (SELECT * FROM Schedule SCH WHERE SCH.roomid = R.roomid),\'Yes\',\'No\') AS scheduled\r\n    FROM\r\n           Rooms R\r\n    ORDER BY\r\n        R.display_order;'),(15,89,'roomsets','SELECT R.roomid, RS.roomsetname, RHS.capacity\r\n	FROM\r\n			 Rooms R\r\n		JOIN RoomHasSet RHS using (roomid)\r\n		JOIN RoomSets RS using (roomsetid)'),(16,91,'report','SELECT\r\n            DATE_FORMAT(ADDTIME(\"$ConStartDatim$\",SCH.starttime),\"%a\") AS startday,\r\n			DATE_FORMAT(ADDTIME(\"$ConStartDatim$\",SCH.starttime),\"%H:%i\") AS starttime,\r\n			DATE_FORMAT(ADDTIME(ADDTIME(\"$ConStartDatim$\",SCH.starttime),S.duration),\"%H:%i\") AS endtime,\r\n            SCH.roomid, R.roomname, S.sessionid, S.title, RS.roomsetname, S.servicenotes\r\n    FROM\r\n            Schedule SCH\r\n        JOIN\r\n            Sessions S USING (sessionid)\r\n        JOIN        \r\n            Rooms R USING (roomid)\r\n        JOIN\r\n            RoomSets RS USING (roomsetid)\r\n    WHERE\r\n           S.typeid=3\r\n        OR S.trackid=14\r\n    ORDER BY\r\n        SCH.starttime, R.display_order;'),(17,90,'report','SELECT\r\n            DATE_FORMAT(ADDTIME(\"$ConStartDatim$\",SCH.starttime),\"%a\") AS startday,\r\n			DATE_FORMAT(ADDTIME(\"$ConStartDatim$\",SCH.starttime),\"%H:%i\") AS starttime,\r\n			DATE_FORMAT(ADDTIME(ADDTIME(\"$ConStartDatim$\",SCH.starttime),S.duration),\"%H:%i\") AS endtime,\r\n            SCH.roomid, R.roomname, S.sessionid, S.title, RS.roomsetname, S.servicenotes\r\n    FROM\r\n            Schedule SCH\r\n        JOIN\r\n            Sessions S USING (sessionid)\r\n        JOIN        \r\n            Rooms R USING (roomid)\r\n        JOIN\r\n            RoomSets RS USING (roomsetid)\r\n    WHERE\r\n           S.typeid=3\r\n        OR S.trackid=14\r\n    ORDER BY\r\n        R.display_order, SCH.starttime;'),(18,80,'participants','SELECT\r\n		CONCAT(CD.lastname,\", \",CD.firstname) AS name, P.pubsname, CD.email,\r\n		CD.badgeid \r\n	FROM\r\n			CongoDump CD\r\n	   JOIN Participants P USING (badgeid)\r\n	WHERE\r\n		P.interested = 1\r\n	ORDER BY\r\n		CD.lastname, CD.firstname'),(19,80,'credentials','SELECT\r\n		P.badgeid, C.credentialname\r\n	FROM\r\n			Participants P\r\n	   JOIN ParticipantHasCredential PHC USING (badgeid)\r\n	   JOIN Credentials C USING (credentialid)\r\n	WHERE\r\n		P.interested = 1\r\n	ORDER BY\r\n		P.badgeid, C.display_order'),(20,32,'rooms','SELECT\r\n        R.roomname,\r\n        R.roomid\r\n    FROM\r\n        Rooms R\r\n    WHERE\r\n	R.roomid IN\r\n            (SELECT DISTINCT SCH.roomid\r\n                FROM\r\n		            `Schedule` SCH\r\n		       JOIN Sessions S USING (sessionid)\r\n                    WHERE\r\n                        S.pubstatusid = 2\r\n                )\r\n    ORDER BY\r\n        R.display_order;'),(21,32,'times','SELECT DISTINCT DATE_FORMAT(ADDTIME(\"$ConStartDatim$\",SCH.starttime),\"%a %l:%i %p\") AS starttimeFMT, SCH.starttime\r\n    FROM\r\n             Schedule SCH\r\n        JOIN Sessions S USING (sessionid)\r\n    WHERE\r\n        S.pubstatusid = 2\r\n    ORDER BY\r\n        SCH.starttime;'),(22,32,'sessions','SELECT SCH.starttime, SCH.sessionid, SCH.roomid, DATE_FORMAT(S.duration,\"%l:%i\") AS duration, S.title, TR.trackname, TY.typename \r\n    FROM\r\n             Schedule SCH\r\n        JOIN Sessions S USING (sessionid)\r\n        JOIN Tracks TR USING (trackid)\r\n        JOIN TYPES TY USING (typeid)\r\n    WHERE\r\n        S.pubstatusid = 2\r\n    ORDER BY\r\n        SCH.starttime;'),(23,44,'conflict','SELECT\r\n        R.roomid,\r\n        R.roomname,\r\n        SA.title AS titleA,\r\n        Asess AS sessionidA,\r\n        DATE_FORMAT(ADDTIME(\'$ConStartDatim$\',Astart),\'%a %l:%i %p\') AS starttimeA,\r\n        DATE_FORMAT(ADDTIME(\'$ConStartDatim$\',Aend),\'%a %l:%i %p\') AS endtimeA,\r\n        SB.title AS titleB,\r\n        Bsess AS sessionidB,\r\n        DATE_FORMAT(ADDTIME(\'$ConStartDatim$\',Bstart),\'%a %l:%i %p\') AS starttimeB,\r\n        DATE_FORMAT(ADDTIME(\'$ConStartDatim$\',Bend),\'%a %l:%i %p\') AS endtimeB\r\n    FROM\r\n        Sessions SA,\r\n        Sessions SB,\r\n        Rooms R,\r\n            (SELECT\r\n                     A.roomid,\r\n                     A.sessionid AS Asess,\r\n                     A.starttime AS Astart,\r\n                     ADDTIME(A.starttime, SA.duration) AS Aend,\r\n                     B.sessionid AS Bsess,\r\n                     B.starttime AS Bstart,\r\n                     ADDTIME(B.starttime, SB.duration) AS Bend\r\n                 FROM\r\n                     Schedule A,\r\n                     Schedule B,\r\n                     Sessions SA,\r\n                     Sessions SB\r\n                 WHERE\r\n                         A.roomid = B.roomid\r\n                     AND A.starttime<=B.starttime\r\n                     AND ADDTIME(A.starttime, SA.duration)>B.starttime\r\n                     AND A.sessionid<>B.sessionid\r\n                     AND A.sessionid=SA.sessionid\r\n                     AND B.sessionid=SB.sessionid)\r\n                 AS Foo\r\n     WHERE\r\n             Foo.roomid = R.roomid\r\n         AND Foo.Asess=SA.sessionid\r\n         AND Foo.Bsess=SB.sessionid;'),(24,52,'rooms','SELECT\r\n        R.roomname,\r\n        R.roomid\r\n    FROM\r\n        Rooms R\r\n    WHERE\r\n	R.roomid IN\r\n            (SELECT DISTINCT SCH.roomid\r\n                FROM\r\n		            `Schedule` SCH\r\n		       JOIN Sessions S USING (sessionid)\r\n                    WHERE\r\n                        S.divisionid = 3\r\n                )\r\n    ORDER BY\r\n        R.display_order;\r\n'),(25,52,'times','SELECT DISTINCT DATE_FORMAT(ADDTIME(\"$ConStartDatim$\",SCH.starttime),\"%a %l:%i %p\") AS starttimeFMT, SCH.starttime\r\n    FROM\r\n             Schedule SCH\r\n        JOIN Sessions S USING (sessionid)\r\n    WHERE\r\n            S.pubstatusid = 2\r\n        AND SCH.roomid IN\r\n            (SELECT DISTINCT SCH.roomid\r\n                FROM\r\n    	            Schedule SCH\r\n    	       JOIN Sessions S USING (sessionid)\r\n                    WHERE\r\n                        S.divisionid = 3\r\n                )\r\n    ORDER BY\r\n        SCH.starttime;\r\n'),(26,52,'sessions','SELECT SCH.starttime, SCH.sessionid, SCH.roomid, DATE_FORMAT(S.duration,\"%l:%i\") AS duration, S.title \r\n    FROM\r\n             Schedule SCH\r\n        JOIN Sessions S USING (sessionid)\r\n    WHERE\r\n            S.pubstatusid = 2\r\n        AND SCH.roomid IN\r\n            (SELECT DISTINCT SCH.roomid\r\n                FROM\r\n    	            Schedule SCH\r\n    	       JOIN Sessions S USING (sessionid)\r\n                    WHERE\r\n                        S.divisionid = 3\r\n                )\r\n    ORDER BY\r\n        SCH.starttime;\r\n'),(27,51,'rooms','SELECT\r\n        R.roomname,\r\n        R.roomid\r\n    FROM\r\n        Rooms R\r\n    WHERE\r\n	R.roomid IN\r\n            (SELECT DISTINCT SCH.roomid\r\n                FROM\r\n		            `Schedule` SCH\r\n		       JOIN Sessions S USING (sessionid)\r\n                    WHERE\r\n                        S.divisionid = 3\r\n                )\r\n    ORDER BY\r\n        R.display_order;\r\n'),(28,51,'times','SELECT DISTINCT DATE_FORMAT(ADDTIME(\"$ConStartDatim$\",SCH.starttime),\"%a %l:%i %p\") AS starttimeFMT, SCH.starttime\r\n    FROM\r\n             Schedule SCH\r\n        JOIN Sessions S USING (sessionid)\r\n    WHERE\r\n        SCH.roomid IN\r\n            (SELECT DISTINCT SCH.roomid\r\n                FROM\r\n    	            Schedule SCH\r\n    	       JOIN Sessions S USING (sessionid)\r\n                    WHERE\r\n                        S.divisionid = 3\r\n                )\r\n    ORDER BY\r\n        SCH.starttime;\r\n'),(29,51,'sessions','SELECT SCH.starttime, SCH.sessionid, SCH.roomid, DATE_FORMAT(S.duration,\"%l:%i\") AS duration, S.title \r\n    FROM\r\n             Schedule SCH\r\n        JOIN Sessions S USING (sessionid)\r\n    WHERE\r\n        SCH.roomid IN\r\n            (SELECT DISTINCT SCH.roomid\r\n                FROM\r\n    	            Schedule SCH\r\n    	       JOIN Sessions S USING (sessionid)\r\n                    WHERE\r\n                        S.divisionid = 3\r\n                )\r\n    ORDER BY\r\n        SCH.starttime;\r\n'),(30,54,'rooms','SELECT DISTINCT\r\n        R.roomname,\r\n        R.roomid\r\n    FROM\r\n             Rooms R\r\n        JOIN Schedule SCH USING (roomid)\r\n    ORDER BY\r\n        R.display_order;'),(31,54,'times','SELECT DISTINCT DATE_FORMAT(ADDTIME(\"$ConStartDatim$\",SCH.starttime),\"%a %l:%i %p\") AS starttimeFMT, SCH.starttime\r\n    FROM\r\n             Schedule SCH\r\n        JOIN Sessions S USING (sessionid)\r\n    ORDER BY\r\n        SCH.starttime;'),(32,54,'sessions','SELECT SCH.starttime, SCH.sessionid, SCH.roomid, DATE_FORMAT(S.duration,\"%l:%i\") AS duration, S.title\r\n    FROM\r\n             Schedule SCH\r\n        JOIN Sessions S USING (sessionid)\r\n    ORDER BY\r\n        SCH.starttime;\r\n'),(33,53,'sessions','SELECT\r\n        DATE_FORMAT(ADDTIME(\'$ConStartDatim$\',starttime),\'%a %l:%i %p\') as \'starttime\',\r\n        S.duration,\r\n        DATE_FORMAT(S.duration,\'%i\') as durationmin,\r\n        DATE_FORMAT(S.duration,\'%k\') as durationhrs,\r\n        R.roomid,\r\n        R.roomname,\r\n        R.function,\r\n        T.trackname,\r\n        S.sessionid,\r\n        S.title, \r\n        PS.pubstatusname\r\n    FROM\r\n            Schedule SCH\r\n       JOIN Sessions S USING (sessionid)\r\n       JOIN Tracks T USING (trackid)\r\n       JOIN Rooms R USING (roomid)\r\n       JOIN PubStatuses PS USING (pubstatusid)\r\n    WHERE\r\n        S.divisionid=3 # Events\r\n    ORDER BY\r\n        SCH.starttime,\r\n        R.roomname\r\n'),(34,53,'participants','SELECT\r\n        S.sessionid,\r\n        IFNULL(P.pubsname,CONCAT(CD.firstname, \' \', CD.lastname)) AS pubsname,\r\n        P.badgeid\r\n    FROM\r\n            Schedule SCH\r\n       JOIN Sessions S USING (sessionid)\r\n  LEFT JOIN ParticipantOnSession POS USING (sessionid)\r\n  LEFT JOIN Participants P USING (badgeid)\r\n  LEFT JOIN CongoDump CD USING (badgeid)\r\n    WHERE\r\n            S.divisionid=3 # Events\r\n        AND P.badgeid IS NOT NULL\r\n    ORDER BY\r\n        S.sessionid, P.pubsname;\r\n'),(35,77,'participants','SELECT\r\n        P.pubsname,\r\n        P.badgeid,\r\n        CD.regtype,\r\n        SUM(IF(S.divisionid=2,1,0)) AS program,\r\n        SUM(IF(S.divisionid=3,1,0)) AS events,\r\n        SUM(IF(S.divisionid!=2 AND S.divisionid!=3,1,0)) AS other\r\n    FROM\r\n	        Participants P\r\n	   JOIN CongoDump CD USING (badgeid)\r\n	   JOIN ParticipantOnSession POS USING (badgeid)\r\n	   JOIN Sessions S USING (sessionid) \r\n	   JOIN Schedule SCH USING (sessionid)\r\n    GROUP BY\r\n        P.badgeid\r\n    ORDER BY\r\n        CD.regtype, program desc;\r\n'),(36,57,'rooms','SELECT\r\n        R.roomname,\r\n        R.roomid\r\n    FROM\r\n        Rooms R\r\n    WHERE\r\n	    R.roomid IN\r\n            (SELECT DISTINCT SCH.roomid\r\n                FROM\r\n		                 Schedule SCH\r\n		            JOIN ParticipantOnSession POS USING (sessionid)\r\n		            JOIN UserHasPermissionRole UHPR USING (badgeid)\r\n                    WHERE\r\n                        UHPR.permroleid = 7 # GOH\r\n                )\r\n    ORDER BY\r\n        R.display_order;\r\n'),(37,57,'times','SELECT DISTINCT DATE_FORMAT(ADDTIME(\"$ConStartDatim$\",SCH.starttime),\"%a %l:%i %p\") AS starttimeFMT, SCH.starttime\r\n    FROM\r\n             Schedule SCH\r\n        JOIN ParticipantOnSession POS USING (sessionid)\r\n        JOIN UserHasPermissionRole UHPR USING (badgeid)\r\n    WHERE\r\n        UHPR.permroleid = 7 # GOH\r\n    ORDER BY\r\n        SCH.starttime;\r\n'),(38,57,'sessions','SELECT\r\n        SCH.starttime, SCH.sessionid, SCH.roomid, DATE_FORMAT(S.duration,\"%l:%i\") AS duration, S.title, TR.trackname, TY.typename \r\n    FROM\r\n             Schedule SCH\r\n        JOIN Sessions S USING (sessionid)\r\n        JOIN Tracks TR USING (trackid)\r\n        JOIN TYPES TY USING (typeid)\r\n    WHERE\r\n        S.sessionid IN (\r\n            SELECT DISTINCT POS.sessionid\r\n                FROM\r\n                         ParticipantOnSession POS\r\n                    JOIN UserHasPermissionRole UHPR USING (badgeid)    \r\n                WHERE\r\n                    UHPR.permroleid = 7 # GOH\r\n                )\r\n    ORDER BY\r\n        SCH.starttime;\r\n'),(39,108,'rooms','SELECT\r\n        R.roomname,\r\n        R.roomid\r\n    FROM\r\n        Rooms R\r\n    WHERE\r\n	R.roomid IN\r\n            (SELECT DISTINCT SCH.roomid\r\n                FROM\r\n		            `Schedule` SCH\r\n		       JOIN Sessions S USING (sessionid)\r\n                    WHERE\r\n                        S.divisionid = 2 # Programming\r\n                )\r\n    ORDER BY\r\n        R.display_order;\r\n'),(40,108,'times','SELECT DISTINCT DATE_FORMAT(ADDTIME(\"$ConStartDatim$\",SCH.starttime),\"%a %l:%i %p\") AS starttimeFMT, SCH.starttime\r\n    FROM\r\n             Schedule SCH\r\n        JOIN Sessions S USING (sessionid)\r\n    WHERE\r\n        SCH.roomid IN\r\n            (SELECT DISTINCT SCH.roomid\r\n                FROM\r\n    	            Schedule SCH\r\n    	       JOIN Sessions S USING (sessionid)\r\n                    WHERE\r\n                        S.divisionid = 2 # Programming\r\n                )\r\n    ORDER BY\r\n        SCH.starttime;\r\n'),(41,108,'sessions','SELECT SCH.starttime, SCH.sessionid, SCH.roomid, DATE_FORMAT(S.duration,\"%l:%i\") AS duration, S.title \r\n    FROM\r\n             Schedule SCH\r\n        JOIN Sessions S USING (sessionid)\r\n    WHERE\r\n            SCH.roomid IN\r\n                (SELECT DISTINCT SCH.roomid\r\n                    FROM\r\n    	                    Schedule SCH\r\n                       JOIN Sessions S USING (sessionid)\r\n                    WHERE\r\n                        S.divisionid = 2 # Programming\r\n                 )\r\n        AND S.divisionid = 2 # Programming\r\n    ORDER BY\r\n        SCH.starttime;\r\n'),(42,102,'rooms','SELECT DISTINCT\r\n        R.roomname,\r\n        R.roomid\r\n    FROM\r\n             Rooms R\r\n        JOIN Schedule SCH USING (roomid)\r\n        JOIN Sessions S USING (sessionid)\r\n    WHERE\r\n        S.pubstatusid != 2 # not public\r\n    ORDER BY\r\n        R.display_order;\r\n'),(43,102,'times','SELECT DISTINCT DATE_FORMAT(ADDTIME(\"$ConStartDatim$\",SCH.starttime),\"%a %l:%i %p\") AS starttimeFMT, SCH.starttime\r\n    FROM\r\n             Schedule SCH\r\n        JOIN Sessions S USING (sessionid)\r\n    WHERE\r\n        S.pubstatusid != 2 # not public\r\n    ORDER BY\r\n        SCH.starttime;'),(44,102,'sessions','SELECT SCH.starttime, SCH.sessionid, SCH.roomid, DATE_FORMAT(S.duration,\"%l:%i\") AS duration, S.title\r\n    FROM\r\n             Schedule SCH\r\n        JOIN Sessions S USING (sessionid)\r\n    WHERE\r\n        S.pubstatusid != 2 # not public\r\n    ORDER BY\r\n        SCH.starttime;\r\n'),(45,83,'rooms','SELECT\r\n        R.roomname,\r\n        R.roomid\r\n    FROM\r\n        Rooms R\r\n    WHERE\r\n	R.roomid IN\r\n            (SELECT DISTINCT SCH.roomid\r\n                FROM\r\n		            Schedule SCH\r\n		       JOIN Sessions S USING (sessionid)\r\n                    WHERE\r\n                            S.divisionid = 2 # Programming\r\n                        AND S.pubstatusid = 2 # public\r\n                )\r\n    ORDER BY\r\n        R.display_order;\r\n'),(46,83,'times','SELECT DISTINCT DATE_FORMAT(ADDTIME(\"$ConStartDatim$\",SCH.starttime),\"%a %l:%i %p\") AS starttimeFMT, SCH.starttime\r\n    FROM\r\n             Schedule SCH\r\n        JOIN Sessions S USING (sessionid)\r\n    WHERE\r\n        SCH.roomid IN\r\n            (SELECT DISTINCT SCH.roomid\r\n                FROM\r\n    	                 Schedule SCH\r\n    	            JOIN Sessions S USING (sessionid)\r\n                WHERE\r\n                        S.divisionid = 2 # Programming\r\n                    AND S.pubstatusid = 2 # public\r\n              )\r\n    ORDER BY\r\n        SCH.starttime;\r\n'),(47,83,'sessions','SELECT SCH.starttime, SCH.sessionid, SCH.roomid, DATE_FORMAT(S.duration,\"%l:%i\") AS duration, S.title \r\n    FROM\r\n             Schedule SCH\r\n        JOIN Sessions S USING (sessionid)\r\n    WHERE\r\n            SCH.roomid IN\r\n                (SELECT DISTINCT SCH.roomid\r\n                    FROM\r\n                             Schedule SCH\r\n                        JOIN Sessions S USING (sessionid)\r\n                    WHERE\r\n                            S.divisionid = 2 # Programming\r\n                        AND S.pubstatusid = 2 # public\r\n                  )\r\n        AND S.divisionid = 2 # Programming\r\n        AND S.pubstatusid = 2 # public\r\n    ORDER BY\r\n        SCH.starttime;\r\n'),(48,78,'participants','SELECT\r\n        P.pubsname,\r\n        P.badgeid,\r\n        CD.regtype,\r\n        SUM(IF(S.divisionid=2,1,0)) AS program,\r\n        SUM(IF(S.divisionid=3,1,0)) AS events,\r\n        SUM(IF(S.divisionid!=2 AND S.divisionid!=3,1,0)) AS other\r\n    FROM\r\n        Participants P\r\n   JOIN CongoDump CD USING (badgeid)\r\n   JOIN ParticipantOnSession POS USING (badgeid)\r\n   JOIN Sessions S USING (sessionid) \r\n   JOIN Schedule SCH USING (sessionid)\r\n    GROUP BY\r\n        P.badgeid\r\n    ORDER BY\r\n        P.pubsname;\r\n'),(49,49,'regtypes','SELECT DISTINCT\r\n        C.regtype\r\n    FROM\r\n                  CongoDump C \r\n        LEFT JOIN RegTypes R USING (regtype)\r\n    WHERE\r\n            R.regtype IS NULL\r\n        AND C.regtype IS NOT NULL\r\n    ORDER BY\r\n        C.Regtype;\r\n'),(50,50,'participants','SELECT\r\n        badgename, badgeid, regtype, lastname, firstname, phone, email, postaddress1,\r\n        postaddress2, postcity, poststate, postzip, postcountry\r\n    FROM\r\n        CongoDump\r\n    WHERE\r\n        badgeid IS NOT NULL\r\n    ORDER BY\r\n        badgename;\r\n'),(51,101,'staff','SELECT\r\n        badgeid,\r\n        if(P.pubsname is null or P.pubsname = \'\',concat(CD.firstname,\' \',CD.lastname),P.pubsname) as name,\r\n        if (P.password=\'4cb9c8a8048fd02294477fcb1a41191a\',\'changme\',\'OK\') as password\r\n    FROM\r\n             Participants P\r\n        JOIN CongoDump CD using (badgeid)\r\n    WHERE\r\n        P.badgeid in (SELECT badgeid FROM UserHasPermissionRole WHERE permroleid = 2) ##staff\r\n    ORDER BY\r\n        CD.lastname, CD.firstname;\r\n'),(52,101,'privileges','SELECT\r\n        UHPR.badgeid,\r\n        PR.permrolename\r\n    FROM\r\n             UserHasPermissionRole UHPR\r\n        JOIN PermissionRoles PR using (permroleid)\r\n    WHERE\r\n		UHPR.badgeid in (SELECT badgeid FROM UserHasPermissionRole WHERE permroleid = 2);\r\n'),(53,100,'sessions','SELECT\r\n        S.sessionid, S.title, T.trackname,\r\n        if (invitedguest,\'yes\',\'no\') as invitedguest,\r\n        S.servicenotes, S.notesforprog\r\n    FROM\r\n             Sessions S\r\n        JOIN Tracks T using (trackid) \r\n   WHERE\r\n            S.statusid in (1, 2, 3, 6, 7) ## Brainstorm, Vetted, Scheduled, Edit Me, Assigned\r\n        AND (\r\n                S.invitedguest=1\r\n             OR LENGTH(IFNULL(S.notesforprog,\"\"))>0\r\n             OR LENGTH(IFNULL(S.servicenotes,\"\"))>0\r\n             )\r\n    ORDER BY\r\n        S.sessionid;\r\n'),(54,6,'schedule','SELECT\r\n        DATE_FORMAT(ADDTIME(\'$ConStartDatim$\',SCH.starttime),\'%a %l:%i %p\') as starttime,\r\n        DATE_FORMAT(S.duration,\'%i\') as durationmin,\r\n        DATE_FORMAT(S.duration,\'%k\') as durationhrs,\r\n        R.roomname, \r\n        T.trackname,\r\n        S.sessionid,\r\n        S.title\r\n    FROM\r\n             Schedule SCH\r\n        JOIN Sessions S USING (sessionid)\r\n        JOIN Tracks T USING (trackid)\r\n        JOIN Rooms R USING (roomid)\r\n    WHERE\r\n        S.pubstatusid = 2 ## public\r\n    ORDER BY\r\n        SCH.starttime, T.trackname;\r\n'),(55,7,'schedule','SELECT\r\n            S.sessionid,\r\n            DATE_FORMAT(ADDTIME(\'$ConStartDatim$\',SCH.starttime),\'%a %l:%i %p\') AS starttime, \r\n            DATE_FORMAT(S.duration,\'%i\') as durationmin,\r\n            DATE_FORMAT(S.duration,\'%k\') as durationhrs,\r\n            R.roomname, \r\n            T.trackname,\r\n            S.sessionid,\r\n            S.title,\r\n            SEH.timestamp,\r\n            SEC.description\r\n    FROM\r\n            Sessions S \r\n       JOIN SessionEditHistory SEH USING (sessionid)\r\n       JOIN Schedule SCH USING (sessionid)\r\n       JOIN Tracks T USING (trackid) \r\n       JOIN Rooms R USING (roomid)\r\n       JOIN SessionEditCodes SEC USING (sessioneditcode)\r\n    WHERE\r\n            S.pubstatusid = 2 AND\r\n            SEH.timestamp >\'2012-01-01 00:00:00\' \r\n    ORDER BY\r\n            SEH.timestamp, \r\n            SCH.starttime,\r\n            T.trackname;\r\n'),(56,30,'participants','SELECT\r\n        CD.firstname, CD.lastname, P.pubsname, P.badgeid, P.interested\r\n	FROM\r\n	         Participants P\r\n	    JOIN CongoDump CD USING (badgeid)\r\n        JOIN UserHasPermissionRole UHPR USING (badgeid)\r\n    WHERE\r\n        UHPR.permroleid = 3 ## Program Participant\r\n    ORDER BY\r\n        P.pubsname;\r\n'),(57,10,'participants','SELECT\r\n        P.badgeid,\r\n        P.pubsname,\r\n        C.firstname,\r\n        C.lastname,\r\n        C.postaddress1,\r\n        C.postaddress2,\r\n        C.postcity,\r\n        C.poststate,\r\n        C.postzip,\r\n        C.postcountry,\r\n        SCH.sessioncount\r\n    FROM\r\n                  CongoDump C\r\n             JOIN Participants AS P USING (badgeid)\r\n        LEFT JOIN (SELECT\r\n                            POS1.badgeid AS badgeid, COUNT(SCH1.sessionid) AS sessioncount\r\n                        FROM\r\n                                 ParticipantOnSession POS1\r\n                            JOIN Schedule SCH1 USING (sessionid)\r\n                            JOIN Sessions S USING (sessionid)\r\n                            JOIN Tracks T USING (trackid)\r\n                        WHERE\r\n                            S.divisionid = 2 ## programming\r\n                        GROUP BY\r\n                            POS1.badgeid\r\n                    ) AS SCH USING (badgeid) \r\n    WHERE\r\n        SCH.sessioncount IS NOT NULL\r\n    GROUP BY \r\n        P.badgeid\r\n    ORDER BY\r\n        C.lastname, C.firstname\r\n'),(58,14,'sessions','SELECT\r\n        T.trackname,\r\n        S.sessionid,\r\n        S.title,\r\n        DATE_FORMAT(S.duration,\'%i\') as durationmin,\r\n        DATE_FORMAT(S.duration,\'%k\') as durationhrs\r\n    FROM\r\n             Sessions S\r\n        JOIN Tracks T USING (trackid)\r\n    ORDER BY\r\n        Trackname, S.sessionid;\r\n'),(59,14,'participants','SELECT\r\n        S.sessionid,\r\n        P.pubsname,\r\n        P.badgeid\r\n    FROM\r\n             Sessions S\r\n        JOIN ParticipantOnSession POS USING (sessionid)\r\n        JOIN Participants P USING (badgeid);\r\n'),(60,33,'sessions','SELECT\r\n        T.trackname,\r\n        S.sessionid,\r\n        S.title,\r\n        TY.typename,\r\n        COUNT(badgeid) AS assigned\r\n    FROM\r\n                  Sessions S\r\n             JOIN Tracks T USING (trackid)\r\n             JOIN Types TY USING (typeid)\r\n        LEFT JOIN ParticipantOnSession POS USING (sessionid)\r\n    WHERE\r\n            S.pubstatusid = 2 ## Public\r\n        AND S.statusid NOT IN (4,5,10) ## Dropped, Cancelled, or Duplicate\r\n        AND (\r\n                S.sessionid IN (SELECT sessionid FROM Schedule)\r\n             OR S.sessionid IN (SELECT sessionid FROM ParticipantOnSession)\r\n             )\r\n    GROUP BY\r\n        S.sessionid\r\n    HAVING\r\n        assigned < 4\r\n    ORDER BY\r\n        T.trackname, S.sessionid;\r\n'),(61,34,'sessions','SELECT\r\n        T.trackname,\r\n        S.sessionid,\r\n        S.title,\r\n        TY.typename,\r\n        COUNT(badgeid) AS assigned\r\n    FROM\r\n                  Sessions S\r\n             JOIN Tracks T USING (trackid)\r\n             JOIN Types TY USING (typeid)\r\n        LEFT JOIN ParticipantOnSession POS USING (sessionid)\r\n    WHERE\r\n            S.pubstatusid = 2 ## Public\r\n        AND S.statusid NOT IN (4,5,10) ## Dropped, Cancelled, or Duplicate\r\n        AND (\r\n                S.sessionid IN (SELECT sessionid FROM Schedule)\r\n             OR S.sessionid IN (SELECT sessionid FROM ParticipantOnSession)\r\n             )\r\n    GROUP BY\r\n        S.sessionid\r\n    HAVING\r\n        assigned > 5\r\n    ORDER BY\r\n        T.trackname, S.sessionid;\r\n'),(62,35,'sessions','SELECT\r\n        T.trackname,\r\n        S.sessionid,\r\n        S.title,\r\n        TY.typename,\r\n        COUNT(badgeid) AS assigned,\r\n        SUM(IFNULL(moderator,0)) AS moderator\r\n    FROM\r\n                  Sessions S\r\n             JOIN Tracks T USING (trackid)\r\n             JOIN Types TY USING (typeid)\r\n        LEFT JOIN ParticipantOnSession POS USING (sessionid)\r\n    WHERE\r\n            S.pubstatusid = 2 ## Public\r\n        AND S.statusid NOT IN (4,5,10) ## Dropped, Cancelled, or Duplicate\r\n        AND (\r\n                S.sessionid IN (SELECT sessionid FROM Schedule)\r\n             OR S.sessionid IN (SELECT sessionid FROM ParticipantOnSession)\r\n             )\r\n    GROUP BY\r\n        S.sessionid\r\n    HAVING\r\n            assigned > 1\r\n        AND moderator < 1\r\n    ORDER BY\r\n        T.trackname, S.sessionid;\r\n'),(63,36,'participants','SELECT\r\n        T.trackname,\r\n        S.sessionid,\r\n        S.title,\r\n        P.badgeid, \r\n        P.pubsname, \r\n        P.interested \r\n   FROM\r\n             Sessions S\r\n        JOIN Tracks T USING (trackid)\r\n        JOIN ParticipantOnSession POS USING (sessionid)\r\n        JOIN Participants P USING (badgeid)\r\n    WHERE\r\n            S.statusid NOT IN (4,5,10) ## Duplicate, Cancelled, or Dropped\r\n        AND IFNULL(P.interested,0) != 1\r\n    ORDER BY\r\n        T.trackname, P.badgeid;\r\n'),(64,37,'participants','SELECT\r\n        P.Badgeid, \r\n        P.Pubsname, \r\n        S.sessionid,\r\n        S.title,\r\n        T.trackname\r\n    FROM\r\n                  Sessions S\r\n             JOIN Tracks T USING (trackid)\r\n             JOIN ParticipantOnSession POS USING (sessionid)\r\n             JOIN Participants P USING (badgeid)\r\n        LEFT JOIN ParticipantSessionInterest PSI USING (sessionid, badgeid)\r\n    WHERE\r\n            PSI.sessionid IS NULL\r\n        AND S.typeid = 1 ## Panel\r\n    ORDER BY\r\n        T.trackname, S.sessionid;\r\n'),(65,38,'participants','SELECT\r\n        P.badgeid, \r\n        P.pubsname, \r\n        IFNULL(C.regtype, \' \') AS regtype, \r\n        SU.assigned\r\n    FROM \r\n                  Participants P \r\n             JOIN CongoDump C USING (badgeid)\r\n        LEFT JOIN (\r\n            SELECT\r\n                    POS.badgeid, COUNT(POS.sessionid) AS assigned\r\n                FROM\r\n                             ParticipantOnSession POS\r\n                        JOIN Schedule SCH USING (sessionid)\r\n                        JOIN Sessions S USING (sessionid)\r\n                    WHERE\r\n                            S.pubstatusid = 2 ## public\r\n                        AND S.typeid != 23 ## A. Alley\r\n                    GROUP BY\r\n                        POS.badgeid\r\n                   ) AS SU USING (badgeid)\r\n    WHERE\r\n	SU.assigned > 0\r\n    ORDER BY\r\n        C.regtype, SU.assigned DESC, C.lastname;\r\n'),(66,39,'participants','SELECT \r\n        FOO.badgeid, \r\n        P.pubsname, \r\n        TR.trackname, \r\n        FOO.sessionid,\r\n        Foo.title,\r\n        R.roomid,\r\n        R.roomname,\r\n        DATE_FORMAT(ADDTIME(\'2011-01-14 00:00:00\',FOO.starttime),\'%a %l:%i %p\') AS starttime,\r\n        DATE_FORMAT(ADDTIME(\'2011-01-14 00:00:00\',FOO.endtime),\'%a %l:%i %p\') AS endtime,\r\n        FOO.hours\r\n    FROM\r\n            (SELECT\r\n                    SCHD.badgeid, SCHD.trackid, SCHD.sessionid, SCHD.starttime, SCHD.endtime, \r\n                    SCHD.roomid, PAT.availabilitynum, HRS.hours, SCHD.title\r\n                FROM\r\n                            (SELECT\r\n                                    POS.badgeid, SCH.sessionid, SCH.starttime, SCH.roomid, ADDTIME(SCH.starttime,S.duration) AS endtime, \r\n                                    S.trackid, S.title\r\n                                FROM\r\n                                         Schedule SCH\r\n                                    JOIN ParticipantOnSession POS USING (Sessionid)\r\n                                    JOIN Sessions S USING (Sessionid)\r\n                            ) AS SCHD \r\n                    LEFT JOIN ParticipantAvailabilityTimes PAT ON\r\n                            SCHD.badgeid = PAT.badgeid \r\n                        AND SCHD.starttime >= PAT.starttime \r\n                        AND SCHD.endtime <= PAT.endtime \r\n                    LEFT JOIN \r\n                        (SELECT badgeid, SUM(HOUR(SUBTIME(endtime,starttime))) AS hours \r\n                            FROM ParticipantAvailabilityTimes \r\n                            GROUP BY badgeid\r\n                        ) AS HRS ON SCHD.badgeid = HRS.badgeid\r\n                HAVING PAT.availabilitynum IS NULL\r\n            ) AS FOO\r\n        JOIN Tracks TR USING (trackid)\r\n        JOIN Participants P USING (badgeid)\r\n        JOIN Rooms R USING (roomid)\r\n    HAVING\r\n        FOO.hours IS NOT NULL \r\n    ORDER BY\r\n        P.pubsname;\r\n'),(67,107,'sessions','SELECT\r\n        SCH.roomid,\r\n	R.roomname,\r\n        DATE_FORMAT(ADDTIME(\'$ConStartDatim$\',SCH.starttime),\'%a %l:%i %p\') as startTime, \r\n        S.duration,\r\n        TR.trackname, \r\n        S.sessionid,\r\n        S.title,\r\n        S.servicenotes \r\n    FROM\r\n             Sessions S\r\n        JOIN Tracks TR USING (trackid)\r\n        JOIN Schedule SCH USING (sessionid)\r\n        JOIN Rooms R USING (roomid)\r\n    WHERE\r\n            S.servicenotes IS NOT NULL\r\n        AND S.servicenotes!=\' \'\r\n        AND S.servicenotes!=\'\'\r\n        AND S.statusid NOT IN (4, 5, 10 ) ##dropped, cancelled, duplicate\r\n    ORDER BY\r\n        Roomname, Starttime;\r\n'),(68,60,'participants','SELECT\r\n        X.pubsname,\r\n        X.badgeid,\r\n        X.trackname, \r\n        X.sessionid,\r\n        X.title,\r\n        X.rank,\r\n        X.assigned,\r\n        IF(moderator IS NULL OR moderator=0,0,1) AS moderator,\r\n        Y.roomid,\r\n        Y.roomname,\r\n        DATE_FORMAT(ADDTIME(\'$ConStartDatim$\',Y.starttime),\'%a %l:%i %p\') AS startTime\r\n    FROM (\r\n        SELECT\r\n                PI.badgeid,\r\n                PI.pubsname,\r\n                PI.sessionid,\r\n                POS.sessionid AS assigned,\r\n                moderator,\r\n                title,\r\n                trackname,\r\n                rank\r\n            FROM (\r\n                        SELECT\r\n                                T.trackname,\r\n                                S.title,\r\n                                S.sessionid,\r\n                                P.badgeid,\r\n                                P.pubsname,\r\n                                PSI.rank\r\n                            FROM\r\n                                     Sessions S\r\n                                JOIN Tracks T USING(trackid)\r\n                                JOIN ParticipantSessionInterest PSI USING(sessionid)\r\n                                JOIN Participants P USING(badgeid)\r\n                            WHERE\r\n                                P.interested=1 \r\n                ) PI \r\n                LEFT JOIN ParticipantOnSession POS USING(badgeid, sessionid)\r\n        ) AS X \r\n        LEFT JOIN (\r\n                SELECT\r\n                        SCH.starttime,\r\n                        R.roomname,\r\n                        R.roomid,\r\n                        SCH.sessionid \r\n                    FROM\r\n                             SCHEDULE SCH\r\n                        JOIN Rooms R USING(roomid)\r\n                 ) AS Y USING(sessionid)\r\n    ORDER BY\r\n        SUBSTRING_INDEX(pubsname,\' \',-1), pubsname;\r\n'),(69,61,'participants','SELECT\r\n        X.pubsname,\r\n        X.badgeid,\r\n        X.trackname, \r\n        X.sessionid,\r\n        X.title,\r\n        X.rank,\r\n        X.assigned,\r\n        IF(moderator IS NULL OR moderator=0,0,1) AS moderator,\r\n        Y.roomid,\r\n        Y.roomname,\r\n        DATE_FORMAT(ADDTIME(\'$ConStartDatim$\',Y.starttime),\'%a %l:%i %p\') AS startTime\r\n    FROM (\r\n        SELECT\r\n                PI.badgeid,\r\n                PI.pubsname,\r\n                PI.sessionid,\r\n                POS.sessionid AS assigned,\r\n                moderator,\r\n                title,\r\n                trackname,\r\n                rank\r\n            FROM (\r\n                        SELECT\r\n                                T.trackname,\r\n                                S.title,\r\n                                S.sessionid,\r\n                                P.badgeid,\r\n                                P.pubsname,\r\n                                PSI.rank\r\n                            FROM\r\n                                     Sessions S\r\n                                JOIN Tracks T USING(trackid)\r\n                                JOIN ParticipantSessionInterest PSI USING(sessionid)\r\n                                JOIN Participants P USING(badgeid)\r\n                            WHERE\r\n                                P.interested=1 \r\n                ) PI \r\n                LEFT JOIN ParticipantOnSession POS USING(badgeid, sessionid)\r\n        ) AS X \r\n        LEFT JOIN (\r\n                SELECT\r\n                        SCH.starttime,\r\n                        R.roomname,\r\n                        R.roomid,\r\n                        SCH.sessionid \r\n                    FROM\r\n                             SCHEDULE SCH\r\n                        JOIN Rooms R USING(roomid)\r\n                 ) AS Y USING(sessionid)\r\n    ORDER BY\r\n        X.trackname, X.title\r\n');
/*!40000 ALTER TABLE `ReportQueries` ENABLE KEYS */;
UNLOCK TABLES;

--
-- Table structure for table `ReportTypes`
--

DROP TABLE IF EXISTS `ReportTypes`;
/*!40101 SET @saved_cs_client     = @@character_set_client */;
/*!40101 SET character_set_client = utf8 */;
CREATE TABLE `ReportTypes` (
  `reporttypeid` int(11) NOT NULL AUTO_INCREMENT,
  `title` varchar(200) NOT NULL,
  `description` text,
  `technology` varchar(200) DEFAULT NULL COMMENT 'notes for tracking migration only',
  `oldmechanism` tinyint(4) NOT NULL DEFAULT '0',
  `ondemand` tinyint(4) DEFAULT NULL COMMENT '=1 for all new tech and some old',
  `filename` varchar(35) DEFAULT NULL COMMENT 'populate only if oldmechanism = 1',
  `xsl` text COMMENT 'populate only if oldmechanism = 0',
  `download` tinyint(4) DEFAULT NULL COMMENT 'disregard if oldmechanism = 1',
  `downloadfilename` varchar(25) DEFAULT NULL COMMENT 'populate only if download = 1',
  `display_order` int(11) DEFAULT NULL,
  PRIMARY KEY (`reporttypeid`)
) ENGINE=InnoDB AUTO_INCREMENT=109 DEFAULT CHARSET=latin1;
/*!40101 SET character_set_client = @saved_cs_client */;

--
-- Dumping data for table `ReportTypes`
--

LOCK TABLES `ReportTypes` WRITE;
/*!40000 ALTER TABLE `ReportTypes` DISABLE KEYS */;
INSERT INTO `ReportTypes` VALUES (6,'Schedule','Below is the Panel, Events, Film, Anime, Video and Arisia TV schedule.','3a',0,1,'2finalschedbreifreport.php','<?xml version=\"1.0\" encoding=\"UTF-8\" ?>\r\n<xsl:stylesheet version=\"1.0\" xmlns:xsl=\"http://www.w3.org/1999/XSL/Transform\">\r\n    <xsl:output encoding=\"UTF-8\" indent=\"yes\" method=\"xml\" />\r\n    <xsl:include href=\"xsl/reportInclude.xsl\" />\r\n    <xsl:template match=\"/\">\r\n        <table class=\"report\">\r\n            <tr>\r\n                <th class=\"report\">Start Time</th>\r\n                <th class=\"report\">Duration</th>\r\n                <th class=\"report\">Room Name</th>\r\n                <th class=\"report\">Track Name</th>\r\n                <th class=\"report\">Session ID</th>\r\n                <th class=\"report\">Title</th>\r\n            </tr>\r\n            <xsl:apply-templates select=\"/doc/query[@queryName=\'schedule\']/row\"/>\r\n        </table>\r\n    </xsl:template>\r\n    <xsl:template match=\"/doc/query[@queryName=\'schedule\']/row\">\r\n        <tr>\r\n            <td class=\"report\"><xsl:value-of select=\"@starttime\" /></td>\r\n            <td class=\"report\">\r\n                <xsl:choose>\r\n                    <xsl:when test=\"@durationhrs=\'0\'\">\r\n                        <xsl:value-of select=\"@durationmin\" /> Min\r\n                    </xsl:when>\r\n                    <xsl:when test=\"@durationmin=\'00\'\">\r\n                        <xsl:value-of select=\"@durationhrs\" /> Hr\r\n                    </xsl:when>\r\n                    <xsl:otherwise>\r\n                        <xsl:value-of select=\"@durationhrs\" /> Hr <xsl:value-of select=\"@durationmin\" /> Min\r\n                    </xsl:otherwise>\r\n                </xsl:choose>\r\n            </td>\r\n            <td class=\"report\">\r\n                <xsl:call-template name=\"showRoomName\">\r\n                    <xsl:with-param name=\"roomid\" select = \"@roomid\" />\r\n                    <xsl:with-param name=\"roomname\" select = \"@roomname\" />\r\n                </xsl:call-template>\r\n            </td>\r\n            <td class=\"report\"><xsl:value-of select=\"@trackname\" /></td>\r\n            <td class=\"report\"><xsl:call-template name=\"showSessionid\"><xsl:with-param name=\"sessionid\" select = \"@sessionid\" /></xsl:call-template></td>\r\n            <td class=\"report\">\r\n                <xsl:call-template name=\"showSessionTitle\">\r\n                    <xsl:with-param name=\"sessionid\" select = \"@sessionid\" />\r\n                    <xsl:with-param name=\"title\" select = \"@title\" />\r\n                </xsl:call-template>\r\n            </td>\r\n        </tr>\r\n    </xsl:template>\r\n</xsl:stylesheet>\r\n',NULL,NULL,NULL),(7,'Schedule - brief diff','Recent changes to the PUBLIC Panel, Events, Film, Anime, Video and Arisia TV schedule.','3a',0,1,'2finalschedbriefdiffreport.php','<?xml version=\"1.0\" encoding=\"UTF-8\" ?>\r\n<xsl:stylesheet version=\"1.0\" xmlns:xsl=\"http://www.w3.org/1999/XSL/Transform\">\r\n    <xsl:output encoding=\"UTF-8\" indent=\"yes\" method=\"xml\" />\r\n    <xsl:include href=\"xsl/reportInclude.xsl\" />\r\n    <xsl:template match=\"/\">\r\n        <table class=\"report\">\r\n            <tr>\r\n                <th class=\"report\">Start Time</th>\r\n                <th class=\"report\">Duration</th>\r\n                <th class=\"report\">Room Name</th>\r\n                <th class=\"report\">Track Name</th>\r\n                <th class=\"report\">Session ID</th>\r\n                <th class=\"report\">Title</th>\r\n                <th class=\"report\">When Changed</th>\r\n                <th class=\"report\">Change Type</th>\r\n            </tr>\r\n            <xsl:apply-templates select=\"/doc/query[@queryName=\'schedule\']/row\"/>\r\n        </table>\r\n    </xsl:template>\r\n    <xsl:template match=\"/doc/query[@queryName=\'schedule\']/row\">\r\n        <tr>\r\n            <td class=\"report\"><xsl:value-of select=\"@starttime\" /></td>\r\n            <td class=\"report\">\r\n                <xsl:choose>\r\n                    <xsl:when test=\"@durationhrs=\'0\'\">\r\n                        <xsl:value-of select=\"@durationmin\" /> Min\r\n                    </xsl:when>\r\n                    <xsl:when test=\"@durationmin=\'00\'\">\r\n                        <xsl:value-of select=\"@durationhrs\" /> Hr\r\n                    </xsl:when>\r\n                    <xsl:otherwise>\r\n                        <xsl:value-of select=\"@durationhrs\" /> Hr <xsl:value-of select=\"@durationmin\" /> Min\r\n                    </xsl:otherwise>\r\n                </xsl:choose>\r\n            </td>\r\n            <td class=\"report\">\r\n                <xsl:call-template name=\"showRoomName\">\r\n                    <xsl:with-param name=\"roomid\" select = \"@roomid\" />\r\n                    <xsl:with-param name=\"roomname\" select = \"@roomname\" />\r\n                </xsl:call-template>\r\n            </td>\r\n            <td class=\"report\"><xsl:value-of select=\"@trackname\" /></td>\r\n            <td class=\"report\"><xsl:call-template name=\"showSessionid\"><xsl:with-param name=\"sessionid\" select = \"@sessionid\" /></xsl:call-template></td>\r\n            <td class=\"report\">\r\n                <xsl:call-template name=\"showSessionTitle\">\r\n                    <xsl:with-param name=\"sessionid\" select = \"@sessionid\" />\r\n                    <xsl:with-param name=\"title\" select = \"@title\" />\r\n                </xsl:call-template>\r\n            </td>\r\n            <td class=\"report\"><xsl:value-of select=\"@timestamp\" /></td>\r\n            <td class=\"report\"><xsl:value-of select=\"@description\" /></td>\r\n        </tr>\r\n    </xsl:template>\r\n</xsl:stylesheet>\r\n',NULL,NULL,NULL),(8,'Preliminary Programming Schedule ','Preliminary list of all scheduled \"Programming\" sessions.','3a',0,1,'2prelimschedbriefreport.php','<?xml version=\"1.0\" encoding=\"UTF-8\" ?>\r\n<xsl:stylesheet version=\"1.0\" xmlns:xsl=\"http://www.w3.org/1999/XSL/Transform\">\r\n    <xsl:output encoding=\"UTF-8\" indent=\"yes\" method=\"xml\" />\r\n    <xsl:include href=\"xsl/reportInclude.xsl\" />\r\n    <xsl:template match=\"/\">\r\n        <table class=\"report\">\r\n            <tr>\r\n                <th class=\"report\">Start Time</th>\r\n                <th class=\"report\">Track Name</th>\r\n                <th class=\"report\" title=\"Click on Session ID to edit session participants.\">Session Id</th>\r\n                <th class=\"report\" title=\"Click on Title to edit session details.\">Title</th>\r\n            </tr>\r\n            <xsl:apply-templates select=\"/doc/query[@queryName=\'schedule\']/row\" />\r\n        </table>\r\n    </xsl:template>\r\n    <xsl:template match=\"/doc/query[@queryName=\'schedule\']/row\">\r\n        <tr>\r\n            <td class=\"report\"><xsl:value-of select=\"@starttime\" /></td>\r\n            <td class=\"report\"><xsl:value-of select=\"@trackname\" /></td>\r\n            <td class=\"report\"><xsl:call-template name=\"showSessionid\"><xsl:with-param name=\"sessionid\" select = \"@sessionid\" /></xsl:call-template></td>\r\n            <td class=\"report\"><xsl:call-template name=\"showSessionTitle\"><xsl:with-param name=\"sessionid\" select = \"@sessionid\" /><xsl:with-param name=\"title\" select = \"@title\" /></xsl:call-template></td>\r\n        </tr>\r\n    </xsl:template>\r\n</xsl:stylesheet>\r\n',NULL,NULL,NULL),(9,'CSV - Full Participant Schedule for the Program Packet Merge ','pubsname, (day, time, duration, room, mod)','2',1,1,'4progpacketmergereport.php',NULL,NULL,NULL,NULL),(10,'Program Participant Thank you note query','Name, mailing address, and number of scheduled sessions for programming sessions only.','3a',0,1,'4progthankyounotereport.php','<?xml version=\"1.0\" encoding=\"UTF-8\" ?>\r\n<xsl:stylesheet version=\"1.0\" xmlns:xsl=\"http://www.w3.org/1999/XSL/Transform\">\r\n    <xsl:output encoding=\"UTF-8\" indent=\"yes\" method=\"html\" />\r\n    <xsl:include href=\"xsl/reportInclude.xsl\" />\r\n    <xsl:template match=\"/\">\r\n        <table class=\"report\">\r\n            <tr>\r\n                <th rowspan=\"2\" class=\"report\">Congo Name</th>\r\n                <th rowspan=\"2\" class=\"report\">Pubs Name</th>\r\n                <th rowspan=\"2\" class=\"report\">Badge Id</th>\r\n                <th rowspan=\"2\" class=\"report\">Number of Sessions</th>\r\n                <th colspan=\"6\" class=\"report\">Postal Address</th>\r\n            </tr>\r\n            <tr>\r\n                <th class=\"report\">Address 1</th>\r\n                <th class=\"report\">Address 2</th>\r\n                <th class=\"report\">City</th>\r\n                <th class=\"report\">State</th>\r\n                <th class=\"report\">Zip</th>\r\n                <th class=\"report\">Country</th>\r\n            </tr>\r\n            <xsl:apply-templates select=\"/doc/query[@queryName=\'participants\']/row\"/>\r\n        </table>\r\n    </xsl:template>\r\n    <xsl:template match=\"/doc/query[@queryName=\'participants\']/row\">\r\n        <tr>\r\n            <td class=\"report\"><xsl:value-of select=\"@firstname\"/><xsl:text disable-output-escaping=\"yes\">&amp;nbsp;</xsl:text><xsl:value-of select=\"@lastname\"/></td>\r\n            <td class=\"report\"><xsl:value-of select=\"@pubsname\"/></td>\r\n            <td class=\"report\"><xsl:call-template name=\"showBadgeid\"><xsl:with-param name=\"badgeid\" select=\"@badgeid\"/></xsl:call-template></td>\r\n            <td class=\"report\"><xsl:value-of select=\"@sessioncount\"/></td>\r\n            <td class=\"report\"><xsl:value-of select=\"@postaddress1\"/></td>\r\n            <td class=\"report\"><xsl:value-of select=\"@postaddress2\"/></td>\r\n            <td class=\"report\"><xsl:value-of select=\"@postcity\"/></td>\r\n            <td class=\"report\"><xsl:value-of select=\"@poststate\"/></td>\r\n            <td class=\"report\"><xsl:value-of select=\"@postzip\"/></td>\r\n            <td class=\"report\"><xsl:value-of select=\"@postcountry\"/></td>\r\n        </tr>\r\n    </xsl:template>\r\n</xsl:stylesheet>\r\n',NULL,NULL,NULL),(12,'Schedule report for Pubs','Lists all Sessions Scheduled in all Rooms.','1',1,0,'4pubsschedreport.php',NULL,NULL,NULL,NULL),(13,'Pubs - Who is on Which Session','Show the badgeid, pubsname and session info for each participant that are on at least one scheduled session.','1',1,0,'4pubswhoisonwhichreport.php',NULL,NULL,NULL,NULL),(14,'All Sessions that are assigned','Who is assigned to what','3a',0,1,'allassignedreport.php','<?xml version=\"1.0\" encoding=\"UTF-8\" ?>\r\n<xsl:stylesheet version=\"1.0\" xmlns:xsl=\"http://www.w3.org/1999/XSL/Transform\">\r\n    <xsl:output encoding=\"UTF-8\" indent=\"yes\" method=\"html\" />\r\n    <xsl:include href=\"xsl/reportInclude.xsl\" />\r\n    <xsl:template match=\"/\">\r\n        <table class=\"report\">\r\n            <tr>\r\n                <th class=\"report\">Track</th>\r\n                <th class=\"report\">Session ID</th>\r\n                <th class=\"report\">Title</th>\r\n                <th class=\"report\" style=\"width:6em\">Duration</th>\r\n                <th class=\"report\">Participants</th>\r\n            </tr>\r\n            <xsl:apply-templates select=\"/doc/query[@queryName=\'sessions\']/row\"/>\r\n        </table>\r\n    </xsl:template>\r\n    <xsl:template match=\"/doc/query[@queryName=\'sessions\']/row\">\r\n        <tr>\r\n            <td class=\"report\"><xsl:value-of select=\"@trackname\"/></td>\r\n            <td class=\"report\"><xsl:call-template name=\"showSessionid\"><xsl:with-param name=\"sessionid\" select = \"@sessionid\" /></xsl:call-template></td>\r\n            <td class=\"report\">\r\n                <xsl:call-template name=\"showSessionTitle\">\r\n                    <xsl:with-param name=\"sessionid\" select = \"@sessionid\" />\r\n                    <xsl:with-param name=\"title\" select = \"@title\" />\r\n                </xsl:call-template>\r\n            </td>\r\n            <td class=\"report\">\r\n                <xsl:choose>\r\n                    <xsl:when test=\"@durationhrs=\'0\'\">\r\n                        <xsl:value-of select=\"@durationmin\" /> Min\r\n                    </xsl:when>\r\n                    <xsl:when test=\"@durationmin=\'00\'\">\r\n                        <xsl:value-of select=\"@durationhrs\" /> Hr\r\n                    </xsl:when>\r\n                    <xsl:otherwise>\r\n                        <xsl:value-of select=\"@durationhrs\" /> Hr <xsl:value-of select=\"@durationmin\" /> Min\r\n                    </xsl:otherwise>\r\n                </xsl:choose>\r\n            </td>\r\n            <td class=\"report\">\r\n                <xsl:call-template name=\"participants\">\r\n                    <xsl:with-param name=\"sessionid\" select = \"@sessionid\" />\r\n                </xsl:call-template>\r\n            </td>\r\n        </tr>\r\n    </xsl:template>\r\n    <xsl:template name=\"participants\">\r\n        <xsl:param name=\"sessionid\" />\r\n        <xsl:variable name=\"participantCount\" select=\"count(/doc/query[@queryName=\'participants\']/row[@sessionid=$sessionid])\" />\r\n        <xsl:choose>\r\n            <xsl:when test=\"$participantCount=0\">\r\n                <xsl:text disable-output-escaping=\"yes\">&amp;nbsp;</xsl:text>\r\n            </xsl:when>\r\n            <xsl:otherwise>\r\n                <xsl:for-each select=\"/doc/query[@queryName=\'participants\']/row[@sessionid=$sessionid]\">\r\n                    <xsl:value-of select=\"@pubsname\" /> (<xsl:call-template name=\"showBadgeid\"><xsl:with-param name=\"badgeid\" select=\"@badgeid\"/></xsl:call-template>)<xsl:if test=\"position() != last()\"><xsl:text>, </xsl:text></xsl:if>\r\n                </xsl:for-each>\r\n            </xsl:otherwise>\r\n        </xsl:choose>\r\n    </xsl:template>\r\n</xsl:stylesheet>\r\n',NULL,NULL,NULL),(15,'Full Participant Schedule -- CSV','CSV of the schedule sorted by participant, then time ','2',1,1,'allpartschedbyparttimecsvreport.php',NULL,NULL,NULL,NULL),(16,'Full Participant Schedule ','The schedule sorted by participant, then time','1',1,0,'allpartschedbyparttimereport.php',NULL,NULL,NULL,NULL),(17,'All Privileges Report','List all users and their permission roles','3a',0,1,'allprivsreport.php','<?xml version=\"1.0\" encoding=\"UTF-8\" ?>\r\n<xsl:stylesheet version=\"1.0\" xmlns:xsl=\"http://www.w3.org/1999/XSL/Transform\">\r\n    <xsl:output encoding=\"UTF-8\" indent=\"yes\" method=\"xml\" />\r\n    <xsl:include href=\"xsl/reportInclude.xsl\" />\r\n    <xsl:template match=\"/\">\r\n        <table class=\"report\">\r\n            <tr>\r\n                <th class=\"report\">Badgeid</th>\r\n                <th class=\"report\">Name</th>\r\n                <th class=\"report\">Permission roles</th>\r\n            </tr>\r\n            <xsl:apply-templates select=\"/doc/query[@queryName=\'users\']/row\"/>\r\n        </table>\r\n    </xsl:template>\r\n    <xsl:template match=\"/doc/query[@queryName=\'users\']/row\">\r\n        <xsl:variable name=\"badgeid\" select=\"@badgeid\" />\r\n        <tr>\r\n            <td class=\"report\"><xsl:call-template name=\"showBadgeid\"><xsl:with-param name=\"badgeid\" select=\"@badgeid\"/></xsl:call-template></td>\r\n            <td class=\"report\"><xsl:value-of select=\"@name\"/></td>\r\n            <td class=\"report\">\r\n                <xsl:for-each select=\"/doc/query[@queryName = \'user_roles\']/row[@badgeid = $badgeid]\">\r\n                    <div><xsl:value-of select=\"@permrolename\"/></div>\r\n                </xsl:for-each>\r\n            </td>\r\n        </tr>\r\n    </xsl:template>\r\n</xsl:stylesheet>\r\n',NULL,NULL,NULL),(18,'CSV--Full Room Schedule by room then time ','Lists all Sessions Scheduled in all Rooms.','2',1,1,'allroomschedcsvreport.php',NULL,NULL,NULL,NULL),(19,'Full Room Schedule by room then time','Lists all Sessions Scheduled in all Rooms.','1',1,0,'allroomschedreport.php',NULL,NULL,NULL,NULL),(20,'Full Room Schedule by time then room','Lists all Sessions Scheduled in all Rooms (includes \"Public\", \"Do Not Print\" and \"Staff Only\").','1',1,0,'allroomschedtimereport.php',NULL,NULL,NULL,NULL),(21,'Full Room Schedule by track then time','Lists all Sessions Scheduled in all Rooms.','1',1,0,'allroomschedtrackreport.php',NULL,NULL,NULL,NULL),(22,'Full Room Schedule by track then room then time','Lists all Sessions Scheduled in all Rooms.','1',1,0,'allroomschedtrackroomreport.php',NULL,NULL,NULL,NULL),(23,'Arisia TV by time ','Just things in TV room','1',1,0,'arisiatvroomschedreport.php',NULL,NULL,NULL,NULL),(24,'Assigned Moderator by Session','Shows who has been assigned to moderate each session (sorted by track then sessionid).','1',1,0,'assignedmoderatorreport.php',NULL,NULL,NULL,NULL),(25,'CSV - Assigned Session by Participant ','Shows who has been assigned to each session ordered by badgeid.','2',1,1,'assignedsessionbypartcsvreport.php',NULL,NULL,NULL,NULL),(26,'Differential Assigned Session by Participant','Recent changes to whom has been assigned to each session ordered by time, then badgeid.','1',1,0,'assignedsessionbypartdiffreport.php',NULL,NULL,NULL,NULL),(27,'Assigned Session by Participant','Shows who has been assigned to each session ordered by badgeid.','1',1,0,'assignedsessionbypartreport.php',NULL,NULL,NULL,NULL),(28,'Assigned Session by Session (counts)','How many people are assinged to each session? (Sorted by track then sessionid)','1',1,0,'assignedsessioncountsreport.php',NULL,NULL,NULL,NULL),(29,'Assigned Session by Session','Shows who has been assigned to each session. (sorted by track and then sessionid)','1',1,0,'assignedsessionreport.php',NULL,NULL,NULL,NULL),(30,'Attending Query (all info)','Shows who (of program participants only) has responded and if they are attending.','3a',0,1,'attendingreport.php','<?xml version=\"1.0\" encoding=\"UTF-8\" ?>\r\n<xsl:stylesheet version=\"1.0\" xmlns:xsl=\"http://www.w3.org/1999/XSL/Transform\">\r\n    <xsl:output encoding=\"UTF-8\" indent=\"yes\" method=\"xml\" />\r\n    <xsl:include href=\"xsl/reportInclude.xsl\" />\r\n    <xsl:template match=\"/\">\r\n        <table class=\"report\">\r\n            <tr>\r\n                <th class=\"report\">Congo Name</th>\r\n                <th class=\"report\">Pubs Name</th>\r\n                <th class=\"report\">Badge Id</th>\r\n                <th class=\"report\"><xsl:text disable-output-escaping=\"yes\">Interested &amp;amp; Attending</xsl:text></th>\r\n            </tr>\r\n            <xsl:apply-templates select=\"/doc/query[@queryName=\'participants\']/row\"/>\r\n        </table>\r\n    </xsl:template>\r\n    <xsl:template match=\"/doc/query[@queryName=\'participants\']/row\">\r\n        <xsl:variable name=\"badgeid\" select=\"@badgeid\" />\r\n        <tr>\r\n            <td class=\"report\"><xsl:value-of select=\"@firstname\"/><xsl:text disable-output-escaping=\"yes\">&amp;nbsp;</xsl:text><xsl:value-of select=\"@lastname\"/></td>\r\n            <td class=\"report\"><xsl:value-of select=\"@pubsname\"/></td>\r\n            <td class=\"report\"><xsl:call-template name=\"showBadgeid\"><xsl:with-param name=\"badgeid\" select=\"@badgeid\"/></xsl:call-template></td>\r\n            <td class=\"report\">\r\n                <xsl:choose>\r\n                    <xsl:when test=\"@interested=\'0\'\">Didn\'t respond</xsl:when>\r\n                    <xsl:when test=\"@interested=\'1\'\">Yes</xsl:when>\r\n                    <xsl:when test=\"@interested=\'2\'\">No</xsl:when>\r\n                    <xsl:otherwise>Didn\'t log in</xsl:otherwise>\r\n                </xsl:choose>\r\n            </td>\r\n        </tr>\r\n    </xsl:template>\r\n</xsl:stylesheet>\r\n',NULL,NULL,NULL),(31,'Report for Ben and the palm','StartTime Duration Room Track Title Participants','1',1,0,'benpalmreport.php',NULL,NULL,NULL,NULL),(32,'Published Full Grid','Display published schedule with rooms on horizontal axis and time on vertical. This excludes any item marked \"Do Not Print\". ','3a',0,1,'completepubgridreport.php','<?xml version=\"1.0\" encoding=\"UTF-8\" ?>\r\n<xsl:stylesheet version=\"1.0\" xmlns:xsl=\"http://www.w3.org/1999/XSL/Transform\">\r\n    <xsl:output encoding=\"UTF-8\" indent=\"yes\" method=\"xml\" />\r\n    <xsl:include href=\"xsl/reportInclude.xsl\" />\r\n    <xsl:template match=\"/\">\r\n        <table class=\"report\">\r\n            <tr>\r\n                <th class=\"report\" style=\"\">Time</th>\r\n                <xsl:call-template name=\"rooms\" />\r\n            </tr>\r\n            <xsl:for-each select=\"/doc/query[@queryName=\'times\']/row\">\r\n                <xsl:variable name=\"starttime\" select=\"@starttime\" />\r\n                <tr>\r\n                    <td class=\"report\"><xsl:value-of select=\"@starttimeFMT\" /></td>\r\n                    <xsl:for-each select=\"/doc/query[@queryName=\'rooms\']/row\">\r\n                        <xsl:variable name=\"roomid\" select=\"@roomid\" />\r\n                        <xsl:variable name=\"sessionid\" select=\"/doc/query[@queryName=\'sessions\']/row[@roomid=$roomid and @starttime=$starttime]/@sessionid\" />\r\n                        <td class=\"report\">\r\n                            <xsl:choose>\r\n                                <xsl:when test=\"/doc/query[@queryName=\'sessions\']/row[@roomid=$roomid and @starttime=$starttime]\">\r\n                                    <xsl:for-each select=\"/doc/query[@queryName=\'sessions\']/row[@roomid=$roomid and @starttime=$starttime]\">\r\n                                        (<xsl:call-template name=\"showSessionid\"><xsl:with-param name=\"sessionid\" select = \"@sessionid\" /></xsl:call-template>) \r\n                                        <xsl:call-template name=\"showSessionTitle\"><xsl:with-param name=\"sessionid\" select = \"@sessionid\" /><xsl:with-param name=\"title\" select = \"@title\" /></xsl:call-template> \r\n                                        (<xsl:value-of select=\"@duration\" />)\r\n                                        <br />\r\n                                    </xsl:for-each>\r\n                                </xsl:when>\r\n                                <xsl:otherwise>\r\n                                    <xsl:text disable-output-escaping=\"yes\">&amp;nbsp;</xsl:text>\r\n                                </xsl:otherwise>\r\n                            </xsl:choose>\r\n                        </td>\r\n                    </xsl:for-each>\r\n                </tr>\r\n            </xsl:for-each>   \r\n        </table>\r\n    </xsl:template>\r\n\r\n    <xsl:template name=\"rooms\">\r\n        <xsl:for-each select=\"/doc/query[@queryName=\'rooms\']/row\">\r\n            <th class=\"report\">\r\n                <xsl:call-template name=\"showRoomName\">\r\n                    <xsl:with-param name=\"roomid\" select = \"@roomid\" />\r\n                    <xsl:with-param name=\"roomname\" select = \"@roomname\" />\r\n                </xsl:call-template>\r\n            </th>\r\n        </xsl:for-each>\r\n    </xsl:template>\r\n\r\n</xsl:stylesheet>\r\n',NULL,NULL,11),(33,'Conflict Report - Sessions with under 4 people assigned','Lists all public sessions which are either on the schedule or have anyone assigned and have 3 or fewer participants assigned.  Excludes Dropped, Cancelled, and Duplicate Sessions.','3a',0,1,'conflictfewassignedreport.php','<?xml version=\"1.0\" encoding=\"UTF-8\" ?>\r\n<xsl:stylesheet version=\"1.0\" xmlns:xsl=\"http://www.w3.org/1999/XSL/Transform\">\r\n    <xsl:output encoding=\"UTF-8\" indent=\"yes\" method=\"html\" />\r\n    <xsl:include href=\"xsl/reportInclude.xsl\" />\r\n    <xsl:template match=\"/\">\r\n        <table class=\"report\">\r\n            <tr>\r\n                <th class=\"report\">Track</th>\r\n                <th class=\"report\">Type</th>\r\n                <th class=\"report\">Session ID</th>\r\n                <th class=\"report\">Title</th>\r\n                <th class=\"report\">How Many Assigned</th>\r\n            </tr>\r\n            <xsl:apply-templates select=\"/doc/query[@queryName=\'sessions\']/row\"/>\r\n        </table>\r\n    </xsl:template>\r\n    <xsl:template match=\"/doc/query[@queryName=\'sessions\']/row\">\r\n        <tr>\r\n            <td class=\"report\"><xsl:value-of select=\"@trackname\"/></td>\r\n            <td class=\"report\"><xsl:value-of select=\"@typename\"/></td>\r\n            <td class=\"report\"><xsl:call-template name=\"showSessionid\"><xsl:with-param name=\"sessionid\" select=\"@sessionid\"/></xsl:call-template></td>\r\n            <td class=\"report\">\r\n                <xsl:call-template name=\"showSessionTitle\">\r\n                    <xsl:with-param name=\"sessionid\" select = \"@sessionid\" />\r\n                    <xsl:with-param name=\"title\" select = \"@title\" />\r\n                </xsl:call-template>\r\n            </td>\r\n            <td class=\"report\"><xsl:value-of select=\"@assigned\"/></td>\r\n        </tr>\r\n    </xsl:template>\r\n</xsl:stylesheet>\r\n',NULL,NULL,NULL),(34,'Conflict Report - Sessions with over 5 people assigned','Lists all public sessions which are either on the schedule or have anyone assigned and have 6 or more participants assigned.  Excludes Dropped, Cancelled, and Duplicate Sessions.','3a',0,1,'conflictmanyassignedreport.php','<?xml version=\"1.0\" encoding=\"UTF-8\" ?>\r\n<xsl:stylesheet version=\"1.0\" xmlns:xsl=\"http://www.w3.org/1999/XSL/Transform\">\r\n    <xsl:output encoding=\"UTF-8\" indent=\"yes\" method=\"html\" />\r\n    <xsl:include href=\"xsl/reportInclude.xsl\" />\r\n    <xsl:template match=\"/\">\r\n        <table class=\"report\">\r\n            <tr>\r\n                <th class=\"report\">Track</th>\r\n                <th class=\"report\">Type</th>\r\n                <th class=\"report\">Session ID</th>\r\n                <th class=\"report\">Title</th>\r\n                <th class=\"report\">How Many Assigned</th>\r\n            </tr>\r\n            <xsl:apply-templates select=\"/doc/query[@queryName=\'sessions\']/row\"/>\r\n        </table>\r\n    </xsl:template>\r\n    <xsl:template match=\"/doc/query[@queryName=\'sessions\']/row\">\r\n        <tr>\r\n            <td class=\"report\"><xsl:value-of select=\"@trackname\"/></td>\r\n            <td class=\"report\"><xsl:value-of select=\"@typename\"/></td>\r\n            <td class=\"report\"><xsl:call-template name=\"showSessionid\"><xsl:with-param name=\"sessionid\" select=\"@sessionid\"/></xsl:call-template></td>\r\n            <td class=\"report\">\r\n                <xsl:call-template name=\"showSessionTitle\">\r\n                    <xsl:with-param name=\"sessionid\" select = \"@sessionid\" />\r\n                    <xsl:with-param name=\"title\" select = \"@title\" />\r\n                </xsl:call-template>\r\n            </td>\r\n            <td class=\"report\"><xsl:value-of select=\"@assigned\"/></td>\r\n        </tr>\r\n    </xsl:template>\r\n</xsl:stylesheet>\r\n',NULL,NULL,NULL),(35,'Conflict Report - Sessions with no moderator','Lists all public sessions which have at least one participant assigned, but no moderator.  Excludes Dropped, Cancelled, and Duplicate Sessions.','3a',0,1,'conflictnomodreport.php','<?xml version=\"1.0\" encoding=\"UTF-8\" ?>\r\n<xsl:stylesheet version=\"1.0\" xmlns:xsl=\"http://www.w3.org/1999/XSL/Transform\">\r\n    <xsl:output encoding=\"UTF-8\" indent=\"yes\" method=\"html\" />\r\n    <xsl:include href=\"xsl/reportInclude.xsl\" />\r\n    <xsl:template match=\"/\">\r\n        <table class=\"report\">\r\n            <tr>\r\n                <th class=\"report\">Track</th>\r\n                <th class=\"report\">Type</th>\r\n                <th class=\"report\">Session ID</th>\r\n                <th class=\"report\">Title</th>\r\n                <th class=\"report\">How Many Assigned</th>\r\n            </tr>\r\n            <xsl:apply-templates select=\"/doc/query[@queryName=\'sessions\']/row\"/>\r\n        </table>\r\n    </xsl:template>\r\n    <xsl:template match=\"/doc/query[@queryName=\'sessions\']/row\">\r\n        <tr>\r\n            <td class=\"report\"><xsl:value-of select=\"@trackname\"/></td>\r\n            <td class=\"report\"><xsl:value-of select=\"@typename\"/></td>\r\n            <td class=\"report\"><xsl:call-template name=\"showSessionid\"><xsl:with-param name=\"sessionid\" select=\"@sessionid\"/></xsl:call-template></td>\r\n            <td class=\"report\">\r\n                <xsl:call-template name=\"showSessionTitle\">\r\n                    <xsl:with-param name=\"sessionid\" select = \"@sessionid\" />\r\n                    <xsl:with-param name=\"title\" select = \"@title\" />\r\n                </xsl:call-template>\r\n            </td>\r\n            <td class=\"report\"><xsl:value-of select=\"@assigned\"/></td>\r\n        </tr>\r\n    </xsl:template>\r\n</xsl:stylesheet>\r\n',NULL,NULL,NULL),(36,'Conflict Report - not attending people that are on panels','Lists all sessions not dropped, cancelled, or duplicate which have at least one participant assigned who has not confirmed he or she is attending.','3a',0,1,'conflictnotattendingreport.php','<?xml version=\"1.0\" encoding=\"UTF-8\" ?>\r\n<xsl:stylesheet version=\"1.0\" xmlns:xsl=\"http://www.w3.org/1999/XSL/Transform\">\r\n    <xsl:output encoding=\"UTF-8\" indent=\"yes\" method=\"html\" />\r\n    <xsl:include href=\"xsl/reportInclude.xsl\" />\r\n    <xsl:template match=\"/\">\r\n        <table class=\"report\">\r\n            <tr>\r\n                <th class=\"report\">Track</th>\r\n                <th class=\"report\">Session ID</th>\r\n                <th class=\"report\">Title</th>\r\n                <th class=\"report\">Pubsname</th>\r\n                <th class=\"report\">Badge ID</th>\r\n                <th class=\"report\"><xsl:text disable-output-escaping=\"yes\">Interested &amp;amp; Attending</xsl:text></th>\r\n            </tr>\r\n            <xsl:apply-templates select=\"/doc/query[@queryName=\'participants\']/row\"/>\r\n        </table>\r\n    </xsl:template>\r\n    <xsl:template match=\"/doc/query[@queryName=\'participants\']/row\">\r\n        <tr>\r\n            <td class=\"report\"><xsl:value-of select=\"@trackname\"/></td>\r\n            <td class=\"report\"><xsl:call-template name=\"showSessionid\"><xsl:with-param name=\"sessionid\" select=\"@sessionid\"/></xsl:call-template></td>\r\n            <td class=\"report\">\r\n                <xsl:call-template name=\"showSessionTitle\">\r\n                    <xsl:with-param name=\"sessionid\" select = \"@sessionid\" />\r\n                    <xsl:with-param name=\"title\" select = \"@title\" />\r\n                </xsl:call-template>\r\n            </td>\r\n            <td class=\"report\"><xsl:value-of select=\"@pubsname\"/></td>\r\n            <td class=\"report\"><xsl:call-template name=\"showBadgeid\"><xsl:with-param name=\"badgeid\" select=\"@badgeid\"/></xsl:call-template></td>\r\n            <td class=\"report\">\r\n                <xsl:choose>\r\n                    <xsl:when test=\"@interested=\'0\'\">Didn\'t respond</xsl:when>\r\n                    <xsl:when test=\"@interested=\'1\'\">Yes</xsl:when>\r\n                    <xsl:when test=\"@interested=\'2\'\">No</xsl:when>\r\n                    <xsl:otherwise>Didn\'t log in</xsl:otherwise>\r\n                </xsl:choose>\r\n            </td>\r\n        </tr>\r\n    </xsl:template>\r\n</xsl:stylesheet>\r\n',NULL,NULL,NULL),(37,'Conflict Report - people on panels they are not interested in','This can happen two ways: Either someone used the feature at the bottom of the assign page to do this deliberately or the participant removed his or her interest after being assigned.','3a',0,1,'conflictnotinterreport.php','<?xml version=\"1.0\" encoding=\"UTF-8\" ?>\r\n<xsl:stylesheet version=\"1.0\" xmlns:xsl=\"http://www.w3.org/1999/XSL/Transform\">\r\n    <xsl:output encoding=\"UTF-8\" indent=\"yes\" method=\"html\" />\r\n    <xsl:include href=\"xsl/reportInclude.xsl\" />\r\n    <xsl:template match=\"/\">\r\n        <table class=\"report\">\r\n            <tr>\r\n                <th class=\"report\">Track</th>\r\n                <th class=\"report\">Session ID</th>\r\n                <th class=\"report\">Title</th>\r\n                <th class=\"report\">Pubsname</th>\r\n                <th class=\"report\">Badge ID</th>\r\n            </tr>\r\n            <xsl:apply-templates select=\"/doc/query[@queryName=\'participants\']/row\"/>\r\n        </table>\r\n    </xsl:template>\r\n    <xsl:template match=\"/doc/query[@queryName=\'participants\']/row\">\r\n        <tr>\r\n            <td class=\"report\"><xsl:value-of select=\"@trackname\"/></td>\r\n            <td class=\"report\"><xsl:call-template name=\"showSessionid\"><xsl:with-param name=\"sessionid\" select=\"@sessionid\"/></xsl:call-template></td>\r\n            <td class=\"report\">\r\n                <xsl:call-template name=\"showSessionTitle\">\r\n                    <xsl:with-param name=\"sessionid\" select = \"@sessionid\" />\r\n                    <xsl:with-param name=\"title\" select = \"@title\" />\r\n                </xsl:call-template>\r\n            </td>\r\n            <td class=\"report\"><xsl:value-of select=\"@pubsname\"/></td>\r\n            <td class=\"report\"><xsl:call-template name=\"showBadgeid\"><xsl:with-param name=\"badgeid\" select=\"@badgeid\"/></xsl:call-template></td>\r\n        </tr>\r\n    </xsl:template>\r\n</xsl:stylesheet>\r\n',NULL,NULL,NULL),(38,'Conflict Report - Not Registered','This is a report of participants sorted by number of panels they are on that are actually running, with some registration information. It is useful for cons that comp program participants based on a minimum number of panels. In this case, this report helps make sure people get their comps. Also, participants who have not earned a comp may need some kind of consideration.','3a',0,1,'conflictnotregreport.php','<?xml version=\"1.0\" encoding=\"UTF-8\" ?>\r\n<xsl:stylesheet version=\"1.0\" xmlns:xsl=\"http://www.w3.org/1999/XSL/Transform\">\r\n    <xsl:output encoding=\"UTF-8\" indent=\"yes\" method=\"html\" />\r\n    <xsl:include href=\"xsl/reportInclude.xsl\" />\r\n    <xsl:template match=\"/\">\r\n        <table class=\"report\">\r\n            <tr>\r\n                <th class=\"report\">Badge ID</th>\r\n                <th class=\"report\">Pubsname</th>\r\n                <th class=\"report\">Reg Type</th>\r\n                <th class=\"report\">Number of Sessions Assigned</th>\r\n            </tr>\r\n            <xsl:apply-templates select=\"/doc/query[@queryName=\'participants\']/row\"/>\r\n        </table>\r\n    </xsl:template>\r\n    <xsl:template match=\"/doc/query[@queryName=\'participants\']/row\">\r\n        <tr>\r\n            <td class=\"report\"><xsl:call-template name=\"showBadgeid\"><xsl:with-param name=\"badgeid\" select=\"@badgeid\"/></xsl:call-template></td>\r\n            <td class=\"report\"><xsl:value-of select=\"@pubsname\"/></td>\r\n            <td class=\"report\"><xsl:value-of select=\"@regtype\"/></td>\r\n            <td class=\"report\"><xsl:value-of select=\"@assigned\"/></td>\r\n        </tr>\r\n    </xsl:template>\r\n</xsl:stylesheet>\r\n',NULL,NULL,NULL),(39,'Conflict Report - Participants Scheduled Outside Available Times','Show all participant-sessions scheduled outside set of times participant has listed as being available.','3a',0,1,'conflictpartatimereport.php','<?xml version=\"1.0\" encoding=\"UTF-8\" ?>\r\n<xsl:stylesheet version=\"1.0\" xmlns:xsl=\"http://www.w3.org/1999/XSL/Transform\">\r\n    <xsl:output encoding=\"UTF-8\" indent=\"yes\" method=\"xml\" />\r\n    <xsl:include href=\"xsl/reportInclude.xsl\" />\r\n    <xsl:template match=\"/\">\r\n        <table class=\"report\">\r\n            <tr>\r\n                <th class=\"report\">Badge ID</th>\r\n                <th class=\"report\">Pubs Name</th>\r\n                <th class=\"report\">Track</th>\r\n                <th class=\"report\">Session ID</th>\r\n                <th class=\"report\">Title</th>\r\n                <th class=\"report\">Room</th>\r\n                <th class=\"report\">Start Time</th>\r\n                <th class=\"report\">End Time</th>\r\n                <th class=\"report\">Total Hours<br />Available</th>\r\n            </tr>\r\n            <xsl:apply-templates select=\"doc/query[@queryName=\'participants\']/row\" /> \r\n        </table>\r\n    </xsl:template>\r\n\r\n    <xsl:template match=\"/doc/query[@queryName=\'participants\']/row\" >\r\n        <tr>\r\n            <td class=\"report\">\r\n                <xsl:call-template name=\"showBadgeid\"><xsl:with-param name=\"badgeid\" select=\"@badgeid\"/></xsl:call-template>\r\n            </td>\r\n            <td class=\"report\"><xsl:value-of select=\"@pubsname\" /></td>\r\n            <td class=\"report\"><xsl:value-of select=\"@trackname\" /></td>\r\n            <td class=\"report\">\r\n                <xsl:call-template name=\"showSessionid\"><xsl:with-param name=\"sessionid\" select = \"@sessionid\" /></xsl:call-template>\r\n            </td>\r\n            <td class=\"report\">\r\n                <xsl:call-template name=\"showSessionTitle\">\r\n                    <xsl:with-param name=\"sessionid\" select = \"@sessionid\" />\r\n                    <xsl:with-param name=\"title\" select = \"@title\" />\r\n                </xsl:call-template>\r\n            </td>\r\n            <td class=\"report\">\r\n                <xsl:call-template name=\"showRoomName\">\r\n                    <xsl:with-param name=\"roomid\" select = \"@roomid\" />\r\n                    <xsl:with-param name=\"roomname\" select = \"@roomname\" />\r\n                </xsl:call-template>\r\n            </td>\r\n            <td class=\"report\" style=\"white-space:nowrap\"><xsl:value-of select=\"@starttime\" /></td>\r\n            <td class=\"report\" style=\"white-space:nowrap\"><xsl:value-of select=\"@endtime\" /></td>\r\n            <td class=\"report\"><xsl:value-of select=\"@hours\" /></td>\r\n        </tr>\r\n    </xsl:template>\r\n\r\n</xsl:stylesheet>\r\n',NULL,NULL,NULL),(40,'Conflict Report - Participant Double Booked ','Find all instances where a participant is scheduled to be in two or more places at once.','3a',0,1,'conflictpartdupreport.php','<?xml version=\"1.0\" encoding=\"UTF-8\" ?>\r\n<xsl:stylesheet version=\"1.0\" xmlns:xsl=\"http://www.w3.org/1999/XSL/Transform\">\r\n    <xsl:output encoding=\"UTF-8\" indent=\"yes\" method=\"xml\" />\r\n    <xsl:include href=\"xsl/reportInclude.xsl\" />\r\n    <xsl:template match=\"/\">\r\n        <table class=\"report\">\r\n            <tr>\r\n                <th class=\"report\" style=\"\">Participant</th>\r\n                <th class=\"report\" style=\"width:20%\">Title A</th>\r\n                <th class=\"report\" style=\"\">Track A</th>\r\n                <th class=\"report\" style=\"\">Room ID A</th>\r\n                <th class=\"report\" style=\"\">Session ID A</th>\r\n                <th class=\"report\" style=\"width:8%\">Start Time A</th>\r\n                <th class=\"report\" style=\"\">Duration A</th>\r\n                <th class=\"report\" style=\"width:20%\">Title B</th>\r\n                <th class=\"report\" style=\"\">Track B</th>\r\n                <th class=\"report\" style=\"\">Room ID B</th>\r\n                <th class=\"report\" style=\"\">Session ID B</th>\r\n                <th class=\"report\" style=\"width:8%\">Start Time B</th>\r\n                <th class=\"report\" style=\"\">Duration B</th>\r\n            </tr>\r\n            <xsl:apply-templates select=\"doc/query[@queryName=\'conflict\']/row\" /> \r\n        </table>\r\n    </xsl:template>\r\n\r\n    <xsl:template match=\"/doc/query[@queryName=\'conflict\']/row\" >\r\n        <tr>\r\n            <td class=\"report\">\r\n                <xsl:choose>\r\n                    <xsl:when test=\"@pubsname\">\r\n                        <xsl:value-of select=\"@pubsname\" />\r\n                    </xsl:when>\r\n                    <xsl:otherwise>\r\n                        <xsl:value-of select=\"@firstname\" /> <xsl:value-of select=\"@lastname\" />\r\n                    </xsl:otherwise>\r\n                </xsl:choose>\r\n            </td>\r\n            <td class=\"report\">\r\n                <xsl:call-template name=\"showSessionTitle\">\r\n                    <xsl:with-param name=\"sessionid\" select = \"@sessionida\" />\r\n                    <xsl:with-param name=\"title\" select = \"@titlea\" />\r\n                </xsl:call-template>\r\n            </td>\r\n            <td class=\"report\">\r\n                <xsl:value-of select=\"@tracknamea\" />\r\n            </td>\r\n            <td class=\"report\">\r\n                <xsl:call-template name=\"showRoomName\">\r\n                    <xsl:with-param name=\"roomid\" select = \"@roomida\" />\r\n                    <xsl:with-param name=\"roomname\" select = \"@roomnamea\" />\r\n                </xsl:call-template>\r\n            </td>\r\n            <td class=\"report\">\r\n                <xsl:call-template name=\"showSessionid\"><xsl:with-param name=\"sessionid\" select = \"@sessionida\" /></xsl:call-template>\r\n            </td>\r\n            <td class=\"report\" style=\"white-space:nowrap\"><xsl:value-of select=\"@starttimea\" /></td>\r\n            <td class=\"report\">\r\n                <xsl:value-of select=\"@durationa\" />\r\n            </td>\r\n            <td class=\"report\">\r\n                <xsl:call-template name=\"showSessionTitle\">\r\n                    <xsl:with-param name=\"sessionid\" select = \"@sessionidb\" />\r\n                    <xsl:with-param name=\"title\" select = \"@titleb\" />\r\n                </xsl:call-template>\r\n            </td>\r\n            <td class=\"report\">\r\n                <xsl:value-of select=\"@tracknameb\" />\r\n            </td>\r\n            <td class=\"report\">\r\n                <xsl:call-template name=\"showRoomName\">\r\n                    <xsl:with-param name=\"roomid\" select = \"@roomidb\" />\r\n                    <xsl:with-param name=\"roomname\" select = \"@roomnameb\" />\r\n                </xsl:call-template>\r\n            </td>\r\n            <td class=\"report\">\r\n                <xsl:call-template name=\"showSessionid\"><xsl:with-param name=\"sessionid\" select = \"@sessionidb\" /></xsl:call-template>\r\n            </td>\r\n            <td class=\"report\" style=\"white-space:nowrap\"><xsl:value-of select=\"@starttimeb\" /></td>\r\n            <td class=\"report\">\r\n                <xsl:value-of select=\"@durationb\" />\r\n            </td>\r\n        </tr>\r\n    </xsl:template>\r\n\r\n</xsl:stylesheet>\r\n',NULL,NULL,NULL),(41,'Conflict Report - Interested Participants that wont comp ','Comps are limited to participants on 3 or more panels. These folks are on less than 3 scheduled panels.',NULL,1,0,'conflictpartintnotcompreport.php',NULL,NULL,NULL,NULL),(42,'Conflict Report - Participant Number of Sessions','Compare number of sessions participants requested with the number of which they were assigned',NULL,1,0,'conflictpartnumsreport.php',NULL,NULL,NULL,NULL),(43,'Conflict Report - Picky people ','Show who the picky people do not want to be on a panel with and who they are on panels with.',NULL,1,0,'conflictpickypeoplereport.php',NULL,NULL,NULL,NULL),(44,'Conflict Report - Room Schedule Overlaps','Find any pairs of sessions whose times overlap in the same room.','3a',0,1,'conflictroomdupreport.php','<?xml version=\"1.0\" encoding=\"UTF-8\" ?>\r\n<xsl:stylesheet version=\"1.0\" xmlns:xsl=\"http://www.w3.org/1999/XSL/Transform\">\r\n    <xsl:output encoding=\"UTF-8\" indent=\"yes\" method=\"xml\" />\r\n    <xsl:include href=\"xsl/reportInclude.xsl\" />\r\n    <xsl:template match=\"/\">\r\n        <table class=\"report\">\r\n            <tr>\r\n                <th class=\"report\">Room</th>\r\n                <th class=\"report\">Session Id A</th>\r\n                <th class=\"report\">Session Title A</th>\r\n                <th class=\"report\">Start Time A</th>\r\n                <th class=\"report\">End Time A</th>\r\n                <th class=\"report\">Session Id B</th>\r\n                <th class=\"report\">Session Title B</th>\r\n                <th class=\"report\">Start Time B</th>\r\n                <th class=\"report\">End Time B</th>\r\n            </tr>\r\n            <xsl:apply-templates select=\"/doc/query[@queryName=\'conflict\']/row\" />\r\n        </table>\r\n    </xsl:template>\r\n    <xsl:template match=\"/doc/query[@queryName=\'conflict\']/row\">\r\n        <tr>\r\n            <td class=\"report\">\r\n                <xsl:call-template name=\"showRoomName\">\r\n                    <xsl:with-param name=\"roomid\" select = \"@roomid\" />\r\n                    <xsl:with-param name=\"roomname\" select = \"@roomname\" />\r\n                </xsl:call-template>\r\n            </td>\r\n            <td class=\"report\"><xsl:call-template name=\"showSessionid\"><xsl:with-param name=\"sessionid\" select = \"@sessionidA\" /></xsl:call-template></td>\r\n            <td class=\"report\">\r\n                <xsl:call-template name=\"showSessionTitle\">\r\n                    <xsl:with-param name=\"sessionid\" select = \"@sessionidA\" />\r\n                    <xsl:with-param name=\"title\" select = \"@titleA\" />\r\n                </xsl:call-template>\r\n            </td>\r\n            <td class=\"report\"><xsl:value-of select=\"@starttimeA\" /></td>\r\n            <td class=\"report\"><xsl:value-of select=\"@endtimeA\" /></td>\r\n            <td class=\"report\"><xsl:call-template name=\"showSessionid\"><xsl:with-param name=\"sessionid\" select = \"@sessionidB\" /></xsl:call-template></td>\r\n            <td class=\"report\">\r\n                <xsl:call-template name=\"showSessionTitle\">\r\n                    <xsl:with-param name=\"sessionid\" select = \"@sessionidB\" />\r\n                    <xsl:with-param name=\"title\" select = \"@titleB\" />\r\n                </xsl:call-template>\r\n            </td>\r\n            <td class=\"report\"><xsl:value-of select=\"@starttimeB\" /></td>\r\n            <td class=\"report\"><xsl:value-of select=\"@endtimeB\" /></td>    </tr>\r\n    </xsl:template>\r\n</xsl:stylesheet>\r\n',NULL,NULL,NULL),(45,'Conflict Report - Assigned v. Scheduled issue','These are sessions that are either in the grid and have no one assigned or the have people assigned and are not in the grid',NULL,1,0,'conflictschedassnreport.php',NULL,NULL,NULL,NULL),(46,'Conflict Report - Schedule but not','These are sessions that are either in the grid and not set as scheduled or they are set as scheduled and not in the grid.',NULL,1,0,'conflictschedschedreport.php',NULL,NULL,NULL,NULL),(47,'Conflict Report - Duplicate Session ','Lists all sessions scheduled more than once.',NULL,1,0,'conflictsessdupreport.php',NULL,NULL,NULL,NULL),(48,'Conflict Report - Scheduled Programming sessions without enough people','This report runs against scheduled sessions in division program only. If these are panels, you need at least 3 people. All other types require at least 1.',NULL,1,0,'conflictunder3assignedreport.php',NULL,NULL,NULL,NULL),(49,'Conflict Report - Unknown RegTypes','Congo RegTypes that Zambia does not recognize','3(a)',0,1,'conflictunknownregtypereport.php','<?xml version=\"1.0\" encoding=\"UTF-8\" ?>\r\n<xsl:stylesheet version=\"1.0\" xmlns:xsl=\"http://www.w3.org/1999/XSL/Transform\">\r\n    <xsl:output encoding=\"UTF-8\" indent=\"yes\" method=\"xml\" />\r\n    <xsl:include href=\"xsl/reportInclude.xsl\" />\r\n    <xsl:template match=\"/\">\r\n        <table class=\"report\">\r\n            <tr>\r\n                <th class=\"report\" style=\"\">Reg Types</th>\r\n            </tr>\r\n            <xsl:for-each select=\"/doc/query[@queryName=\'regtypes\']/row\">\r\n                <tr>\r\n                    <td class=\"report\"><xsl:value-of select=\"@regtype\" /></td>\r\n                </tr>\r\n            </xsl:for-each>   \r\n        </table>\r\n    </xsl:template>\r\n</xsl:stylesheet>\r\n',NULL,NULL,NULL),(50,'Congo Info (all info)','Shows the information retreived from Congo','3a',0,1,'congoinforeport.php','<xsl:stylesheet version=\"1.0\" xmlns:xsl=\"http://www.w3.org/1999/XSL/Transform\">\r\n    <xsl:output encoding=\"UTF-8\" indent=\"yes\" method=\"xml\" />\r\n    <xsl:include href=\"xsl/reportInclude.xsl\" />\r\n    <xsl:template match=\"/\">\r\n        <table class=\"report\">\r\n            <tr>\r\n                <th class=\"report\" rowspan=\"2\">Badge Name</th>\r\n                <th class=\"report\" rowspan=\"2\">Badge Id</th>\r\n                <th class=\"report\" rowspan=\"2\">Reg Type</th>\r\n                <th class=\"report\" rowspan=\"2\">Last Name</th>\r\n                <th class=\"report\" rowspan=\"2\">First Name</th>\r\n                <th class=\"report\" rowspan=\"2\">Phone</th>\r\n                <th class=\"report\" rowspan=\"2\">Email</th>\r\n                <th class=\"report\" colspan=\"6\">Postal Address</th>\r\n            </tr>\r\n            <tr>\r\n                <th class=\"report\">Line 1</th>\r\n                <th class=\"report\">Line 2</th>\r\n                <th class=\"report\">City</th>\r\n                <th class=\"report\">State</th>\r\n                <th class=\"report\">Zip (Code)</th>\r\n                <th class=\"report\">Country</th>\r\n            </tr>\r\n            <xsl:for-each select=\"/doc/query[@queryName=\'participants\']/row\">\r\n                <tr>\r\n                    <td class=\"report\"><xsl:value-of select=\"@badgename\" /></td>\r\n                    <td class=\"report\"><xsl:call-template name=\"showBadgeid\"><xsl:with-param name=\"badgeid\" select=\"@badgeid\"/></xsl:call-template></td>\r\n                    <td class=\"report\"><xsl:value-of select=\"@regtype\" /></td>\r\n                    <td class=\"report\"><xsl:value-of select=\"@lastname\" /></td>\r\n                    <td class=\"report\"><xsl:value-of select=\"@firstname\" /></td>\r\n                    <td class=\"report\"><xsl:value-of select=\"@phone\" /></td>\r\n                    <td class=\"report\"><xsl:value-of select=\"@email\" /></td>\r\n                    <td class=\"report\"><xsl:value-of select=\"@postaddress1\" /></td>\r\n                    <td class=\"report\"><xsl:value-of select=\"@postaddress2\" /></td>\r\n                    <td class=\"report\"><xsl:value-of select=\"@postcity\" /></td>\r\n                    <td class=\"report\"><xsl:value-of select=\"@poststate\" /></td>\r\n                    <td class=\"report\"><xsl:value-of select=\"@postzip\" /></td>\r\n                    <td class=\"report\"><xsl:value-of select=\"@postcountry\" /></td>\r\n                </tr>\r\n            </xsl:for-each>   \r\n        </table>\r\n    </xsl:template>\r\n</xsl:stylesheet>\r\n',NULL,NULL,NULL),(51,'Unabridged Event Grid','Display entire event schedule with rooms on horizontal axis and time on vertical. This includes all items marked \"Do Not Print\". ','3a',0,1,'eventgridfullreport.php','<?xml version=\"1.0\" encoding=\"UTF-8\" ?>\r\n<xsl:stylesheet version=\"1.0\" xmlns:xsl=\"http://www.w3.org/1999/XSL/Transform\">\r\n    <xsl:output encoding=\"UTF-8\" indent=\"yes\" method=\"xml\" />\r\n    <xsl:include href=\"xsl/reportInclude.xsl\" />\r\n    <xsl:template match=\"/\">\r\n        <table class=\"report\">\r\n            <tr>\r\n                <th class=\"report\" style=\"\">Time</th>\r\n                <xsl:call-template name=\"rooms\" />\r\n            </tr>\r\n            <xsl:for-each select=\"/doc/query[@queryName=\'times\']/row\">\r\n                <xsl:variable name=\"starttime\" select=\"@starttime\" />\r\n                <tr>\r\n                    <td class=\"report\"><xsl:value-of select=\"@starttimeFMT\" /></td>\r\n                    <xsl:for-each select=\"/doc/query[@queryName=\'rooms\']/row\">\r\n                        <xsl:variable name=\"roomid\" select=\"@roomid\" />\r\n                        <xsl:variable name=\"sessionid\" select=\"/doc/query[@queryName=\'sessions\']/row[@roomid=$roomid and @starttime=$starttime]/@sessionid\" />\r\n                        <td class=\"report\">\r\n                            <xsl:choose>\r\n                                <xsl:when test=\"/doc/query[@queryName=\'sessions\']/row[@roomid=$roomid and @starttime=$starttime]\">\r\n                                    <xsl:for-each select=\"/doc/query[@queryName=\'sessions\']/row[@roomid=$roomid and @starttime=$starttime]\">\r\n                                        (<xsl:call-template name=\"showSessionid\"><xsl:with-param name=\"sessionid\" select = \"@sessionid\" /></xsl:call-template>) \r\n                                        <xsl:call-template name=\"showSessionTitle\">\r\n                                            <xsl:with-param name=\"sessionid\" select = \"@sessionid\" />\r\n                                            <xsl:with-param name=\"title\" select = \"@title\" />\r\n                                        </xsl:call-template>\r\n                                        (<xsl:value-of select=\"@duration\" />)\r\n                                        <br />\r\n                                    </xsl:for-each>\r\n                                </xsl:when>\r\n                                <xsl:otherwise>\r\n                                    <xsl:text disable-output-escaping=\"yes\">&amp;nbsp;</xsl:text>\r\n                                </xsl:otherwise>\r\n                            </xsl:choose>\r\n                        </td>\r\n                    </xsl:for-each>\r\n                </tr>\r\n            </xsl:for-each>   \r\n        </table>\r\n    </xsl:template>\r\n\r\n    <xsl:template name=\"rooms\">\r\n        <xsl:for-each select=\"/doc/query[@queryName=\'rooms\']/row\">\r\n            <th class=\"report\">\r\n                <xsl:call-template name=\"showRoomName\">\r\n                    <xsl:with-param name=\"roomid\" select = \"@roomid\" />\r\n                    <xsl:with-param name=\"roomname\" select = \"@roomname\" />\r\n                </xsl:call-template>\r\n            </th>\r\n        </xsl:for-each>\r\n    </xsl:template>\r\n\r\n</xsl:stylesheet>\r\n',NULL,NULL,16),(52,'Published Event Grid','Display published event schedule with rooms on horizontal axis and time on vertical. This excludes any item marked \"Do Not Print\". ','3a',0,1,'eventgridreport.php','<?xml version=\"1.0\" encoding=\"UTF-8\" ?>\r\n<xsl:stylesheet version=\"1.0\" xmlns:xsl=\"http://www.w3.org/1999/XSL/Transform\">\r\n    <xsl:output encoding=\"UTF-8\" indent=\"yes\" method=\"xml\" />\r\n    <xsl:include href=\"xsl/reportInclude.xsl\" />\r\n    <xsl:template match=\"/\">\r\n        <table class=\"report\">\r\n            <tr>\r\n                <th class=\"report\" style=\"\">Time</th>\r\n                <xsl:call-template name=\"rooms\" />\r\n            </tr>\r\n            <xsl:for-each select=\"/doc/query[@queryName=\'times\']/row\">\r\n                <xsl:variable name=\"starttime\" select=\"@starttime\" />\r\n                <tr>\r\n                    <td class=\"report\"><xsl:value-of select=\"@starttimeFMT\" /></td>\r\n                    <xsl:for-each select=\"/doc/query[@queryName=\'rooms\']/row\">\r\n                        <xsl:variable name=\"roomid\" select=\"@roomid\" />\r\n                        <xsl:variable name=\"sessionid\" select=\"/doc/query[@queryName=\'sessions\']/row[@roomid=$roomid and @starttime=$starttime]/@sessionid\" />\r\n                        <td class=\"report\">\r\n                            <xsl:choose>\r\n                            <xsl:when test=\"/doc/query[@queryName=\'sessions\']/row[@roomid=$roomid and @starttime=$starttime]\">\r\n                                <xsl:for-each select=\"/doc/query[@queryName=\'sessions\']/row[@roomid=$roomid and @starttime=$starttime]\">\r\n                                    (<xsl:call-template name=\"showSessionid\"><xsl:with-param name=\"sessionid\" select = \"@sessionid\" /></xsl:call-template>) \r\n                                    <xsl:call-template name=\"showSessionTitle\">\r\n                                        <xsl:with-param name=\"sessionid\" select = \"@sessionid\" />\r\n                                        <xsl:with-param name=\"title\" select = \"@title\" />\r\n                                    </xsl:call-template>\r\n                                    (<xsl:value-of select=\"@duration\" />)\r\n                                    <br />\r\n                                </xsl:for-each>\r\n                            </xsl:when>\r\n                                <xsl:otherwise>\r\n                                    <xsl:text disable-output-escaping=\"yes\">&amp;nbsp;</xsl:text>\r\n                                </xsl:otherwise>\r\n                            </xsl:choose>\r\n                        </td>\r\n                    </xsl:for-each>\r\n                </tr>\r\n            </xsl:for-each>   \r\n        </table>\r\n    </xsl:template>\r\n\r\n    <xsl:template name=\"rooms\">\r\n        <xsl:for-each select=\"/doc/query[@queryName=\'rooms\']/row\">\r\n            <th class=\"report\">\r\n                <xsl:call-template name=\"showRoomName\">\r\n                    <xsl:with-param name=\"roomid\" select = \"@roomid\" />\r\n                    <xsl:with-param name=\"roomname\" select = \"@roomname\" />\r\n                </xsl:call-template>\r\n            </th>\r\n        </xsl:for-each>\r\n    </xsl:template>\r\n\r\n</xsl:stylesheet>\r\n',NULL,NULL,15),(53,'Event Schedule by time then room','Lists all Events (as determined by division on session) Scheduled in all Rooms (includes \"Public\", \"Do Not Print\" and \"Staff Only\").','3a',0,1,'eventschedtimereport.php','<?xml version=\"1.0\" encoding=\"UTF-8\" ?>\r\n<xsl:stylesheet version=\"1.0\" xmlns:xsl=\"http://www.w3.org/1999/XSL/Transform\">\r\n    <xsl:output encoding=\"UTF-8\" indent=\"yes\" method=\"xml\" />\r\n    <xsl:include href=\"xsl/reportInclude.xsl\" />\r\n    <xsl:template match=\"/\">\r\n        <table class=\"report\">\r\n            <tr>\r\n                <th class=\"report\">Start Time</th>\r\n                <th class=\"report\">Duration</th>\r\n                <th class=\"report\">Room Name</th>\r\n                <th class=\"report\">Room Function</th>\r\n                <th class=\"report\">Track Name</th>\r\n                <th class=\"report\">Session ID</th>\r\n                <th class=\"report\">Title</th>\r\n                <th class=\"report\">Publication Status</th>\r\n                <th class=\"report\">Participants</th>\r\n            </tr>\r\n            <xsl:for-each select=\"/doc/query[@queryName=\'sessions\']/row\">\r\n                <xsl:variable name=\"sessionid\" select=\"@sessionid\" />\r\n                <tr>\r\n                    <td class=\"report\"><xsl:value-of select=\"@starttime\" /></td>\r\n                    <td class=\"report\">\r\n                        <xsl:choose>\r\n                            <xsl:when test=\"@durationhrs=\'0\'\">\r\n                                <xsl:value-of select=\"@durationmin\" /> Min\r\n                            </xsl:when>\r\n                            <xsl:when test=\"@durationmin=\'00\'\">\r\n                                <xsl:value-of select=\"@durationhrs\" /> Hr\r\n                            </xsl:when>\r\n                            <xsl:otherwise>\r\n                                <xsl:value-of select=\"@durationhrs\" /> Hr <xsl:value-of select=\"@durationmin\" /> Min\r\n                            </xsl:otherwise>\r\n                        </xsl:choose>\r\n                    </td>\r\n                    <td class=\"report\">\r\n                        <xsl:call-template name=\"showRoomName\">\r\n                            <xsl:with-param name=\"roomid\" select = \"@roomid\" />\r\n                            <xsl:with-param name=\"roomname\" select = \"@roomname\" />\r\n                        </xsl:call-template>\r\n                    </td>\r\n                    <td class=\"report\"><xsl:value-of select=\"@function\" /></td>\r\n                    <td class=\"report\"><xsl:value-of select=\"@trackname\" /></td>\r\n                    <td class=\"report\"><xsl:call-template name=\"showSessionid\"><xsl:with-param name=\"sessionid\" select = \"@sessionid\" /></xsl:call-template></td>\r\n                    <td class=\"report\">\r\n                        <xsl:call-template name=\"showSessionTitle\">\r\n                            <xsl:with-param name=\"sessionid\" select = \"@sessionid\" />\r\n                            <xsl:with-param name=\"title\" select = \"@title\" />\r\n                        </xsl:call-template>\r\n                    </td>\r\n                    <td class=\"report\"><xsl:value-of select=\"@pubstatusname\" /></td>\r\n                    <td class=\"report\">\r\n                        <xsl:call-template name=\"participants\">\r\n                            <xsl:with-param name=\"sessionid\" select=\"$sessionid\" />\r\n                        </xsl:call-template>\r\n                    </td>\r\n                </tr>\r\n            </xsl:for-each>   \r\n        </table>\r\n    </xsl:template>\r\n\r\n    <xsl:template name=\"participants\">\r\n        <xsl:param name=\"sessionid\" />\r\n        <xsl:variable name=\"participantCount\" select=\"count(/doc/query[@queryName=\'participants\']/row[@sessionid=$sessionid])\" />\r\n        <xsl:choose>\r\n            <xsl:when test=\"$participantCount=0\">\r\n                <xsl:text disable-output-escaping=\"yes\">&amp;nbsp;</xsl:text>\r\n            </xsl:when>\r\n            <xsl:otherwise>\r\n                <xsl:for-each select=\"/doc/query[@queryName=\'participants\']/row[@sessionid=$sessionid]\">\r\n                    <xsl:value-of select=\"@pubsname\" /> (<xsl:call-template name=\"showBadgeid\"><xsl:with-param name=\"badgeid\" select=\"@badgeid\"/></xsl:call-template>)<xsl:if test=\"position() != last()\"><xsl:text>, </xsl:text></xsl:if>\r\n                </xsl:for-each>\r\n            </xsl:otherwise>\r\n        </xsl:choose>\r\n    </xsl:template>\r\n\r\n</xsl:stylesheet>\r\n',NULL,NULL,NULL),(54,'Unabridged Full Grid','Display complete schedule of all rooms with rooms on horizontal axis and time on vertical. This includes all items marked \"Do Not Print\". ','3a',0,1,'everythinggridreport.php','<?xml version=\"1.0\" encoding=\"UTF-8\" ?>\r\n<xsl:stylesheet version=\"1.0\" xmlns:xsl=\"http://www.w3.org/1999/XSL/Transform\">\r\n    <xsl:output encoding=\"UTF-8\" indent=\"yes\" method=\"xml\" />\r\n    <xsl:include href=\"xsl/reportInclude.xsl\" />\r\n    <xsl:template match=\"/\">\r\n        <table class=\"report\">\r\n            <tr>\r\n                <th class=\"report\" style=\"\">Time</th>\r\n                <xsl:call-template name=\"rooms\" />\r\n            </tr>\r\n            <xsl:for-each select=\"/doc/query[@queryName=\'times\']/row\">\r\n                <xsl:variable name=\"starttime\" select=\"@starttime\" />\r\n                <tr>\r\n                    <td class=\"report\"><xsl:value-of select=\"@starttimeFMT\" /></td>\r\n                    <xsl:for-each select=\"/doc/query[@queryName=\'rooms\']/row\">\r\n                        <xsl:variable name=\"roomid\" select=\"@roomid\" />\r\n                        <xsl:variable name=\"sessionid\" select=\"/doc/query[@queryName=\'sessions\']/row[@roomid=$roomid and @starttime=$starttime]/@sessionid\" />\r\n                        <td class=\"report\">\r\n                            <xsl:choose>\r\n                            <xsl:when test=\"/doc/query[@queryName=\'sessions\']/row[@roomid=$roomid and @starttime=$starttime]\">\r\n                                <xsl:for-each select=\"/doc/query[@queryName=\'sessions\']/row[@roomid=$roomid and @starttime=$starttime]\">\r\n                                    (<xsl:call-template name=\"showSessionid\"><xsl:with-param name=\"sessionid\" select = \"@sessionid\" /></xsl:call-template>) \r\n                                    <xsl:call-template name=\"showSessionTitle\">\r\n                                        <xsl:with-param name=\"sessionid\" select = \"@sessionid\" />\r\n                                        <xsl:with-param name=\"title\" select = \"@title\" />\r\n                                    </xsl:call-template>\r\n                                    (<xsl:value-of select=\"@duration\" />)\r\n                                    <br />\r\n                                </xsl:for-each>\r\n                            </xsl:when>\r\n                                <xsl:otherwise>\r\n                                    <xsl:text disable-output-escaping=\"yes\">&amp;nbsp;</xsl:text>\r\n                                </xsl:otherwise>\r\n                            </xsl:choose>\r\n                        </td>\r\n                    </xsl:for-each>\r\n                </tr>\r\n            </xsl:for-each>   \r\n        </table>\r\n    </xsl:template>\r\n\r\n    <xsl:template name=\"rooms\">\r\n        <xsl:for-each select=\"/doc/query[@queryName=\'rooms\']/row\">\r\n            <th class=\"report\">\r\n                <xsl:call-template name=\"showRoomName\">\r\n                    <xsl:with-param name=\"roomid\" select = \"@roomid\" />\r\n                    <xsl:with-param name=\"roomname\" select = \"@roomname\" />\r\n                </xsl:call-template>\r\n            </th>\r\n        </xsl:for-each>\r\n    </xsl:template>\r\n\r\n</xsl:stylesheet>\r\n',NULL,NULL,12),(55,'Gaming Schedule','All Gaming and Gaming Panels. All these reports include both.',NULL,1,0,'gameroomshedroomreport.php',NULL,NULL,NULL,NULL),(56,'Gaming Schedule by time then room','Just things in track gaming (gaming and gaming panels)',NULL,1,0,'gameroomshedtimereport.php',NULL,NULL,NULL,NULL),(57,'GOH Grid','Display unabridged schedule of all events with any GOHs participanting with rooms on horizontal axis and time on vertical. This includes all items marked \"Do Not Print\". ','3a',0,1,'gohgridreport.php','<?xml version=\"1.0\" encoding=\"UTF-8\" ?>\r\n<xsl:stylesheet version=\"1.0\" xmlns:xsl=\"http://www.w3.org/1999/XSL/Transform\">\r\n    <xsl:output encoding=\"UTF-8\" indent=\"yes\" method=\"xml\" />\r\n    <xsl:include href=\"xsl/reportInclude.xsl\" />\r\n    <xsl:template match=\"/\">\r\n        <table class=\"report\">\r\n            <tr>\r\n                <th class=\"report\" style=\"\">Time</th>\r\n                <xsl:call-template name=\"rooms\" />\r\n            </tr>\r\n            <xsl:for-each select=\"/doc/query[@queryName=\'times\']/row\">\r\n                <xsl:variable name=\"starttime\" select=\"@starttime\" />\r\n                <tr>\r\n                    <td class=\"report\"><xsl:value-of select=\"@starttimeFMT\" /></td>\r\n                    <xsl:for-each select=\"/doc/query[@queryName=\'rooms\']/row\">\r\n                        <xsl:variable name=\"roomid\" select=\"@roomid\" />\r\n                        <xsl:variable name=\"sessionid\" select=\"/doc/query[@queryName=\'sessions\']/row[@roomid=$roomid and @starttime=$starttime]/@sessionid\" />\r\n                        <td class=\"report\">\r\n                            <xsl:choose>\r\n                            <xsl:when test=\"/doc/query[@queryName=\'sessions\']/row[@roomid=$roomid and @starttime=$starttime]\">\r\n                                <xsl:for-each select=\"/doc/query[@queryName=\'sessions\']/row[@roomid=$roomid and @starttime=$starttime]\">\r\n                                    (<xsl:call-template name=\"showSessionid\"><xsl:with-param name=\"sessionid\" select = \"@sessionid\" /></xsl:call-template>) \r\n                                    <xsl:call-template name=\"showSessionTitle\">\r\n                                        <xsl:with-param name=\"sessionid\" select = \"@sessionid\" />\r\n                                        <xsl:with-param name=\"title\" select = \"@title\" />\r\n                                    </xsl:call-template>\r\n                                    (<xsl:value-of select=\"@duration\" />)\r\n                                    <br />\r\n                                </xsl:for-each>\r\n                            </xsl:when>\r\n                                <xsl:otherwise>\r\n                                    <xsl:text disable-output-escaping=\"yes\">&amp;nbsp;</xsl:text>\r\n                                </xsl:otherwise>\r\n                            </xsl:choose>\r\n                        </td>\r\n                    </xsl:for-each>\r\n                </tr>\r\n            </xsl:for-each>   \r\n        </table>\r\n    </xsl:template>\r\n\r\n    <xsl:template name=\"rooms\">\r\n        <xsl:for-each select=\"/doc/query[@queryName=\'rooms\']/row\">\r\n            <th class=\"report\">\r\n                <xsl:call-template name=\"showRoomName\">\r\n                    <xsl:with-param name=\"roomid\" select = \"@roomid\" />\r\n                    <xsl:with-param name=\"roomname\" select = \"@roomname\" />\r\n                </xsl:call-template>\r\n            </th>\r\n        </xsl:for-each>\r\n    </xsl:template>\r\n\r\n</xsl:stylesheet>\r\n',NULL,NULL,17),(58,'Interest v Schedule - sorted by GoHs','For each GoH, show which panels (but not Events) they are interested in, and if they are assigned to it. Also show the scheduling information.',NULL,1,0,'gohintvschedulepanelreport.php',NULL,NULL,NULL,NULL),(59,'GoH Schedule','The GoH schedules',NULL,1,0,'gohschedulereport.php',NULL,NULL,NULL,NULL),(60,'Interest v Schedule - sorted by pubsname','Show who is interested in each panel and if they are assigned to it. Also show the scheduling information (sorted by pubsname)','3a',0,1,'intvschedpanelnamesreport.php','<?xml version=\"1.0\" encoding=\"UTF-8\" ?>\r\n<xsl:stylesheet version=\"1.0\" xmlns:xsl=\"http://www.w3.org/1999/XSL/Transform\">\r\n    <xsl:output encoding=\"UTF-8\" indent=\"yes\" method=\"xml\" />\r\n    <xsl:include href=\"xsl/reportInclude.xsl\" />\r\n    <xsl:template match=\"/\">\r\n        <table class=\"report\">\r\n            <tr>\r\n                <th class=\"report\">Pubsname</th>\r\n                <th class=\"report\">Track Name</th>\r\n                <th class=\"report\">Session ID</th>\r\n                <th class=\"report\">Title</th>\r\n                <th class=\"report\">Rank</th>\r\n                <th class=\"report\">Assigned ?</th>\r\n                <th class=\"report\">Moderator ?</th>\r\n                <th class=\"report\">Room Name</th>\r\n                <th class=\"report\">Start Time</th>\r\n            </tr>\r\n            <xsl:for-each select=\"/doc/query[@queryName=\'participants\']/row\">\r\n                <tr>\r\n                    <td class=\"report\">\r\n                        <xsl:call-template name=\"showPubsname\">\r\n                            <xsl:with-param name=\"badgeid\" select = \"@badgeid\" />\r\n                            <xsl:with-param name=\"pubsname\" select = \"@pubsname\" />\r\n                        </xsl:call-template>\r\n                    </td>\r\n                    <td class=\"report\"><xsl:value-of select=\"@trackname\" /></td>\r\n                    <td class=\"report\">\r\n                        <xsl:call-template name=\"showSessionid\">\r\n                            <xsl:with-param name=\"sessionid\" select = \"@sessionid\" />\r\n                        </xsl:call-template>\r\n                    </td>\r\n                    <td class=\"report\">\r\n                        <xsl:call-template name=\"showSessionTitle\">\r\n                            <xsl:with-param name=\"sessionid\" select = \"@sessionid\" />\r\n                            <xsl:with-param name=\"title\" select = \"@title\" />\r\n                        </xsl:call-template>\r\n                    </td>\r\n                    <td class=\"report\"><xsl:value-of select=\"@rank\" /></td>\r\n                    <td class=\"report\">\r\n                        <xsl:if test=\"@assigned\">Yes</xsl:if>\r\n                    </td>\r\n                    <td class=\"report\">\r\n                        <xsl:if test=\"@moderator=\'1\'\">Yes</xsl:if>\r\n                    </td>\r\n                    <td class=\"report\">\r\n                        <xsl:call-template name=\"showRoomName\">\r\n                            <xsl:with-param name=\"roomid\" select = \"@roomid\" />\r\n                            <xsl:with-param name=\"roomname\" select = \"@roomname\" />\r\n                        </xsl:call-template>\r\n                    </td>\r\n                    <td class=\"report\"><xsl:value-of select=\"@startTime\" /></td>\r\n                </tr>\r\n            </xsl:for-each>   \r\n        </table>\r\n    </xsl:template>\r\n</xsl:stylesheet>\r\n',NULL,NULL,NULL),(61,'Interest v Schedule - sorted by track, then title','Show who is interested in each panel and if they are assigned to it. Also show the scheduling information','3a',0,1,'intvschedpanelreport.php','<?xml version=\"1.0\" encoding=\"UTF-8\" ?>\r\n<xsl:stylesheet version=\"1.0\" xmlns:xsl=\"http://www.w3.org/1999/XSL/Transform\">\r\n    <xsl:output encoding=\"UTF-8\" indent=\"yes\" method=\"xml\" />\r\n    <xsl:include href=\"xsl/reportInclude.xsl\" />\r\n    <xsl:template match=\"/\">\r\n        <table class=\"report\">\r\n            <tr>\r\n                <th class=\"report\">Pubsname</th>\r\n                <th class=\"report\">Track Name</th>\r\n                <th class=\"report\">Session ID</th>\r\n                <th class=\"report\">Title</th>\r\n                <th class=\"report\">Rank</th>\r\n                <th class=\"report\">Assigned ?</th>\r\n                <th class=\"report\">Moderator ?</th>\r\n                <th class=\"report\">Room Name</th>\r\n                <th class=\"report\">Start Time</th>\r\n            </tr>\r\n            <xsl:for-each select=\"/doc/query[@queryName=\'participants\']/row\">\r\n                <tr>\r\n                    <td class=\"report\">\r\n                        <xsl:call-template name=\"showPubsname\">\r\n                            <xsl:with-param name=\"badgeid\" select = \"@badgeid\" />\r\n                            <xsl:with-param name=\"pubsname\" select = \"@pubsname\" />\r\n                        </xsl:call-template>\r\n                    </td>\r\n                    <td class=\"report\"><xsl:value-of select=\"@trackname\" /></td>\r\n                    <td class=\"report\">\r\n                        <xsl:call-template name=\"showSessionid\">\r\n                            <xsl:with-param name=\"sessionid\" select = \"@sessionid\" />\r\n                        </xsl:call-template>\r\n                    </td>\r\n                    <td class=\"report\">\r\n                        <xsl:call-template name=\"showSessionTitle\">\r\n                            <xsl:with-param name=\"sessionid\" select = \"@sessionid\" />\r\n                            <xsl:with-param name=\"title\" select = \"@title\" />\r\n                        </xsl:call-template>\r\n                    </td>\r\n                    <td class=\"report\"><xsl:value-of select=\"@rank\" /></td>\r\n                    <td class=\"report\">\r\n                        <xsl:if test=\"@assigned\">Yes</xsl:if>\r\n                    </td>\r\n                    <td class=\"report\">\r\n                        <xsl:if test=\"@moderator=\'1\'\">Yes</xsl:if>\r\n                    </td>\r\n                    <td class=\"report\">\r\n                        <xsl:call-template name=\"showRoomName\">\r\n                            <xsl:with-param name=\"roomid\" select = \"@roomid\" />\r\n                            <xsl:with-param name=\"roomname\" select = \"@roomname\" />\r\n                        </xsl:call-template>\r\n                    </td>\r\n                    <td class=\"report\"><xsl:value-of select=\"@startTime\" /></td>\r\n                </tr>\r\n            </xsl:for-each>   \r\n        </table>\r\n    </xsl:template>\r\n</xsl:stylesheet>\r\n',NULL,NULL,NULL),(62,'Invited Guest Report','For each invited guest session, list the participants who have been invited. (and have not deleted the invitation.) Shows \"NULL\" if no one has been invited.',NULL,1,0,'invitationreport.php',NULL,NULL,NULL,NULL),(63,'Participant Kid Count','How many kids did the participants say they are bringing for Fast Track?',NULL,1,0,'kidcountreport.php',NULL,NULL,NULL,NULL),(64,'FastTrack Schedule (for con)','What is happening in FastTrack - The At-Con Version',NULL,1,0,'kidfasttracksched4conreport.php',NULL,NULL,NULL,NULL),(65,'FastTrack Schedule (easy troubleshooting)','What is happening in FastTrack',NULL,1,0,'kidfasttrackschedreport.php',NULL,NULL,NULL,NULL),(66,'Name Report - Changes','(in progress... try back in a bit). Do these folks want to update thier badgenames? The pubsname and badgename don\'t match. Report shows badgeid, pubsname, badgename, firstname and lastname. ',NULL,1,0,'namechangesreport.php',NULL,NULL,NULL,NULL),(67,'Name Report','Maps badgeid, pubsname, badgename and first and last name together (includes every record in the database regardless of status)',NULL,1,0,'namereport.php',NULL,NULL,NULL,NULL),(68,'CSV -- Report for uploading to PDA\'s','StartTime, Duration, Room, Track, Title, Participants ','2',1,1,'palmcsvreport.php',NULL,NULL,NULL,NULL),(69,'CSV -- Report for Program Panel Merge','sessionid,room,start time,duration,track,title,participants ','2',1,1,'panelmergecsvreport.php',NULL,NULL,NULL,NULL),(70,'Participant Bio and pubname','Show the badgeid, pubsname and bio for each participant who indicated he is attending.',NULL,1,0,'partbioreport.php',NULL,NULL,NULL,NULL),(71,'Participant Interested Count','Show the number of people that are interested in attending (Interested, 1=yes, 2=no, 0=did not pick, NULL=did not hit save)',NULL,1,0,'participantinterestedcountreport.ph',NULL,NULL,NULL,NULL),(72,'Participant Interests','What is that participant interested in? ',NULL,1,0,'participantinterestsreport.php',NULL,NULL,NULL,NULL),(73,'Participant # Panel and Constraints','How many panels does each person want to be on and the other constraints they indicated',NULL,1,0,'participantnumpanelreport.php',NULL,NULL,NULL,NULL),(74,'Participant Roles','What Roles is a participant willing to take?',NULL,1,0,'participantrolesreport.php',NULL,NULL,NULL,NULL),(75,'Participant Suggestions','What is did each participant suggest?',NULL,1,0,'participantsuggestionsreport.php',NULL,NULL,NULL,NULL),(76,'Participants With People to Avoid','Show the badgeid, pubsname and list of people to avoid for each participant who indicated he is attending and listed people with whom he does not want to share a panel.',NULL,1,0,'partpickyreport.php',NULL,NULL,NULL,NULL),(77,'Categorized Session Count Report 2 ','Show count of how many sessions each participant is scheduled for broken down by division (sorted by regtype and # of prog panels)','3(a)',0,1,'partsesscategorycount2report.php','<?xml version=\"1.0\" encoding=\"UTF-8\" ?>\r\n<xsl:stylesheet version=\"1.0\" xmlns:xsl=\"http://www.w3.org/1999/XSL/Transform\">\r\n<xsl:output encoding=\"UTF-8\" indent=\"yes\" method=\"xml\" />\r\n<xsl:template match=\"/\">\r\n    <table class=\"report\">\r\n        <tr>\r\n            <th class=\"report\" >Badge ID</th>\r\n            <th class=\"report\" >Publication Name</th>\r\n            <th class=\"report\" >Registration Type</th>\r\n            <th class=\"report\" >Number of Programming Sessions</th>\r\n            <th class=\"report\" >Number of Events Sessions</th>\r\n            <th class=\"report\" >Number of Other Sessions</th>\r\n        </tr>\r\n        <xsl:for-each select=\"/doc/query[@queryName=\'participants\']/row\">\r\n            <tr>\r\n                <td class=\"report\"><xsl:value-of select=\"@badgeid\" /></td>\r\n                <td class=\"report\"><xsl:value-of select=\"@pubsname\" /></td>\r\n                <td class=\"report\"><xsl:value-of select=\"@regtype\" /></td>\r\n                <td class=\"report\"><xsl:value-of select=\"@program\" /></td>\r\n                <td class=\"report\"><xsl:value-of select=\"@events\" /></td>\r\n                <td class=\"report\"><xsl:value-of select=\"@other\" /></td>\r\n            </tr>\r\n         </xsl:for-each>   \r\n    </table>\r\n</xsl:template>\r\n\r\n</xsl:stylesheet>\r\n',NULL,NULL,NULL),(78,'Categorized Session Count Report ','Show count of how many sessions each participant is scheduled for broken down by division','3a',0,1,'partsesscategorycountreport.php','<?xml version=\"1.0\" encoding=\"UTF-8\" ?>\r\n<xsl:stylesheet version=\"1.0\" xmlns:xsl=\"http://www.w3.org/1999/XSL/Transform\">\r\n    <xsl:output encoding=\"UTF-8\" indent=\"yes\" method=\"xml\" />\r\n    <xsl:include href=\"xsl/reportInclude.xsl\" />\r\n    <xsl:template match=\"/\">\r\n        <table class=\"report\">\r\n            <tr>\r\n                <th class=\"report\" >Badge ID</th>\r\n                <th class=\"report\" >Publication Name</th>\r\n                <th class=\"report\" >Registration Type</th>\r\n                <th class=\"report\" >Number of Programming Sessions</th>\r\n                <th class=\"report\" >Number of Events Sessions</th>\r\n                <th class=\"report\" >Number of Other Sessions</th>\r\n            </tr>\r\n            <xsl:for-each select=\"/doc/query[@queryName=\'participants\']/row\">\r\n                <tr>\r\n                    <td class=\"report\"><xsl:value-of select=\"@badgeid\" /></td>\r\n                    <td class=\"report\"><xsl:value-of select=\"@pubsname\" /></td>\r\n                    <td class=\"report\"><xsl:value-of select=\"@regtype\" /></td>\r\n                    <td class=\"report\"><xsl:value-of select=\"@program\" /></td>\r\n                    <td class=\"report\"><xsl:value-of select=\"@events\" /></td>\r\n                    <td class=\"report\"><xsl:value-of select=\"@other\" /></td>\r\n                </tr>\r\n             </xsl:for-each>   \r\n        </table>\r\n    </xsl:template>\r\n\r\n</xsl:stylesheet>\r\n',NULL,NULL,NULL),(79,'Report for Pubs (CSV Version)','Report for Paul\'s Pocket Program ','2',1,1,'pocketprogramcsvreport.php',NULL,NULL,NULL,NULL),(80,'Participant Professional Qualifications ','List all program participants who are attending and their professional qualifications: (Lastname, firstname), Pubsname, Badgename, Badgeid, Qualifications','3a',0,1,'profqualsreport.php','<?xml version=\"1.0\" encoding=\"UTF-8\" ?>\r\n<xsl:stylesheet version=\"1.0\" xmlns:xsl=\"http://www.w3.org/1999/XSL/Transform\">\r\n    <xsl:output encoding=\"UTF-8\" indent=\"yes\" method=\"xml\" />\r\n    <xsl:include href=\"xsl/reportInclude.xsl\" />\r\n    <xsl:template match=\"/\">\r\n        <table class=\"report\">\r\n            <tr>\r\n                <th class=\"report\">Last name, first name</th>\r\n                <th class=\"report\">Name for Publications</th>\r\n                <th class=\"report\">Email address</th>\r\n                <th class=\"report\">Badge Id</th>\r\n                <th class=\"report\">Professional Qualifications</th>\r\n            </tr>\r\n            <xsl:apply-templates select=\"/doc/query[@queryName=\'participants\']/row\"/>\r\n        </table>\r\n    </xsl:template>\r\n    <xsl:template match=\"/doc/query[@queryName=\'participants\']/row\">\r\n        <xsl:variable name=\"badgeid\" select=\"@badgeid\"/>\r\n        <tr>\r\n            <td class=\"report\"><xsl:value-of select=\"@name\"/></td>\r\n            <td class=\"report\"><xsl:value-of select=\"@pubsname\"/></td>\r\n            <td class=\"report\"><xsl:value-of select=\"@email\"/></td>\r\n            <td class=\"report\"><xsl:call-template name=\"showBadgeid\"><xsl:with-param name=\"badgeid\" select=\"@badgeid\"/></xsl:call-template></td>\r\n            <td class=\"report\">\r\n                <xsl:for-each select=\"/doc/query[@queryName = \'credentials\']/row[@badgeid = $badgeid]\">\r\n                    <div><xsl:value-of select=\"@credentialname\"/></div>\r\n                </xsl:for-each>\r\n            </td>\r\n        </tr>\r\n    </xsl:template>\r\n</xsl:stylesheet>\r\n',NULL,NULL,NULL),(81,'Program AV Grid','Show Service Requests on a grid. ','3a',0,1,'progavgridreport.php','<?xml version=\"1.0\" encoding=\"UTF-8\" ?>\r\n<xsl:stylesheet version=\"1.0\" xmlns:xsl=\"http://www.w3.org/1999/XSL/Transform\">\r\n    <xsl:output encoding=\"UTF-8\" indent=\"yes\" method=\"xml\" />\r\n    <xsl:include href=\"xsl/reportInclude.xsl\" />\r\n    <xsl:template match=\"/\">\r\n        <table class=\"report\">\r\n            <tr>\r\n                <th class=\"report\" style=\"\">Time</th>\r\n                <xsl:call-template name=\"rooms\" />\r\n            </tr>\r\n            <xsl:for-each select=\"/doc/query[@queryName=\'times\']/row\">\r\n                <xsl:variable name=\"starttime\" select=\"@starttime\" />\r\n                <tr>\r\n                    <td class=\"report\"><xsl:value-of select=\"@starttimeFMT\" /></td>\r\n                    <xsl:for-each select=\"/doc/query[@queryName=\'rooms\']/row\">\r\n                        <xsl:variable name=\"roomid\" select=\"@roomid\" />\r\n                        <xsl:variable name=\"sessionid\" select=\"/doc/query[@queryName=\'sessions\']/row[@roomid=$roomid and @starttime=$starttime]/@sessionid\" />\r\n                        <td class=\"report\">\r\n                            <xsl:choose>\r\n                                <xsl:when test=\"$sessionid\">\r\n                                    <xsl:call-template name=\"showSessionidWithTitle\">\r\n                                        <xsl:with-param name=\"sessionid\" select = \"$sessionid\" />\r\n                                        <xsl:with-param name=\"title\" select = \"/doc/query[@queryName=\'sessions\']/row[@sessionid=$sessionid]/@title\" />\r\n                                    </xsl:call-template>\r\n                                    <xsl:text> </xsl:text><span style=\"color:green\"><xsl:value-of select=\"/doc/query[@queryName=\'sessions\']/row[@sessionid=$sessionid]/@duration\" /></span><br />\r\n                                    <xsl:call-template name=\"services\">\r\n                                        <xsl:with-param name=\"session\" select=\"$sessionid\" />\r\n                                    </xsl:call-template>                          \r\n                                </xsl:when>\r\n                                <xsl:otherwise>\r\n                                    <xsl:text disable-output-escaping=\"yes\">&amp;nbsp;</xsl:text>\r\n                                </xsl:otherwise>\r\n                            </xsl:choose>\r\n                        </td>\r\n                    </xsl:for-each>\r\n                </tr>\r\n             </xsl:for-each>   \r\n        </table>\r\n    </xsl:template>\r\n\r\n    <xsl:template name=\"rooms\">\r\n        <xsl:for-each select=\"/doc/query[@queryName=\'rooms\']/row\">\r\n            <th class=\"report\">\r\n                <xsl:call-template name=\"showRoomName\">\r\n                    <xsl:with-param name=\"roomid\" select = \"@roomid\" />\r\n                    <xsl:with-param name=\"roomname\" select = \"@roomname\" />\r\n                </xsl:call-template>\r\n            </th>\r\n        </xsl:for-each>\r\n    </xsl:template>\r\n\r\n    <xsl:template name=\"services\">\r\n        <xsl:param name=\"session\" />\r\n        <xsl:for-each select=\"/doc/query[@queryName=\'services\']/row[@sessionid=$session]\">\r\n            <xsl:value-of select=\"@servicename\" /><br />\r\n        </xsl:for-each>\r\n    </xsl:template>\r\n\r\n</xsl:stylesheet>\r\n',NULL,NULL,19),(82,'Full Participant Schedule for the Program Packet Merge','sessionid, room, starttime, duration, (badgeid, pubsname, mod)',NULL,1,0,'progpanelmergereport.php',NULL,NULL,NULL,NULL),(83,'Published Program Panel Grid','Display published schedule of program division sessions with room on horizontal axis and time on vertical. This excludes any item marked \"Do Not Print\". ','3a',0,1,'programgridreport.php','<?xml version=\"1.0\" encoding=\"UTF-8\" ?>\r\n<xsl:stylesheet version=\"1.0\" xmlns:xsl=\"http://www.w3.org/1999/XSL/Transform\">\r\n    <xsl:output encoding=\"UTF-8\" indent=\"yes\" method=\"xml\" />\r\n    <xsl:include href=\"xsl/reportInclude.xsl\" />\r\n    <xsl:template match=\"/\">\r\n        <table class=\"report\">\r\n            <tr>\r\n                <th class=\"report\" style=\"\">Time</th>\r\n                <xsl:call-template name=\"rooms\" />\r\n            </tr>\r\n            <xsl:for-each select=\"/doc/query[@queryName=\'times\']/row\">\r\n                <xsl:variable name=\"starttime\" select=\"@starttime\" />\r\n                <tr>\r\n                    <td class=\"report\"><xsl:value-of select=\"@starttimeFMT\" /></td>\r\n                    <xsl:for-each select=\"/doc/query[@queryName=\'rooms\']/row\">\r\n                        <xsl:variable name=\"roomid\" select=\"@roomid\" />\r\n                        <xsl:variable name=\"sessionid\" select=\"/doc/query[@queryName=\'sessions\']/row[@roomid=$roomid and @starttime=$starttime]/@sessionid\" />\r\n                        <td class=\"report\">\r\n                            <xsl:choose>\r\n                            <xsl:when test=\"/doc/query[@queryName=\'sessions\']/row[@roomid=$roomid and @starttime=$starttime]\">\r\n                                <xsl:for-each select=\"/doc/query[@queryName=\'sessions\']/row[@roomid=$roomid and @starttime=$starttime]\">\r\n                                    (<xsl:call-template name=\"showSessionid\"><xsl:with-param name=\"sessionid\" select = \"@sessionid\" /></xsl:call-template>) \r\n                                    <xsl:call-template name=\"showSessionTitle\">\r\n                                        <xsl:with-param name=\"sessionid\" select = \"@sessionid\" />\r\n                                        <xsl:with-param name=\"title\" select = \"@title\" />\r\n                                    </xsl:call-template>\r\n                                    (<xsl:value-of select=\"@duration\" />)\r\n                                    <br />\r\n                                </xsl:for-each>\r\n                            </xsl:when>\r\n                                <xsl:otherwise>\r\n                                    <xsl:text disable-output-escaping=\"yes\">&amp;nbsp;</xsl:text>\r\n                                </xsl:otherwise>\r\n                            </xsl:choose>\r\n                        </td>\r\n                    </xsl:for-each>\r\n                </tr>\r\n            </xsl:for-each>   \r\n        </table>\r\n    </xsl:template>\r\n\r\n    <xsl:template name=\"rooms\">\r\n        <xsl:for-each select=\"/doc/query[@queryName=\'rooms\']/row\">\r\n            <th class=\"report\">\r\n                <xsl:call-template name=\"showRoomName\">\r\n                    <xsl:with-param name=\"roomid\" select = \"@roomid\" />\r\n                    <xsl:with-param name=\"roomname\" select = \"@roomname\" />\r\n                </xsl:call-template>\r\n            </th>\r\n        </xsl:for-each>\r\n    </xsl:template>\r\n\r\n</xsl:stylesheet>\r\n',NULL,NULL,13),(84,'CSV - Session Characteristics plus long description','For Scheduled items ONLY. Show sessionid, track, type, divisionid, pubstatusid, pubno, pubchardest, kids, title, long description ','2',1,1,'publongdesccsvreport.php',NULL,NULL,NULL,NULL),(85,'Pubs - Session Characteristics plus long description','For Scheduled items ONLY. Show sessionid, track, type, divisionid, pubstatusid, pubno, pubchardest, kids, title, long description','1',1,0,'publongdescreport.php',NULL,NULL,NULL,NULL),(86,'CSV - Biographies for publication','Show the badgeid, all names, and bio for each participant who is on at least one scheduled session. ','2',1,1,'pubsbiocsvreport.php',NULL,NULL,NULL,NULL),(87,'Pubs - Participant Bio and pubname','Show the badgeid, pubsname and bio for each participant who is on at least one scheduled session.',NULL,1,0,'pubsbioreport.php',NULL,NULL,NULL,NULL),(88,'Report for Pubs','Report for Paul\'s Pocket Program',NULL,1,0,'pubsreport.php',NULL,NULL,NULL,NULL),(89,'Room Configuration','List all configurable information associated with rooms.','3(a)',0,1,'roomconfigreport.php','<?xml version=\"1.0\" encoding=\"UTF-8\" ?>\r\n<xsl:stylesheet version=\"1.0\" xmlns:xsl=\"http://www.w3.org/1999/XSL/Transform\">\r\n<xsl:output encoding=\"UTF-8\" indent=\"yes\" method=\"xml\" />\r\n<xsl:template match=\"/\">\r\n    <table class=\"report\">\r\n        <tr>\r\n            <th rowspan = \"2\" class=\"report\" style=\"\">Room Id</th>\r\n            <th class=\"report\" style=\"\">Room Name</th>\r\n            <th class=\"report\" style=\"\">Height</th>\r\n            <th class=\"report\" style=\"\">Dimensions</th>\r\n            <th class=\"report\" style=\"\">Area</th>\r\n            <th class=\"report\" style=\"\">Function</th>\r\n            <th class=\"report\" style=\"\">Floor</th>\r\n            <th class=\"report\" style=\"\">Notes</th>\r\n            <th class=\"report\" style=\"\" title=\"rooms.is_scheduled\">To be scheduled*</th>\r\n            <th class=\"report\" style=\"\">Has been scheduled</th>\r\n        </tr>\r\n        <tr>\r\n            <th class=\"report\" colspan = \"4\" style=\"\">Times</th>\r\n            <th class=\"report\" colspan = \"5\" style=\"\">Room Sets</th>\r\n        </tr>\r\n        <xsl:apply-templates select=\"/doc/query[@queryName=\'rooms\']/row\" />\r\n    </table>\r\n</xsl:template>\r\n<xsl:template match=\"/doc/query[@queryName=\'rooms\']/row\">\r\n    <xsl:variable name=\"roomid\" select=\"@roomid\" />\r\n    <tr>\r\n        <td rowspan=\"2\" class=\"report\"><xsl:value-of select=\"@roomid\"/></td>\r\n        <td class=\"report\"><xsl:value-of select=\"@roomname\"/></td>\r\n        <td class=\"report\"><xsl:value-of select=\"@height\"/></td>\r\n        <td class=\"report\"><xsl:value-of select=\"@dimensions\"/></td>\r\n        <td class=\"report\"><xsl:value-of select=\"@area\"/></td>\r\n        <td class=\"report\"><xsl:value-of select=\"@function\"/></td>\r\n        <td class=\"report\"><xsl:value-of select=\"@floor\"/></td>\r\n        <td class=\"report\"><xsl:value-of select=\"@notes\"/></td>\r\n        <td class=\"report\"><xsl:value-of select=\"@is_scheduled\"/></td>\r\n        <td class=\"report\"><xsl:value-of select=\"@scheduled\"/></td>\r\n    </tr>\r\n    <tr>\r\n        <td colspan=\"4\" class=\"report\">\r\n            <xsl:choose>\r\n                <xsl:when test=\"@opentime1 or @closetime1\">\r\n                    <xsl:value-of select=\"@opentime1\"/><xsl:text> - </xsl:text><xsl:value-of select=\"@closetime1\"/><br />\r\n                </xsl:when>\r\n                <xsl:otherwise><xsl:text disable-output-escaping=\"yes\">&amp;nbsp;</xsl:text></xsl:otherwise>\r\n            </xsl:choose>\r\n            <xsl:choose>\r\n                <xsl:when test=\"@opentime2 or @closetime2\">\r\n                    <xsl:value-of select=\"@opentime2\"/><xsl:text> - </xsl:text><xsl:value-of select=\"@closetime2\"/><br />\r\n                </xsl:when>\r\n                <xsl:otherwise><xsl:text disable-output-escaping=\"yes\">&amp;nbsp;</xsl:text></xsl:otherwise>\r\n            </xsl:choose>\r\n            <xsl:choose>\r\n                <xsl:when test=\"@opentime3 or @closetime3\">\r\n                    <xsl:value-of select=\"@opentime3\"/><xsl:text> - </xsl:text><xsl:value-of select=\"@closetime3\"/><br />\r\n                </xsl:when>\r\n                <xsl:otherwise><xsl:text disable-output-escaping=\"yes\">&amp;nbsp;</xsl:text></xsl:otherwise>\r\n            </xsl:choose>\r\n        </td>\r\n        <td colspan=\"5\" class=\"report\">\r\n            <xsl:apply-templates select=\"/doc/query[@queryName=\'roomsets\']/row[@roomid=$roomid]\" /><xsl:text disable-output-escaping=\"yes\">&amp;nbsp;</xsl:text>\r\n        </td>\r\n    </tr>\r\n</xsl:template>\r\n<xsl:template match=\"/doc/query[@queryName=\'roomsets\']/row\">\r\n    <xsl:value-of select=\"@roomsetname\"/><xsl:text> : </xsl:text><xsl:value-of select=\"@capacity\"/><br />\r\n</xsl:template>\r\n</xsl:stylesheet>',NULL,NULL,NULL),(90,'Room Turns 2','List of all Sessions with track or type of \"room turn\" (Sorted by room, then time.) ','3a',0,1,'roomturn2report.php','<?xml version=\"1.0\" encoding=\"UTF-8\" ?>\r\n<xsl:stylesheet version=\"1.0\" xmlns:xsl=\"http://www.w3.org/1999/XSL/Transform\">\r\n    <xsl:output encoding=\"UTF-8\" indent=\"yes\" method=\"xml\" />\r\n    <xsl:include href=\"xsl/reportInclude.xsl\" />\r\n    <xsl:template match=\"/\">\r\n        <table class=\"report\">\r\n            <tr>\r\n                <th class=\"report\" style=\"width:3.2em\">Start Day</th>\r\n                <th class=\"report\" style=\"width:3.2em\">Start Time</th>\r\n                <th class=\"report\" style=\"width:3.2em\">End Time</th>\r\n                <th class=\"report\" style=\"width:9em\">Room</th>\r\n                <th class=\"report\">Session</th>\r\n                <th class=\"report\" style=\"min-width:20em\">Title</th>\r\n                <th class=\"report\" style=\"width:7em\">Room Set Name</th>\r\n                <th class=\"report\">Notes for Tech and Hotel</th>\r\n            </tr>\r\n            <xsl:apply-templates select=\"/doc/query[@queryName=\'report\']/row\"/>\r\n        </table>\r\n    </xsl:template>\r\n\r\n    <xsl:template match=\"/doc/query[@queryName=\'report\']/row\">\r\n        <tr>\r\n            <td class=\"report\"><xsl:value-of select=\"@startday\"/></td>\r\n            <td class=\"report\"><xsl:value-of select=\"@starttime\"/></td>\r\n            <td class=\"report\"><xsl:value-of select=\"@endtime\"/></td>\r\n            <td class=\"report\">\r\n                <xsl:call-template name=\"showRoomName\">\r\n                    <xsl:with-param name=\"roomid\" select = \"@roomid\" />\r\n                    <xsl:with-param name=\"roomname\" select = \"@roomname\" />\r\n                </xsl:call-template>\r\n            </td>\r\n            <td class=\"report\"><xsl:call-template name=\"showSessionid\"><xsl:with-param name=\"sessionid\" select = \"@sessionid\" /></xsl:call-template></td>\r\n            <td class=\"report\">\r\n                <xsl:call-template name=\"showSessionTitle\">\r\n                    <xsl:with-param name=\"sessionid\" select = \"@sessionid\" />\r\n                    <xsl:with-param name=\"title\" select = \"@title\" />\r\n                </xsl:call-template>    \r\n            </td>\r\n            <td class=\"report\"><xsl:value-of select=\"@roomsetname\"/></td>\r\n            <td class=\"report\"><xsl:value-of select=\"@servicenotes\"/></td>\r\n        </tr>\r\n    </xsl:template>\r\n</xsl:stylesheet>\r\n',NULL,NULL,NULL),(91,'Room Turns','List of all Sessions with track or type of \"room turn\"','3a',0,1,'roomturnreport.php','<?xml version=\"1.0\" encoding=\"UTF-8\" ?>\r\n<xsl:stylesheet version=\"1.0\" xmlns:xsl=\"http://www.w3.org/1999/XSL/Transform\">\r\n    <xsl:output encoding=\"UTF-8\" indent=\"yes\" method=\"xml\" />\r\n    <xsl:include href=\"xsl/reportInclude.xsl\" />\r\n    <xsl:template match=\"/\">\r\n        <table class=\"report\">\r\n            <tr>\r\n                <th class=\"report\" style=\"width:3.2em\">Start Day</th>\r\n                <th class=\"report\" style=\"width:3.2em\">Start Time</th>\r\n                <th class=\"report\" style=\"width:3.2em\">End Time</th>\r\n                <th class=\"report\" style=\"width:9em\">Room</th>\r\n                <th class=\"report\">Session</th>\r\n                <th class=\"report\" style=\"min-width:20em\">Title</th>\r\n                <th class=\"report\" style=\"width:7em\">Room Set Name</th>\r\n                <th class=\"report\">Notes for Tech and Hotel</th>\r\n            </tr>\r\n            <xsl:apply-templates select=\"/doc/query[@queryName=\'report\']/row\"/>\r\n        </table>\r\n    </xsl:template>\r\n\r\n    <xsl:template match=\"/doc/query[@queryName=\'report\']/row\">\r\n        <tr>\r\n            <td class=\"report\"><xsl:value-of select=\"@startday\"/></td>\r\n            <td class=\"report\"><xsl:value-of select=\"@starttime\"/></td>\r\n            <td class=\"report\"><xsl:value-of select=\"@endtime\"/></td>\r\n            <td class=\"report\">\r\n                <xsl:call-template name=\"showRoomName\">\r\n                    <xsl:with-param name=\"roomid\" select = \"@roomid\" />\r\n                    <xsl:with-param name=\"roomname\" select = \"@roomname\" />\r\n                </xsl:call-template>\r\n            </td>\r\n            <td class=\"report\"><xsl:call-template name=\"showSessionid\"><xsl:with-param name=\"sessionid\" select = \"@sessionid\" /></xsl:call-template></td>\r\n            <td class=\"report\">\r\n                <xsl:call-template name=\"showSessionTitle\">\r\n                    <xsl:with-param name=\"sessionid\" select = \"@sessionid\" />\r\n                    <xsl:with-param name=\"title\" select = \"@title\" />\r\n                </xsl:call-template>    \r\n            </td>\r\n            <td class=\"report\"><xsl:value-of select=\"@roomsetname\"/></td>\r\n            <td class=\"report\"><xsl:value-of select=\"@servicenotes\"/></td>\r\n        </tr>\r\n    </xsl:template>\r\n</xsl:stylesheet>\r\n',NULL,NULL,NULL),(92,'Participant availablity','When they said they were available.',NULL,1,0,'schedpartavailreport.php',NULL,NULL,NULL,NULL),(93,'Session Edit History Report - All','For each session, show the entire edit history.',NULL,1,0,'sessionedithistoryallreport.php',NULL,NULL,NULL,NULL),(94,'Session Edit History Report ','Show the most recent edit activity for each session (sorted by time).',NULL,1,0,'sessioneditreport.php',NULL,NULL,NULL,NULL),(95,'Assigned, Interested and Not-scheduled Report','These are sessions that are in need of a home in the schedule',NULL,1,0,'sessionintassncountsreport.php',NULL,NULL,NULL,NULL),(96,'Session Interest Report (counts)','For each session, show number of participants who have put it on their interest list. (Excludes invited guest sessions.)',NULL,1,0,'sessioninterestcountreport.php',NULL,NULL,NULL,NULL),(97,'Session Interest Counts by Participant','Just how many panels did each participant sign up for anyway?',NULL,1,0,'sessioninterestpartcountreport.php',NULL,NULL,NULL,NULL),(98,'Session Interest by participant (all info)','Shows who has expressed interest in each session, how they ranked it, what they said, if they will moderate... Large Report. (All data included including for invited sessions.) order by participant',NULL,1,0,'sessioninterestpartreport.php',NULL,NULL,NULL,NULL),(99,'Session Interest Report (all info)','Shows who has expressed interest in each session, how they ranked it, what they said, if they will moderate... Large Report. (All data included including for invited sessions.)',NULL,1,0,'sessioninterestreport.php',NULL,NULL,NULL,NULL),(100,'Session Notes','Interesting info on a Session for sessions whose status is one of EditMe, Brainstorm, Vetted, Assigned, or Scheduled','3a',0,1,'sessionnotesreport.php','<?xml version=\"1.0\" encoding=\"UTF-8\" ?>\r\n<xsl:stylesheet version=\"1.0\" xmlns:xsl=\"http://www.w3.org/1999/XSL/Transform\">\r\n    <xsl:output encoding=\"UTF-8\" indent=\"yes\" method=\"xml\" />\r\n    <xsl:include href=\"xsl/reportInclude.xsl\" />\r\n    <xsl:template match=\"/\">\r\n        <table class=\"report\">\r\n            <tr>\r\n                <th class=\"report\">Session ID</th>\r\n                <th class=\"report\">Title</th>\r\n                <th class=\"report\">Track</th>\r\n                <th class=\"report\">Invited Guest Only</th>\r\n                <th class=\"report\">Hotel and Tech Notes</th>\r\n                <th class=\"report\">Notes for Programming</th>\r\n            </tr>\r\n            <xsl:apply-templates select=\"/doc/query[@queryName=\'sessions\']/row\"/>\r\n        </table>\r\n    </xsl:template>\r\n    <xsl:template match=\"/doc/query[@queryName=\'sessions\']/row\">\r\n        <tr>\r\n            <td class=\"report\"><xsl:call-template name=\"showSessionid\"><xsl:with-param name=\"sessionid\" select = \"@sessionid\" /></xsl:call-template></td>\r\n            <td class=\"report\">\r\n                <xsl:call-template name=\"showSessionTitle\">\r\n                    <xsl:with-param name=\"sessionid\" select = \"@sessionid\" />\r\n                    <xsl:with-param name=\"title\" select = \"@title\" />\r\n                </xsl:call-template>\r\n            </td>\r\n            <td class=\"report\"><xsl:value-of select=\"@trackname\"/></td>\r\n            <td class=\"report\"><xsl:value-of select=\"@invitedguest\"/></td>\r\n            <td class=\"report\"><xsl:value-of select=\"@servicenotes\"/></td>\r\n            <td class=\"report\"><xsl:value-of select=\"@notesforprog\"/></td>\r\n        </tr>\r\n    </xsl:template>\r\n</xsl:stylesheet>\r\n',NULL,NULL,NULL),(101,'Staff Members','List Staff Members and their priviliges','3a',0,1,'staffmembersreport.php','<?xml version=\"1.0\" encoding=\"UTF-8\" ?>\r\n<xsl:stylesheet version=\"1.0\" xmlns:xsl=\"http://www.w3.org/1999/XSL/Transform\">\r\n    <xsl:output encoding=\"UTF-8\" indent=\"yes\" method=\"xml\" />\r\n    <xsl:include href=\"xsl/reportInclude.xsl\" />\r\n    <xsl:template match=\"/\">\r\n        <table class=\"report\">\r\n            <tr>\r\n                <th class=\"report\">Badgeid</th>\r\n                <th class=\"report\">Name</th>\r\n                <th class=\"report\">Password</th>\r\n                <th class=\"report\">Permission roles</th>\r\n            </tr>\r\n            <xsl:apply-templates select=\"/doc/query[@queryName=\'staff\']/row\"/>\r\n        </table>\r\n    </xsl:template>\r\n    <xsl:template match=\"/doc/query[@queryName=\'staff\']/row\">\r\n        <xsl:variable name=\"badgeid\" select=\"@badgeid\" />\r\n        <tr>\r\n            <td class=\"report\"><xsl:call-template name=\"showBadgeid\"><xsl:with-param name=\"badgeid\" select=\"@badgeid\"/></xsl:call-template></td>\r\n            <td class=\"report\"><xsl:value-of select=\"@name\"/></td>\r\n            <td class=\"report\"><xsl:value-of select=\"@password\"/></td>\r\n            <td class=\"report\">\r\n                <xsl:apply-templates select=\"/doc/query[@queryName = \'privileges\']/row[@badgeid = $badgeid]\"/>\r\n            </td>\r\n        </tr>\r\n    </xsl:template>\r\n    <xsl:template match=\"/doc/query[@queryName=\'privileges\']/row\">\r\n        <div><xsl:value-of select=\"@permrolename\"/></div>\r\n    </xsl:template>\r\n</xsl:stylesheet>\r\n',NULL,NULL,NULL),(102,'Unpublished Grid','Display only the scheduled sessions that are \"Do-Not-Print\" with rooms on horizontal axis and time on vertical. ','3a',0,1,'staffonlygridreport.php','<?xml version=\"1.0\" encoding=\"UTF-8\" ?>\r\n<xsl:stylesheet version=\"1.0\" xmlns:xsl=\"http://www.w3.org/1999/XSL/Transform\">\r\n    <xsl:output encoding=\"UTF-8\" indent=\"yes\" method=\"xml\" />\r\n    <xsl:include href=\"xsl/reportInclude.xsl\" />\r\n    <xsl:template match=\"/\">\r\n        <table class=\"report\">\r\n            <tr>\r\n                <th class=\"report\" style=\"\">Time</th>\r\n                <xsl:call-template name=\"rooms\" />\r\n            </tr>\r\n            <xsl:for-each select=\"/doc/query[@queryName=\'times\']/row\">\r\n                <xsl:variable name=\"starttime\" select=\"@starttime\" />\r\n                <tr>\r\n                    <td class=\"report\"><xsl:value-of select=\"@starttimeFMT\" /></td>\r\n                    <xsl:for-each select=\"/doc/query[@queryName=\'rooms\']/row\">\r\n                        <xsl:variable name=\"roomid\" select=\"@roomid\" />\r\n                        <xsl:variable name=\"sessionid\" select=\"/doc/query[@queryName=\'sessions\']/row[@roomid=$roomid and @starttime=$starttime]/@sessionid\" />\r\n                        <td class=\"report\">\r\n                            <xsl:choose>\r\n                            <xsl:when test=\"/doc/query[@queryName=\'sessions\']/row[@roomid=$roomid and @starttime=$starttime]\">\r\n                                <xsl:for-each select=\"/doc/query[@queryName=\'sessions\']/row[@roomid=$roomid and @starttime=$starttime]\">\r\n                                    (<xsl:call-template name=\"showSessionid\"><xsl:with-param name=\"sessionid\" select = \"@sessionid\" /></xsl:call-template>) \r\n                                    <xsl:call-template name=\"showSessionTitle\">\r\n                                        <xsl:with-param name=\"sessionid\" select = \"@sessionid\" />\r\n                                        <xsl:with-param name=\"title\" select = \"@title\" />\r\n                                    </xsl:call-template>\r\n                                    (<xsl:value-of select=\"@duration\" />)\r\n                                    <br />\r\n                                </xsl:for-each>\r\n                            </xsl:when>\r\n                                <xsl:otherwise>\r\n                                    <xsl:text disable-output-escaping=\"yes\">&amp;nbsp;</xsl:text>\r\n                                </xsl:otherwise>\r\n                            </xsl:choose>\r\n                        </td>\r\n                    </xsl:for-each>\r\n                </tr>\r\n            </xsl:for-each>   \r\n        </table>\r\n    </xsl:template>\r\n\r\n    <xsl:template name=\"rooms\">\r\n        <xsl:for-each select=\"/doc/query[@queryName=\'rooms\']/row\">\r\n            <th class=\"report\">\r\n                <xsl:call-template name=\"showRoomName\">\r\n                    <xsl:with-param name=\"roomid\" select = \"@roomid\" />\r\n                    <xsl:with-param name=\"roomname\" select = \"@roomname\" />\r\n                </xsl:call-template>\r\n            </th>\r\n        </xsl:for-each>\r\n    </xsl:template>\r\n\r\n</xsl:stylesheet>\r\n',NULL,NULL,18),(103,'Session Features','Which Session needs which Features? (Sorted by room then time)',NULL,1,0,'thsessionfeaturereport.php',NULL,NULL,NULL,NULL),(104,'Session roomsets','What roomsets are we using (Sorted by Room then Time)',NULL,1,0,'thsessionroomsetsreport.php',NULL,NULL,NULL,NULL),(105,'Session Services','Which Session needs which Services? (Sorted by room then time)',NULL,1,0,'thsessionservicesreport.php',NULL,NULL,NULL,NULL),(106,'Session Services by Service','Which Session needs which Services? (Sorted by service then time)',NULL,1,0,'thsessionservicesservicereport.php',NULL,NULL,NULL,NULL),(107,'Session Tech and Hotel notes','What notes are in on this panel for tech and hotel? (sorted by room then time)','3a',0,1,'thsessiontechnotesreport.php','<?xml version=\"1.0\" encoding=\"UTF-8\" ?>\r\n<xsl:stylesheet version=\"1.0\" xmlns:xsl=\"http://www.w3.org/1999/XSL/Transform\">\r\n    <xsl:output encoding=\"UTF-8\" indent=\"yes\" method=\"xml\" />\r\n    <xsl:include href=\"xsl/reportInclude.xsl\" />\r\n    <xsl:template match=\"/\">\r\n        <table class=\"report\">\r\n            <tr>\r\n                <th class=\"report\">Room name</th>\r\n                <th class=\"report\">Start time</th>\r\n                <th class=\"report\">Duration</th>\r\n                <th class=\"report\">Track name</th>\r\n                <th class=\"report\">Session ID</th>\r\n                <th class=\"report\">Title</th>\r\n                <th class=\"report\">Service Notes</th>\r\n            </tr>\r\n            <xsl:apply-templates select=\"/doc/query[@queryName=\'sessions\']/row\"/>\r\n        </table>\r\n    </xsl:template>\r\n    <xsl:template match=\"/doc/query[@queryName=\'sessions\']/row\">\r\n        <tr>\r\n            <td class=\"report\">\r\n                <xsl:call-template name=\"showRoomName\">\r\n                    <xsl:with-param name=\"roomid\" select = \"@roomid\" />\r\n                    <xsl:with-param name=\"roomname\" select = \"@roomname\" />\r\n                </xsl:call-template>\r\n            </td>\r\n            <td class=\"report\"><xsl:value-of select=\"@startTime\"/></td>\r\n            <td class=\"report\"><xsl:value-of select=\"@duration\"/></td>\r\n            <td class=\"report\"><xsl:value-of select=\"@trackname\"/></td>\r\n            <td class=\"report\"><xsl:call-template name=\"showSessionid\"><xsl:with-param name=\"sessionid\" select = \"@sessionid\" /></xsl:call-template></td>\r\n            <td class=\"report\">\r\n                <xsl:call-template name=\"showSessionTitle\">\r\n                    <xsl:with-param name=\"sessionid\" select = \"@sessionid\" />\r\n                    <xsl:with-param name=\"title\" select = \"@title\" />\r\n                </xsl:call-template>\r\n            </td>\r\n            <td class=\"report\"><xsl:value-of select=\"@servicenotes\"/></td>\r\n        </tr>\r\n    </xsl:template>\r\n</xsl:stylesheet>\r\n',NULL,NULL,NULL),(108,'Unabridged Program Panel Grid','Display complete schedule of program division sessions with rooms on horizontal axis and time on vertical. This includes any item marked \"Do Not Print\". ','3a',0,1,'unabrprogpangridreport.php','<?xml version=\"1.0\" encoding=\"UTF-8\" ?>\r\n<xsl:stylesheet version=\"1.0\" xmlns:xsl=\"http://www.w3.org/1999/XSL/Transform\">\r\n    <xsl:output encoding=\"UTF-8\" indent=\"yes\" method=\"xml\" />\r\n    <xsl:include href=\"xsl/reportInclude.xsl\" />\r\n    <xsl:template match=\"/\">\r\n        <table class=\"report\">\r\n            <tr>\r\n                <th class=\"report\" style=\"\">Time</th>\r\n                <xsl:call-template name=\"rooms\" />\r\n            </tr>\r\n            <xsl:for-each select=\"/doc/query[@queryName=\'times\']/row\">\r\n                <xsl:variable name=\"starttime\" select=\"@starttime\" />\r\n                <tr>\r\n                    <td class=\"report\"><xsl:value-of select=\"@starttimeFMT\" /></td>\r\n                    <xsl:for-each select=\"/doc/query[@queryName=\'rooms\']/row\">\r\n                        <xsl:variable name=\"roomid\" select=\"@roomid\" />\r\n                        <xsl:variable name=\"sessionid\" select=\"/doc/query[@queryName=\'sessions\']/row[@roomid=$roomid and @starttime=$starttime]/@sessionid\" />\r\n                        <td class=\"report\">\r\n                            <xsl:choose>\r\n                            <xsl:when test=\"/doc/query[@queryName=\'sessions\']/row[@roomid=$roomid and @starttime=$starttime]\">\r\n                                <xsl:for-each select=\"/doc/query[@queryName=\'sessions\']/row[@roomid=$roomid and @starttime=$starttime]\">\r\n                                    (<xsl:call-template name=\"showSessionid\"><xsl:with-param name=\"sessionid\" select = \"@sessionid\" /></xsl:call-template>) \r\n                                    <xsl:call-template name=\"showSessionTitle\">\r\n                                        <xsl:with-param name=\"sessionid\" select = \"@sessionid\" />\r\n                                        <xsl:with-param name=\"title\" select = \"@title\" />\r\n                                    </xsl:call-template>\r\n                                    (<xsl:value-of select=\"@duration\" />)\r\n                                    <br />\r\n                                </xsl:for-each>\r\n                            </xsl:when>\r\n                                <xsl:otherwise>\r\n                                    <xsl:text disable-output-escaping=\"yes\">&amp;nbsp;</xsl:text>\r\n                                </xsl:otherwise>\r\n                            </xsl:choose>\r\n                        </td>\r\n                    </xsl:for-each>\r\n                </tr>\r\n            </xsl:for-each>   \r\n        </table>\r\n    </xsl:template>\r\n\r\n    <xsl:template name=\"rooms\">\r\n        <xsl:for-each select=\"/doc/query[@queryName=\'rooms\']/row\">\r\n            <th class=\"report\">\r\n                <xsl:call-template name=\"showRoomName\">\r\n                    <xsl:with-param name=\"roomid\" select = \"@roomid\" />\r\n                    <xsl:with-param name=\"roomname\" select = \"@roomname\" />\r\n                </xsl:call-template>\r\n            </th>\r\n        </xsl:for-each>\r\n    </xsl:template>\r\n\r\n</xsl:stylesheet>\r\n',NULL,NULL,14);
/*!40000 ALTER TABLE `ReportTypes` ENABLE KEYS */;
UNLOCK TABLES;

--
-- Table structure for table `Roles`
--

DROP TABLE IF EXISTS `Roles`;
/*!40101 SET @saved_cs_client     = @@character_set_client */;
/*!40101 SET character_set_client = utf8 */;
CREATE TABLE `Roles` (
  `roleid` int(11) NOT NULL AUTO_INCREMENT,
  `rolename` varchar(50) DEFAULT NULL,
  `display_order` int(11) DEFAULT NULL,
  PRIMARY KEY (`roleid`)
) ENGINE=InnoDB AUTO_INCREMENT=14 DEFAULT CHARSET=utf8;
/*!40101 SET character_set_client = @saved_cs_client */;

--
-- Dumping data for table `Roles`
--

LOCK TABLES `Roles` WRITE;
/*!40000 ALTER TABLE `Roles` DISABLE KEYS */;
INSERT INTO `Roles` VALUES (1,'Other',-1),(2,'Reading my own works',3),(3,'Autographing',4),(5,'Performing',6),(6,'Running workshops',7),(7,'Leading discussions',8),(8,'Running games',9),(9,'Working with children',10),(10,'Panel Moderator',2),(11,'Improv',11),(12,'Storytelling',12),(13,'Join Arisia Volunteer Staff',13);
/*!40000 ALTER TABLE `Roles` ENABLE KEYS */;
UNLOCK TABLES;

--
-- Table structure for table `RoomHasSet`
--

DROP TABLE IF EXISTS `RoomHasSet`;
/*!40101 SET @saved_cs_client     = @@character_set_client */;
/*!40101 SET character_set_client = utf8 */;
CREATE TABLE `RoomHasSet` (
  `roomid` int(11) NOT NULL DEFAULT '0',
  `roomsetid` int(11) NOT NULL DEFAULT '0',
  `capacity` int(11) DEFAULT NULL,
  PRIMARY KEY (`roomid`,`roomsetid`),
  KEY `roomsetid` (`roomsetid`),
  CONSTRAINT `RoomHasSet_ibfk_1` FOREIGN KEY (`roomid`) REFERENCES `Rooms` (`roomid`),
  CONSTRAINT `RoomHasSet_ibfk_2` FOREIGN KEY (`roomsetid`) REFERENCES `RoomSets` (`roomsetid`)
) ENGINE=InnoDB DEFAULT CHARSET=utf8;
/*!40101 SET character_set_client = @saved_cs_client */;

--
-- Dumping data for table `RoomHasSet`
--

LOCK TABLES `RoomHasSet` WRITE;
/*!40000 ALTER TABLE `RoomHasSet` DISABLE KEYS */;
INSERT INTO `RoomHasSet` VALUES (1,1,1000),(1,2,1500),(2,1,500),(2,2,750);
/*!40000 ALTER TABLE `RoomHasSet` ENABLE KEYS */;
UNLOCK TABLES;

--
-- Table structure for table `RoomSets`
--

DROP TABLE IF EXISTS `RoomSets`;
/*!40101 SET @saved_cs_client     = @@character_set_client */;
/*!40101 SET character_set_client = utf8 */;
CREATE TABLE `RoomSets` (
  `roomsetid` int(11) NOT NULL AUTO_INCREMENT,
  `roomsetname` varchar(50) DEFAULT NULL,
  `display_order` int(11) DEFAULT NULL,
  PRIMARY KEY (`roomsetid`)
) ENGINE=InnoDB AUTO_INCREMENT=100 DEFAULT CHARSET=utf8;
/*!40101 SET character_set_client = @saved_cs_client */;

--
-- Dumping data for table `RoomSets`
--

LOCK TABLES `RoomSets` WRITE;
/*!40000 ALTER TABLE `RoomSets` DISABLE KEYS */;
INSERT INTO `RoomSets` VALUES (1,'Banquet',5),(2,'Theater',10),(3,'Conference',15),(4,'Reception',20),(5,'Classroom',25),(6,'\"U\" Shape Table',30),(7,'Hollow Square',35),(8,'Panel',2),(9,'Circle of Chairs',13),(10,'Other (describe)',42),(11,'Boardroom Table',14),(99,'I do not know',99);
/*!40000 ALTER TABLE `RoomSets` ENABLE KEYS */;
UNLOCK TABLES;

--
-- Table structure for table `Rooms`
--

DROP TABLE IF EXISTS `Rooms`;
/*!40101 SET @saved_cs_client     = @@character_set_client */;
/*!40101 SET character_set_client = utf8 */;
CREATE TABLE `Rooms` (
  `roomid` int(11) NOT NULL AUTO_INCREMENT,
  `roomname` varchar(50) DEFAULT NULL,
  `display_order` int(11) DEFAULT NULL,
  `height` varchar(100) DEFAULT NULL,
  `dimensions` varchar(100) DEFAULT NULL,
  `area` varchar(100) DEFAULT NULL,
  `function` varchar(100) DEFAULT NULL,
  `floor` varchar(50) DEFAULT NULL,
  `notes` text,
  `opentime1` time DEFAULT NULL,
  `closetime1` time DEFAULT NULL,
  `opentime2` time DEFAULT NULL,
  `closetime2` time DEFAULT NULL,
  `opentime3` time DEFAULT NULL,
  `closetime3` time DEFAULT NULL,
  `is_scheduled` tinyint(4) NOT NULL DEFAULT '0',
  PRIMARY KEY (`roomid`)
) ENGINE=InnoDB AUTO_INCREMENT=57 DEFAULT CHARSET=utf8;
/*!40101 SET character_set_client = @saved_cs_client */;

--
-- Dumping data for table `Rooms`
--

LOCK TABLES `Rooms` WRITE;
/*!40000 ALTER TABLE `Rooms` DISABLE KEYS */;
INSERT INTO `Rooms` VALUES (1,'Arisia Room',1,'25.0\'','145.0\' x 100.0\'','15078','','Concourse','',NULL,NULL,NULL,NULL,NULL,NULL,1),(2,'Lunacon Room',2,'25.0\'','48.0\' x 100.0\'','5047','Events','Concourse','',NULL,NULL,NULL,NULL,NULL,NULL,1);
/*!40000 ALTER TABLE `Rooms` ENABLE KEYS */;
UNLOCK TABLES;

--
-- Table structure for table `Schedule`
--

DROP TABLE IF EXISTS `Schedule`;
/*!40101 SET @saved_cs_client     = @@character_set_client */;
/*!40101 SET character_set_client = utf8 */;
CREATE TABLE `Schedule` (
  `scheduleid` int(11) NOT NULL AUTO_INCREMENT,
  `sessionid` int(11) NOT NULL DEFAULT '0',
  `roomid` int(11) NOT NULL DEFAULT '0',
  `starttime` time NOT NULL DEFAULT '00:00:00',
  PRIMARY KEY (`scheduleid`),
  KEY `sessionid` (`sessionid`),
  KEY `roomid` (`roomid`),
  CONSTRAINT `Schedule_ibfk_1` FOREIGN KEY (`sessionid`) REFERENCES `Sessions` (`sessionid`),
  CONSTRAINT `Schedule_ibfk_2` FOREIGN KEY (`roomid`) REFERENCES `Rooms` (`roomid`)
) ENGINE=InnoDB AUTO_INCREMENT=6 DEFAULT CHARSET=utf8;
/*!40101 SET character_set_client = @saved_cs_client */;

--
-- Dumping data for table `Schedule`
--

LOCK TABLES `Schedule` WRITE;
/*!40000 ALTER TABLE `Schedule` DISABLE KEYS */;
/*!40000 ALTER TABLE `Schedule` ENABLE KEYS */;
UNLOCK TABLES;

--
-- Table structure for table `Services`
--

DROP TABLE IF EXISTS `Services`;
/*!40101 SET @saved_cs_client     = @@character_set_client */;
/*!40101 SET character_set_client = utf8 */;
CREATE TABLE `Services` (
  `serviceid` int(11) NOT NULL AUTO_INCREMENT,
  `servicename` varchar(50) DEFAULT NULL,
  `display_order` int(11) DEFAULT NULL,
  PRIMARY KEY (`serviceid`)
) ENGINE=InnoDB AUTO_INCREMENT=11 DEFAULT CHARSET=utf8;
/*!40101 SET character_set_client = @saved_cs_client */;

--
-- Dumping data for table `Services`
--

LOCK TABLES `Services` WRITE;
/*!40000 ALTER TABLE `Services` DISABLE KEYS */;
INSERT INTO `Services` VALUES (1,'CD Player',10),(2,'DVD Player & Projector',20),(3,'Flip Chart',30),(4,'Food',40),(5,'Gopher',50),(6,'Power',60),(7,'Projector (for laptop)',70),(8,'Sound',80),(9,'Water Station',90),(10,'Podium',55);
/*!40000 ALTER TABLE `Services` ENABLE KEYS */;
UNLOCK TABLES;

--
-- Table structure for table `SessionEditCodes`
--

DROP TABLE IF EXISTS `SessionEditCodes`;
/*!40101 SET @saved_cs_client     = @@character_set_client */;
/*!40101 SET character_set_client = utf8 */;
CREATE TABLE `SessionEditCodes` (
  `sessioneditcode` int(11) NOT NULL AUTO_INCREMENT,
  `description` varchar(40) DEFAULT NULL,
  `display_order` int(11) NOT NULL DEFAULT '1',
  PRIMARY KEY (`sessioneditcode`)
) ENGINE=InnoDB AUTO_INCREMENT=8 DEFAULT CHARSET=utf8 ROW_FORMAT=DYNAMIC;
/*!40101 SET character_set_client = @saved_cs_client */;

--
-- Dumping data for table `SessionEditCodes`
--

LOCK TABLES `SessionEditCodes` WRITE;
/*!40000 ALTER TABLE `SessionEditCodes` DISABLE KEYS */;
INSERT INTO `SessionEditCodes` VALUES (1,'Created in brainstorm',1),(2,'Created in staff create session',2),(3,'Unknown edit',4),(4,'Add to schedule',5),(5,'Remove from schedule',6),(6,'Created by import',3),(7,'Rescheduled',7);
/*!40000 ALTER TABLE `SessionEditCodes` ENABLE KEYS */;
UNLOCK TABLES;

--
-- Table structure for table `SessionEditHistory`
--

DROP TABLE IF EXISTS `SessionEditHistory`;
/*!40101 SET @saved_cs_client     = @@character_set_client */;
/*!40101 SET character_set_client = utf8 */;
CREATE TABLE `SessionEditHistory` (
  `sessionid` int(11) NOT NULL DEFAULT '0',
  `badgeid` varchar(15) DEFAULT NULL,
  `name` varchar(40) DEFAULT NULL,
  `email_address` varchar(75) DEFAULT NULL,
  `timestamp` timestamp NOT NULL DEFAULT CURRENT_TIMESTAMP,
  `sessioneditcode` int(11) NOT NULL DEFAULT '0',
  `statusid` int(11) NOT NULL DEFAULT '0',
  `editdescription` text,
  PRIMARY KEY (`sessionid`,`timestamp`),
  KEY `FK_SessionEditHistory` (`badgeid`),
  KEY `FK_SessionEditCodes` (`sessioneditcode`),
  KEY `FK_SessionEditHistory4` (`statusid`),
  CONSTRAINT `SessionEditHistory_ibfk_1` FOREIGN KEY (`sessionid`) REFERENCES `Sessions` (`sessionid`),
  CONSTRAINT `SessionEditHistory_ibfk_2` FOREIGN KEY (`badgeid`) REFERENCES `Participants` (`badgeid`),
  CONSTRAINT `SessionEditHistory_ibfk_3` FOREIGN KEY (`sessioneditcode`) REFERENCES `SessionEditCodes` (`sessioneditcode`),
  CONSTRAINT `SessionEditHistory_ibfk_4` FOREIGN KEY (`statusid`) REFERENCES `SessionStatuses` (`statusid`)
) ENGINE=InnoDB DEFAULT CHARSET=utf8 ROW_FORMAT=DYNAMIC COMMENT='InnoDB free: 8192 kB';
/*!40101 SET character_set_client = @saved_cs_client */;

--
-- Dumping data for table `SessionEditHistory`
--

LOCK TABLES `SessionEditHistory` WRITE;
/*!40000 ALTER TABLE `SessionEditHistory` DISABLE KEYS */;
/*!40000 ALTER TABLE `SessionEditHistory` ENABLE KEYS */;
UNLOCK TABLES;

--
-- Table structure for table `SessionHasFeature`
--

DROP TABLE IF EXISTS `SessionHasFeature`;
/*!40101 SET @saved_cs_client     = @@character_set_client */;
/*!40101 SET character_set_client = utf8 */;
CREATE TABLE `SessionHasFeature` (
  `sessionid` int(11) NOT NULL DEFAULT '0',
  `featureid` int(11) NOT NULL DEFAULT '0',
  PRIMARY KEY (`sessionid`,`featureid`),
  KEY `featureid` (`featureid`),
  CONSTRAINT `SessionHasFeature_ibfk_1` FOREIGN KEY (`sessionid`) REFERENCES `Sessions` (`sessionid`),
  CONSTRAINT `SessionHasFeature_ibfk_2` FOREIGN KEY (`featureid`) REFERENCES `Features` (`featureid`)
) ENGINE=InnoDB DEFAULT CHARSET=utf8;
/*!40101 SET character_set_client = @saved_cs_client */;

--
-- Dumping data for table `SessionHasFeature`
--

LOCK TABLES `SessionHasFeature` WRITE;
/*!40000 ALTER TABLE `SessionHasFeature` DISABLE KEYS */;
/*!40000 ALTER TABLE `SessionHasFeature` ENABLE KEYS */;
UNLOCK TABLES;

--
-- Table structure for table `SessionHasPubChar`
--

DROP TABLE IF EXISTS `SessionHasPubChar`;
/*!40101 SET @saved_cs_client     = @@character_set_client */;
/*!40101 SET character_set_client = utf8 */;
CREATE TABLE `SessionHasPubChar` (
  `sessionid` int(11) NOT NULL DEFAULT '0',
  `pubcharid` int(11) NOT NULL DEFAULT '0',
  PRIMARY KEY (`sessionid`,`pubcharid`),
  KEY `Fkey2` (`pubcharid`),
  CONSTRAINT `Fkey1` FOREIGN KEY (`sessionid`) REFERENCES `Sessions` (`sessionid`),
  CONSTRAINT `Fkey2` FOREIGN KEY (`pubcharid`) REFERENCES `PubCharacteristics` (`pubcharid`)
) ENGINE=InnoDB DEFAULT CHARSET=utf8;
/*!40101 SET character_set_client = @saved_cs_client */;

--
-- Dumping data for table `SessionHasPubChar`
--

LOCK TABLES `SessionHasPubChar` WRITE;
/*!40000 ALTER TABLE `SessionHasPubChar` DISABLE KEYS */;
/*!40000 ALTER TABLE `SessionHasPubChar` ENABLE KEYS */;
UNLOCK TABLES;

--
-- Table structure for table `SessionHasService`
--

DROP TABLE IF EXISTS `SessionHasService`;
/*!40101 SET @saved_cs_client     = @@character_set_client */;
/*!40101 SET character_set_client = utf8 */;
CREATE TABLE `SessionHasService` (
  `sessionid` int(11) NOT NULL DEFAULT '0',
  `serviceid` int(11) NOT NULL DEFAULT '0',
  PRIMARY KEY (`sessionid`,`serviceid`),
  KEY `serviceid` (`serviceid`),
  CONSTRAINT `SessionHasService_ibfk_1` FOREIGN KEY (`sessionid`) REFERENCES `Sessions` (`sessionid`),
  CONSTRAINT `SessionHasService_ibfk_2` FOREIGN KEY (`serviceid`) REFERENCES `Services` (`serviceid`)
) ENGINE=InnoDB DEFAULT CHARSET=utf8;
/*!40101 SET character_set_client = @saved_cs_client */;

--
-- Dumping data for table `SessionHasService`
--

LOCK TABLES `SessionHasService` WRITE;
/*!40000 ALTER TABLE `SessionHasService` DISABLE KEYS */;
/*!40000 ALTER TABLE `SessionHasService` ENABLE KEYS */;
UNLOCK TABLES;

--
-- Table structure for table `SessionStatuses`
--

DROP TABLE IF EXISTS `SessionStatuses`;
/*!40101 SET @saved_cs_client     = @@character_set_client */;
/*!40101 SET character_set_client = utf8 */;
CREATE TABLE `SessionStatuses` (
  `statusid` int(11) NOT NULL AUTO_INCREMENT,
  `statusname` varchar(50) DEFAULT NULL,
  `validate` tinyint(4) NOT NULL DEFAULT '0',
  `may_be_scheduled` tinyint(4) NOT NULL DEFAULT '0',
  `display_order` int(11) DEFAULT NULL,
  PRIMARY KEY (`statusid`)
) ENGINE=InnoDB AUTO_INCREMENT=11 DEFAULT CHARSET=utf8;
/*!40101 SET character_set_client = @saved_cs_client */;

--
-- Dumping data for table `SessionStatuses`
--

LOCK TABLES `SessionStatuses` WRITE;
/*!40000 ALTER TABLE `SessionStatuses` DISABLE KEYS */;
INSERT INTO `SessionStatuses` VALUES (1,'Brainstorm',0,0,4),(2,'Vetted',1,1,6),(3,'Scheduled',1,1,10),(4,'Dropped',0,0,18),(5,'Cancelled',0,0,20),(6,'Edit Me',0,0,5),(7,'Assigned',1,1,9),(10,'Duplicate',0,0,11);
/*!40000 ALTER TABLE `SessionStatuses` ENABLE KEYS */;
UNLOCK TABLES;

--
-- Table structure for table `Sessions`
--

DROP TABLE IF EXISTS `Sessions`;
/*!40101 SET @saved_cs_client     = @@character_set_client */;
/*!40101 SET character_set_client = utf8 */;
CREATE TABLE `Sessions` (
  `sessionid` int(11) NOT NULL AUTO_INCREMENT,
  `trackid` int(11) NOT NULL DEFAULT '0',
  `typeid` int(11) NOT NULL DEFAULT '0',
  `divisionid` int(11) NOT NULL DEFAULT '0',
  `pubstatusid` int(11) DEFAULT '0',
  `languagestatusid` int(11) DEFAULT '1',
  `pubsno` varchar(50) DEFAULT NULL,
  `title` varchar(100) DEFAULT NULL,
  `secondtitle` varchar(100) DEFAULT NULL,
  `pocketprogtext` text,
  `progguiddesc` text,
  `persppartinfo` text,
  `duration` time DEFAULT NULL,
  `estatten` int(11) DEFAULT NULL,
  `kidscatid` int(11) NOT NULL DEFAULT '0',
  `signupreq` tinyint(1) DEFAULT NULL,
  `roomsetid` int(11) NOT NULL DEFAULT '0',
  `notesforpart` text,
  `servicenotes` text,
  `statusid` int(11) NOT NULL DEFAULT '0',
  `notesforprog` text,
  `warnings` tinyint(1) DEFAULT NULL,
  `invitedguest` tinyint(1) DEFAULT '0',
  `ts` timestamp NOT NULL DEFAULT CURRENT_TIMESTAMP ON UPDATE CURRENT_TIMESTAMP,
  PRIMARY KEY (`sessionid`),
  KEY `trackid` (`trackid`),
  KEY `typeid` (`typeid`),
  KEY `kidscatid` (`kidscatid`),
  KEY `roomsetid` (`roomsetid`),
  KEY `statusid` (`statusid`),
  KEY `Sessions_ibfk_7` (`divisionid`),
  KEY `Sessions_ibfk_6` (`pubstatusid`),
  KEY `languagestatusid` (`languagestatusid`),
  CONSTRAINT `Sessions_ibfk_1` FOREIGN KEY (`trackid`) REFERENCES `Tracks` (`trackid`),
  CONSTRAINT `Sessions_ibfk_2` FOREIGN KEY (`typeid`) REFERENCES `Types` (`typeid`),
  CONSTRAINT `Sessions_ibfk_3` FOREIGN KEY (`kidscatid`) REFERENCES `KidsCategories` (`kidscatid`),
  CONSTRAINT `Sessions_ibfk_4` FOREIGN KEY (`roomsetid`) REFERENCES `RoomSets` (`roomsetid`),
  CONSTRAINT `Sessions_ibfk_5` FOREIGN KEY (`statusid`) REFERENCES `SessionStatuses` (`statusid`),
  CONSTRAINT `Sessions_ibfk_6` FOREIGN KEY (`pubstatusid`) REFERENCES `PubStatuses` (`pubstatusid`),
  CONSTRAINT `Sessions_ibfk_7` FOREIGN KEY (`divisionid`) REFERENCES `Divisions` (`divisionid`),
  CONSTRAINT `Sessions_ibfk_8` FOREIGN KEY (`languagestatusid`) REFERENCES `LanguageStatuses` (`languagestatusid`)
) ENGINE=InnoDB AUTO_INCREMENT=793 DEFAULT CHARSET=utf8;
/*!40101 SET character_set_client = @saved_cs_client */;

--
-- Dumping data for table `Sessions`
--

LOCK TABLES `Sessions` WRITE;
/*!40000 ALTER TABLE `Sessions` DISABLE KEYS */;
/*!40000 ALTER TABLE `Sessions` ENABLE KEYS */;
UNLOCK TABLES;

--
-- Table structure for table `Times`
--

DROP TABLE IF EXISTS `Times`;
/*!40101 SET @saved_cs_client     = @@character_set_client */;
/*!40101 SET character_set_client = utf8 */;
CREATE TABLE `Times` (
  `timeid` int(11) NOT NULL,
  `timedisplay` char(14) DEFAULT NULL,
  `timevalue` time DEFAULT NULL,
  `next_day` tinyint(4) DEFAULT NULL,
  `display_order` int(11) DEFAULT NULL,
  `avail_start` tinyint(4) DEFAULT NULL,
  `avail_end` tinyint(4) DEFAULT NULL,
  PRIMARY KEY (`timeid`)
) ENGINE=InnoDB DEFAULT CHARSET=utf8;
/*!40101 SET character_set_client = @saved_cs_client */;

--
-- Dumping data for table `Times`
--

LOCK TABLES `Times` WRITE;
/*!40000 ALTER TABLE `Times` DISABLE KEYS */;
INSERT INTO `Times` VALUES (1,'8:30a','08:30:00',0,1,1,0),(2,'10:00a','10:00:00',0,2,1,1),(3,'11:30a','11:30:00',0,3,1,1),(4,'1:00p','13:00:00',0,4,1,1),(5,'2:30p','14:30:00',0,5,1,1),(6,'4:00p','16:00:00',0,6,1,1),(7,'5:30p','17:30:00',0,7,1,1),(8,'7:00p','19:00:00',0,8,1,1),(9,'8:30p','20:30:00',0,9,1,1),(10,'10:00p','22:00:00',0,10,1,1),(11,'11:30p','23:30:00',0,11,1,1),(12,'1:00a (+1d)','01:00:00',1,12,0,1);
/*!40000 ALTER TABLE `Times` ENABLE KEYS */;
UNLOCK TABLES;

--
-- Table structure for table `TrackCompatibility`
--

DROP TABLE IF EXISTS `TrackCompatibility`;
/*!40101 SET @saved_cs_client     = @@character_set_client */;
/*!40101 SET character_set_client = utf8 */;
CREATE TABLE `TrackCompatibility` (
  `previousconid` int(11) NOT NULL,
  `previoustrackid` int(11) NOT NULL,
  `currenttrackid` int(11) NOT NULL,
  PRIMARY KEY (`previousconid`,`previoustrackid`),
  KEY `currenttrackid` (`currenttrackid`),
  CONSTRAINT `TrackCompatibility_ibfk_1` FOREIGN KEY (`previousconid`, `previoustrackid`) REFERENCES `PreviousConTracks` (`previousconid`, `previoustrackid`),
  CONSTRAINT `TrackCompatibility_ibfk_2` FOREIGN KEY (`currenttrackid`) REFERENCES `Tracks` (`trackid`)
) ENGINE=InnoDB DEFAULT CHARSET=utf8;
/*!40101 SET character_set_client = @saved_cs_client */;

--
-- Dumping data for table `TrackCompatibility`
--

LOCK TABLES `TrackCompatibility` WRITE;
/*!40000 ALTER TABLE `TrackCompatibility` DISABLE KEYS */;
/*!40000 ALTER TABLE `TrackCompatibility` ENABLE KEYS */;
UNLOCK TABLES;

--
-- Table structure for table `Tracks`
--

DROP TABLE IF EXISTS `Tracks`;
/*!40101 SET @saved_cs_client     = @@character_set_client */;
/*!40101 SET character_set_client = utf8 */;
CREATE TABLE `Tracks` (
  `trackid` int(11) NOT NULL AUTO_INCREMENT,
  `trackname` varchar(50) DEFAULT NULL,
  `display_order` int(11) DEFAULT NULL,
  `selfselect` tinyint(1) DEFAULT NULL,
  PRIMARY KEY (`trackid`)
) ENGINE=InnoDB AUTO_INCREMENT=101 DEFAULT CHARSET=utf8;
/*!40101 SET character_set_client = @saved_cs_client */;

--
-- Dumping data for table `Tracks`
--

LOCK TABLES `Tracks` WRITE;
/*!40000 ALTER TABLE `Tracks` DISABLE KEYS */;
INSERT INTO `Tracks` VALUES (1,'Anime',10,1),(2,'Art',20,1),(3,'Costuming',30,1),(4,'Fan Interest',40,1),(5,'Gaming',50,1);
/*!40000 ALTER TABLE `Tracks` ENABLE KEYS */;
UNLOCK TABLES;

--
-- Table structure for table `Types`
--

DROP TABLE IF EXISTS `Types`;
/*!40101 SET @saved_cs_client     = @@character_set_client */;
/*!40101 SET character_set_client = utf8 */;
CREATE TABLE `Types` (
  `typeid` int(11) NOT NULL AUTO_INCREMENT,
  `typename` varchar(50) DEFAULT NULL,
  `display_order` int(11) DEFAULT NULL,
  `selfselect` tinyint(4) DEFAULT NULL,
  PRIMARY KEY (`typeid`)
) ENGINE=InnoDB AUTO_INCREMENT=23 DEFAULT CHARSET=utf8;
/*!40101 SET character_set_client = @saved_cs_client */;

--
-- Dumping data for table `Types`
--

LOCK TABLES `Types` WRITE;
/*!40000 ALTER TABLE `Types` DISABLE KEYS */;
INSERT INTO `Types` VALUES (1,'Panel',1,1),(2,'Workshop',2,0),(3,'Room Turn',500,0),(4,'Lecture',6,0),(5,'Meeting',20,0),(6,'Interview',9,0),(7,'Signing',13,0),(8,'Reading',7,0),(10,'Concert',4,0),(20,'I do not know',700,0);
/*!40000 ALTER TABLE `Types` ENABLE KEYS */;
UNLOCK TABLES;

--
-- Table structure for table `UserHasPermissionRole`
--

DROP TABLE IF EXISTS `UserHasPermissionRole`;
/*!40101 SET @saved_cs_client     = @@character_set_client */;
/*!40101 SET character_set_client = utf8 */;
CREATE TABLE `UserHasPermissionRole` (
  `badgeid` varchar(15) NOT NULL DEFAULT '',
  `permroleid` int(11) NOT NULL DEFAULT '0',
  PRIMARY KEY (`badgeid`,`permroleid`),
  KEY `FK_UserHasPermissionRole` (`permroleid`),
  CONSTRAINT `UserHasPermissionRole_ibfk_1` FOREIGN KEY (`badgeid`) REFERENCES `Participants` (`badgeid`),
  CONSTRAINT `UserHasPermissionRole_ibfk_2` FOREIGN KEY (`permroleid`) REFERENCES `PermissionRoles` (`permroleid`)
) ENGINE=InnoDB DEFAULT CHARSET=utf8 ROW_FORMAT=DYNAMIC;
/*!40101 SET character_set_client = @saved_cs_client */;

--
-- Dumping data for table `UserHasPermissionRole`
--

LOCK TABLES `UserHasPermissionRole` WRITE;
/*!40000 ALTER TABLE `UserHasPermissionRole` DISABLE KEYS */;
INSERT INTO `UserHasPermissionRole` VALUES ('1',1),('1',2),('2',3);
/*!40000 ALTER TABLE `UserHasPermissionRole` ENABLE KEYS */;
UNLOCK TABLES;
/*!40103 SET TIME_ZONE=@OLD_TIME_ZONE */;

/*!40101 SET SQL_MODE=@OLD_SQL_MODE */;
/*!40014 SET FOREIGN_KEY_CHECKS=@OLD_FOREIGN_KEY_CHECKS */;
/*!40014 SET UNIQUE_CHECKS=@OLD_UNIQUE_CHECKS */;
/*!40101 SET CHARACTER_SET_CLIENT=@OLD_CHARACTER_SET_CLIENT */;
/*!40101 SET CHARACTER_SET_RESULTS=@OLD_CHARACTER_SET_RESULTS */;
/*!40101 SET COLLATION_CONNECTION=@OLD_COLLATION_CONNECTION */;
/*!40111 SET SQL_NOTES=@OLD_SQL_NOTES */;

-- Dump completed on 2012-09-26  0:14:09
