-- MySQL dump 10.9
--
-- Host: localhost    Database: trgdev
-- ------------------------------------------------------
-- Server version	4.1.22

/*!40101 SET @OLD_CHARACTER_SET_CLIENT=@@CHARACTER_SET_CLIENT */;
/*!40101 SET @OLD_CHARACTER_SET_RESULTS=@@CHARACTER_SET_RESULTS */;
/*!40101 SET @OLD_COLLATION_CONNECTION=@@COLLATION_CONNECTION */;
/*!40101 SET NAMES utf8 */;
/*!40014 SET @OLD_UNIQUE_CHECKS=@@UNIQUE_CHECKS, UNIQUE_CHECKS=0 */;
/*!40014 SET @OLD_FOREIGN_KEY_CHECKS=@@FOREIGN_KEY_CHECKS, FOREIGN_KEY_CHECKS=0 */;
/*!40101 SET @OLD_SQL_MODE=@@SQL_MODE, SQL_MODE='NO_AUTO_VALUE_ON_ZERO' */;
/*!40111 SET @OLD_SQL_NOTES=@@SQL_NOTES, SQL_NOTES=0 */;

--
-- Table structure for table `CongoDump`
--

DROP TABLE IF EXISTS `CongoDump`;
CREATE TABLE `CongoDump` (
  `badgeid` varchar(15) NOT NULL default '',
  `firstname` varchar(30) default NULL,
  `lastname` varchar(40) default NULL,
  `badgename` varchar(51) default NULL,
  `phone` varchar(100) default NULL,
  `email` varchar(100) default NULL,
  `postaddress` varchar(100) default NULL,
  `regtype` varchar(40) default NULL,
  PRIMARY KEY  (`badgeid`)
) ENGINE=InnoDB DEFAULT CHARSET=latin1;

--
-- Dumping data for table `CongoDump`
--

LOCK TABLES `CongoDump` WRITE;
/*!40000 ALTER TABLE `CongoDump` DISABLE KEYS */;
/*!40000 ALTER TABLE `CongoDump` ENABLE KEYS */;
UNLOCK TABLES;

--
-- Table structure for table `Divisions`
--

DROP TABLE IF EXISTS `Divisions`;
CREATE TABLE `Divisions` (
  `divisionid` int(11) NOT NULL auto_increment,
  `divisionname` varchar(30) default NULL,
  `display_order` int(11) NOT NULL default '0',
  PRIMARY KEY  (`divisionid`)
) ENGINE=InnoDB DEFAULT CHARSET=latin1;

--
-- Dumping data for table `Divisions`
--

LOCK TABLES `Divisions` WRITE;
/*!40000 ALTER TABLE `Divisions` DISABLE KEYS */;
INSERT INTO `Divisions` VALUES (1,'Other',5),(2,'Programming',1),(3,'Events',2),(4,'Fixed Functions',3),(5,'Hotel',4),(6,'Unspecified',6);
/*!40000 ALTER TABLE `Divisions` ENABLE KEYS */;
UNLOCK TABLES;

--
-- Table structure for table `Features`
--

DROP TABLE IF EXISTS `Features`;
CREATE TABLE `Features` (
  `featureid` int(11) NOT NULL auto_increment,
  `featurename` varchar(50) default NULL,
  `display_order` int(11) default NULL,
  PRIMARY KEY  (`featureid`)
) ENGINE=InnoDB DEFAULT CHARSET=latin1;

--
-- Dumping data for table `Features`
--

LOCK TABLES `Features` WRITE;
/*!40000 ALTER TABLE `Features` DISABLE KEYS */;
INSERT INTO `Features` VALUES (1,'Power (110)',6),(2,'Power (special)',7),(3,'Internet',4),(4,'Cable TV',1),(5,'Fridge',3),(6,'Running Water',8),(7,'Window',12),(8,'Sound Isolation',10),(9,'Fixed Table',2),(10,'Mirror',5),(11,'Toilet',11),(12,'Shower/Bath',9);
/*!40000 ALTER TABLE `Features` ENABLE KEYS */;
UNLOCK TABLES;

--
-- Table structure for table `KidsCategories`
--

DROP TABLE IF EXISTS `KidsCategories`;
CREATE TABLE `KidsCategories` (
  `kidscatid` int(11) NOT NULL auto_increment,
  `kidscatname` varchar(50) default NULL,
  `display_order` int(11) default NULL,
  PRIMARY KEY  (`kidscatid`)
) ENGINE=InnoDB DEFAULT CHARSET=latin1;

--
-- Dumping data for table `KidsCategories`
--

LOCK TABLES `KidsCategories` WRITE;
/*!40000 ALTER TABLE `KidsCategories` DISABLE KEYS */;
INSERT INTO `KidsCategories` VALUES (1,'Targeted',1),(2,'Welcome',2),(3,'Only w/ Parent',3),(4,'Not Allowed',4);
/*!40000 ALTER TABLE `KidsCategories` ENABLE KEYS */;
UNLOCK TABLES;

--
-- Table structure for table `ParticipantAvailability`
--

DROP TABLE IF EXISTS `ParticipantAvailability`;
CREATE TABLE `ParticipantAvailability` (
  `badgeid` varchar(15) NOT NULL default '',
  `maxprog` int(11) default NULL,
  `preventconflict` varchar(255) default NULL,
  `otherconstraints` varchar(255) default NULL,
  `numkidsfasttrack` int(11) default NULL,
  PRIMARY KEY  (`badgeid`),
  CONSTRAINT `ParticipantAvailability_ibfk_1` FOREIGN KEY (`badgeid`) REFERENCES `Participants` (`badgeid`)
) ENGINE=InnoDB DEFAULT CHARSET=latin1;

--
-- Dumping data for table `ParticipantAvailability`
--

LOCK TABLES `ParticipantAvailability` WRITE;
/*!40000 ALTER TABLE `ParticipantAvailability` DISABLE KEYS */;
/*!40000 ALTER TABLE `ParticipantAvailability` ENABLE KEYS */;
UNLOCK TABLES;

CREATE TABLE `ParticipantAvailabilityDays` (
  `badgeid` varchar(15) NOT NULL,
  `day` smallint(6) NOT NULL,
  `maxprog` int(11) default NULL,
  PRIMARY KEY  (`badgeid`,`day`)
  CONSTRAINT `ParticipantAvailabilityDays_ibfk_1` FOREIGN KEY (`badgeid`) REFERENCES `Participants` (`badgeid`)
) ENGINE=InnoDB DEFAULT CHARSET=latin1;


--
-- Table structure for table `ParticipantAvailabilityTimes`
--

DROP TABLE IF EXISTS `ParticipantAvailabilityTimes`;
CREATE TABLE `ParticipantAvailabilityTimes` (
  `badgeid` varchar(15) NOT NULL default '',
  `availabilitynum` int(11) NOT NULL default '0',
  `starttime` time default NULL,
  `endtime` time default NULL,
  PRIMARY KEY  (`badgeid`,`availabilitynum`),
  CONSTRAINT `ParticipantAvailabilityTimes_ibfk_1` FOREIGN KEY (`badgeid`) REFERENCES `Participants` (`badgeid`)
) ENGINE=InnoDB DEFAULT CHARSET=latin1;

--
-- Dumping data for table `ParticipantAvailabilityTimes`
--

LOCK TABLES `ParticipantAvailabilityTimes` WRITE;
/*!40000 ALTER TABLE `ParticipantAvailabilityTimes` DISABLE KEYS */;
/*!40000 ALTER TABLE `ParticipantAvailabilityTimes` ENABLE KEYS */;
UNLOCK TABLES;

--
-- Table structure for table `ParticipantHasRole`
--

DROP TABLE IF EXISTS `ParticipantHasRole`;
CREATE TABLE `ParticipantHasRole` (
  `badgeid` varchar(15) NOT NULL default '',
  `roleid` int(11) NOT NULL default '0',
  PRIMARY KEY  (`badgeid`,`roleid`),
  KEY `roleid` (`roleid`),
  CONSTRAINT `ParticipantHasRole_ibfk_1` FOREIGN KEY (`badgeid`) REFERENCES `Participants` (`badgeid`),
  CONSTRAINT `ParticipantHasRole_ibfk_2` FOREIGN KEY (`roleid`) REFERENCES `Roles` (`roleid`)
) ENGINE=InnoDB DEFAULT CHARSET=latin1;

--
-- Dumping data for table `ParticipantHasRole`
--

LOCK TABLES `ParticipantHasRole` WRITE;
/*!40000 ALTER TABLE `ParticipantHasRole` DISABLE KEYS */;
/*!40000 ALTER TABLE `ParticipantHasRole` ENABLE KEYS */;
UNLOCK TABLES;

--
-- Table structure for table `ParticipantInterests`
--

DROP TABLE IF EXISTS `ParticipantInterests`;
CREATE TABLE `ParticipantInterests` (
  `badgeid` varchar(15) NOT NULL default '',
  `yespanels` text,
  `nopanels` text,
  `yespeople` text,
  `nopeople` text,
  `otherroles` text,
  PRIMARY KEY  (`badgeid`),
  CONSTRAINT `ParticipantInterests_ibfk_1` FOREIGN KEY (`badgeid`) REFERENCES `Participants` (`badgeid`)
) ENGINE=InnoDB DEFAULT CHARSET=latin1;

--
-- Dumping data for table `ParticipantInterests`
--

LOCK TABLES `ParticipantInterests` WRITE;
/*!40000 ALTER TABLE `ParticipantInterests` DISABLE KEYS */;
/*!40000 ALTER TABLE `ParticipantInterests` ENABLE KEYS */;
UNLOCK TABLES;

--
-- Table structure for table `ParticipantOnSession`
--

DROP TABLE IF EXISTS `ParticipantOnSession`;
CREATE TABLE `ParticipantOnSession` (
  `badgeid` varchar(15) NOT NULL default '',
  `sessionid` int(11) NOT NULL default '0',
  `moderator` tinyint(4) default '0',
  `ts` timestamp NOT NULL default CURRENT_TIMESTAMP on update CURRENT_TIMESTAMP,
  PRIMARY KEY  (`badgeid`,`sessionid`),
  KEY `sessionid` (`sessionid`),
  CONSTRAINT `ParticipantOnSession_ibfk_1` FOREIGN KEY (`badgeid`) REFERENCES `Participants` (`badgeid`),
  CONSTRAINT `ParticipantOnSession_ibfk_2` FOREIGN KEY (`sessionid`) REFERENCES `Sessions` (`sessionid`)
) ENGINE=InnoDB DEFAULT CHARSET=latin1;

--
-- Dumping data for table `ParticipantOnSession`
--

LOCK TABLES `ParticipantOnSession` WRITE;
/*!40000 ALTER TABLE `ParticipantOnSession` DISABLE KEYS */;
/*!40000 ALTER TABLE `ParticipantOnSession` ENABLE KEYS */;
UNLOCK TABLES;

--
-- Table structure for table `ParticipantSessionInterest`
--

DROP TABLE IF EXISTS `ParticipantSessionInterest`;
CREATE TABLE `ParticipantSessionInterest` (
  `badgeid` varchar(15) NOT NULL default '',
  `sessionid` int(11) NOT NULL default '0',
  `rank` int(11) default NULL,
  `willmoderate` tinyint(1) default NULL,
  `comments` text,
  PRIMARY KEY  (`badgeid`,`sessionid`),
  KEY `sessionid` (`sessionid`),
  CONSTRAINT `ParticipantSessionInterest_ibfk_1` FOREIGN KEY (`badgeid`) REFERENCES `Participants` (`badgeid`),
  CONSTRAINT `ParticipantSessionInterest_ibfk_2` FOREIGN KEY (`sessionid`) REFERENCES `Sessions` (`sessionid`),
  CONSTRAINT `ParticipantSessionInterest_ibfk_3` FOREIGN KEY (`badgeid`) REFERENCES `Participants` (`badgeid`),
  CONSTRAINT `ParticipantSessionInterest_ibfk_4` FOREIGN KEY (`sessionid`) REFERENCES `Sessions` (`sessionid`)
) ENGINE=InnoDB DEFAULT CHARSET=latin1;

--
-- Dumping data for table `ParticipantSessionInterest`
--

LOCK TABLES `ParticipantSessionInterest` WRITE;
/*!40000 ALTER TABLE `ParticipantSessionInterest` DISABLE KEYS */;
/*!40000 ALTER TABLE `ParticipantSessionInterest` ENABLE KEYS */;
UNLOCK TABLES;

--
-- Table structure for table `ParticipantSuggestions`
--

DROP TABLE IF EXISTS `ParticipantSuggestions`;
CREATE TABLE `ParticipantSuggestions` (
  `badgeid` varchar(15) NOT NULL default '',
  `paneltopics` text,
  `otherideas` text,
  `suggestedguests` text,
  PRIMARY KEY  (`badgeid`),
  CONSTRAINT `ParticipantSuggestions_ibfk_1` FOREIGN KEY (`badgeid`) REFERENCES `Participants` (`badgeid`)
) ENGINE=InnoDB DEFAULT CHARSET=latin1;

--
-- Dumping data for table `ParticipantSuggestions`
--

LOCK TABLES `ParticipantSuggestions` WRITE;
/*!40000 ALTER TABLE `ParticipantSuggestions` DISABLE KEYS */;
/*!40000 ALTER TABLE `ParticipantSuggestions` ENABLE KEYS */;
UNLOCK TABLES;

--
-- Table structure for table `Participants`
--

DROP TABLE IF EXISTS `Participants`;
CREATE TABLE `Participants` (
  `badgeid` varchar(15) NOT NULL default '',
  `password` varchar(32) default NULL,
  `bestway` varchar(12) default NULL,
  `interested` tinyint(1) default NULL,
  `bio` text,
  `pubsname` varchar(50) default NULL,
  PRIMARY KEY  (`badgeid`)
) ENGINE=InnoDB DEFAULT CHARSET=latin1;

--
-- Dumping data for table `Participants`
--

LOCK TABLES `Participants` WRITE;
/*!40000 ALTER TABLE `Participants` DISABLE KEYS */;
/*!40000 ALTER TABLE `Participants` ENABLE KEYS */;
UNLOCK TABLES;

--
-- Table structure for table `Participants`
--

DROP TABLE IF EXISTS `PatchLog`;
CREATE TABLE `PatchLog` (
  `patchname` varchar(50) default NULL,
  `timestamp` timestamp NOT NULL default CURRENT_TIMESTAMP
) ENGINE=InnoDB DEFAULT CHARSET=latin1 ROW_FORMAT=DYNAMIC;

--
-- Dumping data for table `PatchLog`
--

LOCK TABLES `PatchLog` WRITE;
/*!40000 ALTER TABLE `PatchLog` DISABLE KEYS */;
INSERT INTO `PatchLog` VALUES
   ('8-30-08 Rollup all previous patches through #19',NULL);
/*!40000 ALTER TABLE `PatchLog` ENABLE KEYS */;
UNLOCK TABLES;

--
-- Table structure for table `PermissionAtoms`
--

DROP TABLE IF EXISTS `PermissionAtoms`;
CREATE TABLE `PermissionAtoms` (
  `permatomid` int(11) NOT NULL auto_increment,
  `permatomtag` varchar(20) NOT NULL default '',
  `elementid` int(11) default NULL,
  `page` varchar(30) default NULL,
  `notes` text,
  PRIMARY KEY  (`permatomid`),
  UNIQUE KEY `taginx` (`permatomtag`,`elementid`)
) ENGINE=InnoDB DEFAULT CHARSET=latin1;

--
-- Dumping data for table `PermissionAtoms`
--

LOCK TABLES `PermissionAtoms` WRITE;
/*!40000 ALTER TABLE `PermissionAtoms` DISABLE KEYS */;
INSERT INTO `PermissionAtoms` VALUES
   (1,'Staff',NULL,'renderWelcome','Enables staff menu link'),
   (2,'Administrator',NULL,'many','Use to be determined'),
   (3,'Participant',NULL,'many','Use to be determined'),
   (4,'EditBio',NULL,'renderMyContact','Allow write to biography on my contact page'),
   (5,'my_availability',NULL,'ParticipantHeader','Enables menu option throughout participant section and enables page.'),
   (6,'search_panels',NULL,'ParticipantHeader','Enables menu option throughout participant section and enables page.'),
   (7,'my_panel_interests',NULL,'ParticipantHeader','Enables menu option throughout participant section and enables page.'),
   (8,'my_schedule',NULL,'ParticipantHeader','Enables menu option throughout participant section and enables page.'),
   (9,'my_suggestions_write',NULL,'MySuggestions','Enables write access to the form elements on the page MySuggestions.'),
   (10,'my_gen_int_write',NULL,'MyGeneralInterests','Enables write access to the form elements on the page My General Interests'),
   (11,'BrainstormSubmit',NULL,'EditCreateSession','Brainstorm user can create session'),
   (12,'BS_sear_sess',NULL,'SearchSessions','Brainstorm user can view sessions'),
   (13,'public_login',NULL,'Login','Brainstorm user can log in'),
   (14,'SendEmail',NULL,'StaffManageParticipants','Access to Send email set of pages');
/*!40000 ALTER TABLE `PermissionAtoms` ENABLE KEYS */;
UNLOCK TABLES;

--
-- Table structure for table `PermissionRoles`
--

DROP TABLE IF EXISTS `PermissionRoles`;
CREATE TABLE `PermissionRoles` (
  `permroleid` int(11) NOT NULL auto_increment,
  `permrolename` varchar(100) default NULL,
  `notes` text,
  PRIMARY KEY  (`permroleid`)
) ENGINE=InnoDB DEFAULT CHARSET=latin1 ROW_FORMAT=DYNAMIC;

--
-- Dumping data for table `PermissionRoles`
--

LOCK TABLES `PermissionRoles` WRITE;
/*!40000 ALTER TABLE `PermissionRoles` DISABLE KEYS */;
INSERT INTO `PermissionRoles` VALUES
    (1,'Administrator','Use to be determined'),
    (2,'Staff','Can access staff pages'),
    (3,'Participant','Use to be determined'),
    (4,'Brainstorm','Use for Brainstorm pages');
/*!40000 ALTER TABLE `PermissionRoles` ENABLE KEYS */;
UNLOCK TABLES;

--
-- Table structure for table `Permissions`
--

DROP TABLE IF EXISTS `Permissions`;
CREATE TABLE `Permissions` (
  `permissionid` int(11) NOT NULL auto_increment,
  `permatomid` int(11) NOT NULL default '0',
  `phaseid` int(11) default '0' COMMENT 'null indicates all phases',
  `permroleid` int(11) default '0' COMMENT 'null indicates not applicable',
  `badgeid` int(11) default '0' COMMENT 'null indicates not applicable',
  PRIMARY KEY  (`permissionid`),
  UNIQUE KEY `unique1` (`permatomid`,`phaseid`,`permroleid`,`badgeid`),
  KEY `FK_Permissions` (`phaseid`),
  KEY `FK_PRoles` (`permroleid`),
  CONSTRAINT `Permissions_ibfk_1` FOREIGN KEY (`permatomid`) REFERENCES `PermissionAtoms` (`permatomid`),
  CONSTRAINT `Permissions_ibfk_2` FOREIGN KEY (`phaseid`) REFERENCES `Phases` (`phaseid`),
  CONSTRAINT `Permissions_ibfk_3` FOREIGN KEY (`permroleid`) REFERENCES `PermissionRoles` (`permroleid`)
) ENGINE=InnoDB DEFAULT CHARSET=latin1 ROW_FORMAT=DYNAMIC COMMENT='InnoDB free: 4096 kB';

--
-- Dumping data for table `Permissions`
--

LOCK TABLES `Permissions` WRITE;
/*!40000 ALTER TABLE `Permissions` DISABLE KEYS */;
INSERT INTO `Permissions` VALUES
    (1,1,NULL,2,NULL),
    (2,3,1,3,NULL),
    (3,4,2,2,NULL),
    (4,4,2,3,NULL),
    (5,5,3,2,NULL),
    (6,5,3,3,NULL),
    (7,10,3,2,NULL),
    (8,10,3,3,NULL),
    (9,6,4,2,NULL),
    (10,6,4,3,NULL),
    (11,7,4,2,NULL),
    (12,7,4,3,NULL),
    (13,8,5,2,NULL),
    (14,8,5,3,NULL),
    (15,12,7,2,NULL),
    (16,14,7,2,NULL),
    (17,12,7,3,NULL),
    (18,14,7,3,NULL),
    (19,12,7,4,NULL),
    (20,13,7,4,NULL),
    (21,14,7,4,NULL);
/*!40000 ALTER TABLE `Permissions` ENABLE KEYS */;
UNLOCK TABLES;

--
-- Table structure for table `Phases`
--

DROP TABLE IF EXISTS `Phases`;
CREATE TABLE `Phases` (
  `phaseid` int(11) NOT NULL auto_increment,
  `phasename` varchar(100) default NULL,
  `current` tinyint(1) default '0',
  `notes` text,
  PRIMARY KEY  (`phaseid`)
) ENGINE=InnoDB DEFAULT CHARSET=latin1;

--
-- Dumping data for table `Phases`
--

LOCK TABLES `Phases` WRITE;
/*!40000 ALTER TABLE `Phases` DISABLE KEYS */;
INSERT INTO `Phases` VALUES
    (1,'Invitation',0,'Welcome, My Profile, My Suggestions and My General Interests'),
    (2,'Edit Bio',0,'Parts. have write access to their biography'),
    (3,'Availability',0,'Add on My Availability'),
    (4,'Panel Sign Up',0,'Add on Search Panels and My Panel Interests'),
    (5,'Show Schedule',0,'Add on My Schedule'),
    (6,'Suggestions',0,'Allow write access to My Suggestions and My General Interests.'),
    (7,'Brainstorm',0,'Special brainstorm pages are accessible.');
/*!40000 ALTER TABLE `Phases` ENABLE KEYS */;
UNLOCK TABLES;

--
-- Table structure for table `PubCharacteristics`
--

DROP TABLE IF EXISTS `PubCharacteristics`;
CREATE TABLE `PubCharacteristics` (
  `pubcharid` int(11) NOT NULL auto_increment,
  `pubcharname` varchar(30) default NULL,
  `pubchartag` varchar(10) default NULL,
  `display_order` int(11) NOT NULL default '0',
  PRIMARY KEY  (`pubcharid`)
) ENGINE=InnoDB DEFAULT CHARSET=latin1;

--
-- Dumping data for table `PubCharacteristics`
--

LOCK TABLES `PubCharacteristics` WRITE;
/*!40000 ALTER TABLE `PubCharacteristics` DISABLE KEYS */;
INSERT INTO `PubCharacteristics` VALUES (1,'35mm','35mm',1),(2,'16mm','16mm',2),(3,'dubbed','dubbed',3),(4,'anime','anime',4);
/*!40000 ALTER TABLE `PubCharacteristics` ENABLE KEYS */;
UNLOCK TABLES;

--
-- Table structure for table `PubStatuses`
--

DROP TABLE IF EXISTS `PubStatuses`;
CREATE TABLE `PubStatuses` (
  `pubstatusid` int(11) NOT NULL auto_increment,
  `pubstatusname` varchar(12) default NULL,
  `display_order` int(11) NOT NULL default '0',
  PRIMARY KEY  (`pubstatusid`)
) ENGINE=InnoDB DEFAULT CHARSET=latin1 ROW_FORMAT=DYNAMIC;

--
-- Dumping data for table `PubStatuses`
--

LOCK TABLES `PubStatuses` WRITE;
/*!40000 ALTER TABLE `PubStatuses` DISABLE KEYS */;
INSERT INTO `PubStatuses` VALUES (1,'Staff only',1),(2,'Public',2),(3,'Do not print',3);
/*!40000 ALTER TABLE `PubStatuses` ENABLE KEYS */;
UNLOCK TABLES;

--
-- Table structure for table `RegTypes`
--

DROP TABLE IF EXISTS `RegTypes`;
CREATE TABLE `RegTypes` (
  `regtype` varchar(40) NOT NULL default '',
  `message` varchar(100) default NULL,
  PRIMARY KEY  (`regtype`)
) ENGINE=InnoDB DEFAULT CHARSET=latin1;

--
-- Dumping data for table `RegTypes`
--

LOCK TABLES `RegTypes` WRITE;
/*!40000 ALTER TABLE `RegTypes` DISABLE KEYS */;
INSERT INTO `RegTypes` VALUES
    (' AdultFull-Comp |','Registered and Comp\'ed'),
    ('Adult-Promo','Registered'),
    ('Adult-Rollover','Registered'),
    ('Adult-RolloverC','Registered and Comp\'ed'),
    ('Adult-YearAhead','Registered'),
    ('AdultFull','Registered'),
    ('AdultFull-Comp','Registered and Comp\'ed'),
    ('AdultFull-Pre-1','Registered'),
    ('AdultFull-Pre-2','Registered'),
    ('AdultFull-Pre1','Registered'),
    ('AdultFull-Pre2','Registered'),
    ('EarnedComp','Registered and Comp\'ed'),
    ('ElfComp','Registered and Comp\'ed'),
    ('EventComp-Full','Registered and Comp\'ed'),
    ('GamingComp','Registered and Comp\'ed'),
    ('ProgramComp','Registered and Comp\'ed'),
    ('Promotional','Registered'),
    ('Student','Registered'),
    ('YearAhead','Registered');
/*!40000 ALTER TABLE `RegTypes` ENABLE KEYS */;
UNLOCK TABLES;

--
-- Table structure for table `Roles`
--

DROP TABLE IF EXISTS `Roles`;
CREATE TABLE `Roles` (
  `roleid` int(11) NOT NULL auto_increment,
  `rolename` varchar(50) default NULL,
  `display_order` int(11) default NULL,
  PRIMARY KEY  (`roleid`)
) ENGINE=InnoDB DEFAULT CHARSET=latin1;

--
-- Dumping data for table `Roles`
--

LOCK TABLES `Roles` WRITE;
/*!40000 ALTER TABLE `Roles` DISABLE KEYS */;
INSERT INTO `Roles` VALUES 
     (1,'Other',-1),
     (2,'Reading my own works',3),
     (3,'Autographing',4),
     (4,'Reading others works',5),
     (5,'Performing',6),
     (6,'Running workshops',7),
     (7,'Leading discussions',8),
     (8,'Running games',9),
     (9,'Working with children',10),
     (10,'Panel Moderator',2),
     (11,'Improv',11),
     (12,'Storytelling',12),
     (13,'Join Arisia Volunteer Staff',13);
/*!40000 ALTER TABLE `Roles` ENABLE KEYS */;
UNLOCK TABLES;

--
-- Table structure for table `RoomHasSet`
--

DROP TABLE IF EXISTS `RoomHasSet`;
CREATE TABLE `RoomHasSet` (
  `roomid` int(11) NOT NULL default '0',
  `roomsetid` int(11) NOT NULL default '0',
  `capacity` int(11) default NULL,
  PRIMARY KEY  (`roomid`,`roomsetid`),
  KEY `roomsetid` (`roomsetid`),
  CONSTRAINT `RoomHasSet_ibfk_1` FOREIGN KEY (`roomid`) REFERENCES `Rooms` (`roomid`),
  CONSTRAINT `RoomHasSet_ibfk_2` FOREIGN KEY (`roomsetid`) REFERENCES `RoomSets` (`roomsetid`)
) ENGINE=InnoDB DEFAULT CHARSET=latin1;

--
-- Dumping data for table `RoomHasSet`
--

LOCK TABLES `RoomHasSet` WRITE;
/*!40000 ALTER TABLE `RoomHasSet` DISABLE KEYS */;
INSERT INTO `RoomHasSet` VALUES (1,3,0),(1,5,0),(1,10,0),(2,3,450),(2,5,900),(2,10,0),(3,3,80),(3,5,160),(3,10,36),(4,3,80),(4,5,160),(4,10,36),(5,3,64),(5,5,100),(5,10,48),(6,3,200),(6,5,400),(6,10,66),(7,3,0),(7,5,0),(7,10,0),(8,3,0),(8,5,0),(8,10,0),(9,3,0),(9,5,0),(9,10,0),(10,3,0),(10,5,0),(10,10,0),(11,3,54),(11,5,160),(11,10,0),(12,3,30),(12,5,60),(12,10,18),(13,3,25),(13,5,60),(13,10,18),(14,3,0),(14,5,0),(14,10,0),(15,3,60),(15,5,145),(15,10,48),(16,3,60),(16,5,145),(16,10,48),(17,3,30),(17,5,55),(17,10,24),(18,3,30),(18,5,55),(18,10,24),(19,3,54),(19,5,125),(19,10,36),(20,3,54),(20,5,125),(20,10,36),(21,3,54),(21,5,125),(21,10,36),(22,3,0),(22,5,0),(22,10,6),(23,3,0),(23,5,0),(23,10,16),(24,3,0),(24,5,0),(24,10,0),(25,3,0),(25,5,0),(25,10,12),(26,3,0),(26,5,0),(26,10,12),(27,3,0),(27,5,0),(27,10,0),(28,3,45),(28,5,70),(28,10,26),(29,3,16),(29,5,40),(29,10,16),(30,3,16),(30,5,40),(30,10,16),(31,3,30),(31,5,50),(31,10,24),(32,3,0),(32,5,0),(32,10,0),(33,3,15),(33,5,25),(33,10,15),(34,3,0),(34,5,0),(34,10,0),(35,3,0),(35,5,0),(35,10,0),(36,3,0),(36,5,0),(36,10,0);
/*!40000 ALTER TABLE `RoomHasSet` ENABLE KEYS */;
UNLOCK TABLES;

--
-- Table structure for table `RoomSets`
--

DROP TABLE IF EXISTS `RoomSets`;
CREATE TABLE `RoomSets` (
  `roomsetid` int(11) NOT NULL auto_increment,
  `roomsetname` varchar(50) default NULL,
  `display_order` int(11) default NULL,
  PRIMARY KEY  (`roomsetid`)
) ENGINE=InnoDB DEFAULT CHARSET=latin1;

--
-- Dumping data for table `RoomSets`
--

LOCK TABLES `RoomSets` WRITE;
/*!40000 ALTER TABLE `RoomSets` DISABLE KEYS */;
INSERT INTO `RoomSets` VALUES (1,'Theater seating w/ Head Table w/ 5 chairs & water',15),(2,'Round Table',17),(3,'Classroom',11),(4,'Unspecified',99),(5,'Theater',21),(6,'Self Service',19),(7,'Dance + Chairs',3),(8,'Dance + Tables',5),(9,'Circle of Chairs',1),(10,'Board Seating',30),(11,'Risers + Chairs',7),(12,'Special',40),(13,'On TV',1);
/*!40000 ALTER TABLE `RoomSets` ENABLE KEYS */;
UNLOCK TABLES;

--
-- Table structure for table `Rooms`
--

DROP TABLE IF EXISTS `Rooms`;
CREATE TABLE `Rooms` (
  `roomid` int(11) NOT NULL auto_increment,
  `roomname` varchar(50) default NULL,
  `display_order` int(11) default NULL,
  `height` varchar(100) default NULL,
  `dimensions` varchar(100) default NULL,
  `area` varchar(100) default NULL,
  `function` varchar(100) default NULL,
  `floor` varchar(50) default NULL,
  `notes` text,
  `opentime1` time default NULL,
  `closetime1` time default NULL,
  `opentime2` time default NULL,
  `closetime2` time default NULL,
  `opentime3` time default NULL,
  `closetime3` time default NULL,
  PRIMARY KEY  (`roomid`)
) ENGINE=InnoDB DEFAULT CHARSET=latin1;

--
-- Dumping data for table `Rooms`
--

LOCK TABLES `Rooms` WRITE;
/*!40000 ALTER TABLE `Rooms` DISABLE KEYS */;
INSERT INTO `Rooms` VALUES (1,'Staff Conference Room',300,'',' x','','Newsletter','basement',NULL,NULL,NULL,NULL,NULL,NULL,NULL),(2,'President\'s ABCD',1,'18\'','73\' x 96\'','7,008','Main Tent (Sat evening only)','1',NULL,NULL,NULL,NULL,NULL,NULL,NULL),(3,'President\'s A',3,'18\'','35\' x 37\'','1,295','Small Tent','1',NULL,NULL,NULL,NULL,NULL,NULL,NULL),(4,'President\'s B',4,'18\'','38\' x 37\'','1,406','Films (Not Saturday Evening)','1',NULL,NULL,NULL,NULL,NULL,NULL,NULL),(5,'President\'s C',5,'18\'','73\' x 13\'','949','Prefunction (Not Saturday Evening)','1',NULL,NULL,NULL,NULL,NULL,NULL,NULL),(6,'President\'s D',6,'18\'','73\' x 46\'','3,358','Main Tent (Not Saturday evening)','1',NULL,NULL,NULL,NULL,NULL,NULL,NULL),(7,'Prefunction A',19,'9\'','20\' x 25\'','500','Program/Prefunction','1',NULL,NULL,NULL,NULL,NULL,NULL,NULL),(8,'Prefunction BC',20,'9\'','20\' x 27\'','540','Prefunction/Masquerade','1',NULL,NULL,NULL,NULL,NULL,NULL,NULL),(9,'Prefunction D',21,'9\'','20\' x 13\'','260','Prefunction/Masquerade','1',NULL,NULL,NULL,NULL,NULL,NULL,NULL),(10,'Courtyard Lobby',300,'',' x','','Registration/Fan Tables/Masquerade','1',NULL,NULL,NULL,NULL,NULL,NULL,NULL),(11,'Paul Revere AB',29,'9\'','39\' x 34\'','1,188','Unknown','1',NULL,NULL,NULL,NULL,NULL,NULL,NULL),(12,'Paul Revere A',30,'9\'','34\' x 20\'','615','Unknown','1',NULL,NULL,NULL,NULL,NULL,NULL,NULL),(13,'Paul Revere B',31,'9\'','31\' x 18\'','573','Unknown','1',NULL,NULL,NULL,NULL,NULL,NULL,NULL),(14,'Patriots\' Hall',40,'',' x','','Unknown','1',NULL,NULL,NULL,NULL,NULL,NULL,NULL),(15,'Thomas Paine AB',50,'9\'','23\' x 50\'','1,150','Gaming','1',NULL,NULL,NULL,NULL,NULL,NULL,NULL),(16,'William Dawes AB',60,'9\'','23\' x 50\'','1,150','Program','1',NULL,NULL,NULL,NULL,NULL,NULL,NULL),(17,'William Dawes A',61,'9\'','23\' x 25\'','575','Program','1',NULL,NULL,NULL,NULL,NULL,NULL,NULL),(18,'William Dawes B',62,'9\'','23\' x 25\'','575','Program','1',NULL,NULL,NULL,NULL,NULL,NULL,NULL),(19,'Crispus Attucks',70,'9\'','23\' x 39\'','897','Program/Filk','1',NULL,NULL,NULL,NULL,NULL,NULL,NULL),(20,'Haym Solomon',80,'9\'','23\' x 39\'','897','Anime/Video/Program','1',NULL,NULL,NULL,NULL,NULL,NULL,NULL),(21,'Molly Pitcher',80,'9\'','23\' x 39\'','897','Video/Anime/Program','1',NULL,NULL,NULL,NULL,NULL,NULL,NULL),(22,'Media Room',200,'9\'','16\' x 9\'5','144','Registration/Prog Ops','1',NULL,NULL,NULL,NULL,NULL,NULL,NULL),(23,'Guest Room 201',200,'8\'','13\' x 28\'','364','Unknown','2',NULL,NULL,NULL,NULL,NULL,NULL,NULL),(24,'Guest Room 202',200,'',' x','','Security','2',NULL,NULL,NULL,NULL,NULL,NULL,NULL),(25,'Guest Room 203',200,'8\'','13\' x 26\'','338','Ops','2',NULL,NULL,NULL,NULL,NULL,NULL,NULL),(26,'Guest Room 204',200,'8\'','13\' x 26\'','338','Program','2',NULL,NULL,NULL,NULL,NULL,NULL,NULL),(27,'Guest Room 207',200,'',' x','','Volunteers','2',NULL,NULL,NULL,NULL,NULL,NULL,NULL),(28,'Cambridge AB',90,'8\'','39\' x 23\'','897','Program/Parties','2',NULL,NULL,NULL,NULL,NULL,NULL,NULL),(29,'Cambridge A',91,'8\'','20\' x 23\'','460','Program','2',NULL,NULL,NULL,NULL,NULL,NULL,NULL),(30,'Cambridge B',92,'8\'','19\' x 23\'','437','Program','2',NULL,NULL,NULL,NULL,NULL,NULL,NULL),(31,'Aquarium',100,'9-17\'','21\' x 31\'','651','Con Suite','2',NULL,NULL,NULL,NULL,NULL,NULL,NULL),(32,'Crows\' Nest Alcove',100,'','Irregular x','400','CouchCon','3',NULL,NULL,NULL,NULL,NULL,NULL,NULL),(33,'BU Suite (Regency Club)',100,'8\'','26\'6 x 16\'','547','Staff Den','10',NULL,NULL,NULL,NULL,NULL,NULL,NULL),(34,'Empress',110,'','Multi-level x','3,262','Dealers','14',NULL,NULL,NULL,NULL,NULL,NULL,NULL),(35,'Charles River Ballroom',110,'',' x','3,000','Art Show / Dead Dog','16',NULL,NULL,NULL,NULL,NULL,NULL,NULL),(36,'Charles River Prefunction',110,'',' x','1,000','Program','16',NULL,NULL,NULL,NULL,NULL,NULL,NULL),(40,'Fast Track 1',120,NULL,NULL,NULL,'Fast Track',NULL,NULL,NULL,NULL,NULL,NULL,NULL,NULL),(41,'Fast Track 2',121,NULL,NULL,NULL,'Fast Track',NULL,NULL,NULL,NULL,NULL,NULL,NULL,NULL),(42,'Fast Track 3',122,NULL,NULL,NULL,'Fast Track',NULL,NULL,NULL,NULL,NULL,NULL,NULL,NULL),(43,'Zephyr Patio',101,NULL,NULL,NULL,NULL,'outside restaurant',NULL,NULL,NULL,NULL,NULL,NULL,NULL),(44,'ArisiaTV',1,NULL,NULL,NULL,NULL,NULL,NULL,NULL,NULL,NULL,NULL,NULL,NULL);
/*!40000 ALTER TABLE `Rooms` ENABLE KEYS */;
UNLOCK TABLES;

--
-- Table structure for table `Schedule`
--

DROP TABLE IF EXISTS `Schedule`;
CREATE TABLE `Schedule` (
  `scheduleid` int(11) NOT NULL auto_increment,
  `sessionid` int(11) NOT NULL default '0',
  `roomid` int(11) NOT NULL default '0',
  `starttime` time NOT NULL default '00:00:00',
  PRIMARY KEY  (`scheduleid`),
  KEY `sessionid` (`sessionid`),
  KEY `roomid` (`roomid`),
  CONSTRAINT `Schedule_ibfk_1` FOREIGN KEY (`sessionid`) REFERENCES `Sessions` (`sessionid`),
  CONSTRAINT `Schedule_ibfk_2` FOREIGN KEY (`roomid`) REFERENCES `Rooms` (`roomid`)
) ENGINE=InnoDB DEFAULT CHARSET=latin1;

--
-- Dumping data for table `Schedule`
--

LOCK TABLES `Schedule` WRITE;
/*!40000 ALTER TABLE `Schedule` DISABLE KEYS */;
/*!40000 ALTER TABLE `Schedule` ENABLE KEYS */;
UNLOCK TABLES;

--
-- Table structure for table `Services`
--

DROP TABLE IF EXISTS `Services`;
CREATE TABLE `Services` (
  `serviceid` int(11) NOT NULL auto_increment,
  `servicename` varchar(50) default NULL,
  `display_order` int(11) default NULL,
  PRIMARY KEY  (`serviceid`)
) ENGINE=InnoDB DEFAULT CHARSET=latin1;

--
-- Dumping data for table `Services`
--

LOCK TABLES `Services` WRITE;
/*!40000 ALTER TABLE `Services` DISABLE KEYS */;
INSERT INTO `Services` VALUES (1,'DVD Player',3),(2,'VHS Tape Player',21),(3,'Projector (Computer)',9),(4,'CD Player',1),(5,'Sound',17),(6,'TV',19),(7,'Projector (Video)',10),(8,'Food',5),(9,'Flip Chart',4),(10,'Gopher',6),(11,'Lights',7),(12,'Power Strips',8),(13,'Slide Carousel',12),(14,'Risers',11);
/*!40000 ALTER TABLE `Services` ENABLE KEYS */;
UNLOCK TABLES;

--
-- Table structure for table `SessionEditCodes`
--

DROP TABLE IF EXISTS `SessionEditCodes`;
CREATE TABLE `SessionEditCodes` (
  `sessioneditcode` int(11) NOT NULL auto_increment,
  `description` varchar(40) default NULL,
  `display_order` int(11) NOT NULL default '1',
  PRIMARY KEY  (`sessioneditcode`)
) ENGINE=InnoDB DEFAULT CHARSET=latin1 ROW_FORMAT=DYNAMIC;

--
-- Dumping data for table `SessionEditCodes`
--

LOCK TABLES `SessionEditCodes` WRITE;
/*!40000 ALTER TABLE `SessionEditCodes` DISABLE KEYS */;
INSERT INTO `SessionEditCodes` VALUES (1,'Created in brainstorm',1),(2,'Created in staff create session',2),(3,'Unknown edit',3);
/*!40000 ALTER TABLE `SessionEditCodes` ENABLE KEYS */;
UNLOCK TABLES;

--
-- Table structure for table `SessionEditHistory`
--

DROP TABLE IF EXISTS `SessionEditHistory`;
CREATE TABLE `SessionEditHistory` (
  `sessionid` int(11) NOT NULL default '0',
  `badgeid` varchar(15) default NULL,
  `name` varchar(40) default NULL,
  `email_address` varchar(75) default NULL,
  `timestamp` timestamp NOT NULL default CURRENT_TIMESTAMP,
  `sessioneditcode` int(11) NOT NULL default '0',
  `statusid` int(11) NOT NULL default '0',
  PRIMARY KEY  (`sessionid`,`timestamp`),
  KEY `FK_SessionEditHistory` (`badgeid`),
  KEY `FK_SessionEditCodes` (`sessioneditcode`),
  KEY `FK_SessionEditHistory4` (`statusid`),
  CONSTRAINT `SessionEditHistory_ibfk_1` FOREIGN KEY (`sessionid`) REFERENCES `Sessions` (`sessionid`),
  CONSTRAINT `SessionEditHistory_ibfk_2` FOREIGN KEY (`badgeid`) REFERENCES `Participants` (`badgeid`),
  CONSTRAINT `SessionEditHistory_ibfk_3` FOREIGN KEY (`sessioneditcode`) REFERENCES `SessionEditCodes` (`sessioneditcode`),
  CONSTRAINT `SessionEditHistory_ibfk_4` FOREIGN KEY (`statusid`) REFERENCES `SessionStatuses` (`statusid`)
) ENGINE=InnoDB DEFAULT CHARSET=latin1 ROW_FORMAT=DYNAMIC COMMENT='InnoDB free: 8192 kB';

--
-- Dumping data for table `SessionEditHistory`
--

LOCK TABLES `SessionEditHistory` WRITE;
/*!40000 ALTER TABLE `SessionEditHistory` DISABLE KEYS */;
/*!40000 ALTER TABLE `SessionEditHistory` ENABLE KEYS */;
UNLOCK TABLES;

--
-- Table structure for table `SessionHasFeature`
--

DROP TABLE IF EXISTS `SessionHasFeature`;
CREATE TABLE `SessionHasFeature` (
  `sessionid` int(11) NOT NULL default '0',
  `featureid` int(11) NOT NULL default '0',
  PRIMARY KEY  (`sessionid`,`featureid`),
  KEY `featureid` (`featureid`),
  CONSTRAINT `SessionHasFeature_ibfk_1` FOREIGN KEY (`sessionid`) REFERENCES `Sessions` (`sessionid`),
  CONSTRAINT `SessionHasFeature_ibfk_2` FOREIGN KEY (`featureid`) REFERENCES `Features` (`featureid`)
) ENGINE=InnoDB DEFAULT CHARSET=latin1;

--
-- Dumping data for table `SessionHasFeature`
--

LOCK TABLES `SessionHasFeature` WRITE;
/*!40000 ALTER TABLE `SessionHasFeature` DISABLE KEYS */;
/*!40000 ALTER TABLE `SessionHasFeature` ENABLE KEYS */;
UNLOCK TABLES;

--
-- Table structure for table `SessionHasPubChar`
--

DROP TABLE IF EXISTS `SessionHasPubChar`;
CREATE TABLE `SessionHasPubChar` (
  `sessionid` int(11) NOT NULL default '0',
  `pubcharid` int(11) NOT NULL default '0',
  PRIMARY KEY  (`sessionid`,`pubcharid`),
  KEY `Fkey2` (`pubcharid`),
  CONSTRAINT `Fkey1` FOREIGN KEY (`sessionid`) REFERENCES `Sessions` (`sessionid`),
  CONSTRAINT `Fkey2` FOREIGN KEY (`pubcharid`) REFERENCES `PubCharacteristics` (`pubcharid`)
) ENGINE=InnoDB DEFAULT CHARSET=latin1;

--
-- Dumping data for table `SessionHasPubChar`
--

LOCK TABLES `SessionHasPubChar` WRITE;
/*!40000 ALTER TABLE `SessionHasPubChar` DISABLE KEYS */;
/*!40000 ALTER TABLE `SessionHasPubChar` ENABLE KEYS */;
UNLOCK TABLES;

--
-- Table structure for table `SessionHasService`
--

DROP TABLE IF EXISTS `SessionHasService`;
CREATE TABLE `SessionHasService` (
  `sessionid` int(11) NOT NULL default '0',
  `serviceid` int(11) NOT NULL default '0',
  PRIMARY KEY  (`sessionid`,`serviceid`),
  KEY `serviceid` (`serviceid`),
  CONSTRAINT `SessionHasService_ibfk_1` FOREIGN KEY (`sessionid`) REFERENCES `Sessions` (`sessionid`),
  CONSTRAINT `SessionHasService_ibfk_2` FOREIGN KEY (`serviceid`) REFERENCES `Services` (`serviceid`)
) ENGINE=InnoDB DEFAULT CHARSET=latin1;

--
-- Dumping data for table `SessionHasService`
--

LOCK TABLES `SessionHasService` WRITE;
/*!40000 ALTER TABLE `SessionHasService` DISABLE KEYS */;
/*!40000 ALTER TABLE `SessionHasService` ENABLE KEYS */;
UNLOCK TABLES;

--
-- Table structure for table `SessionStatuses`
--

DROP TABLE IF EXISTS `SessionStatuses`;
CREATE TABLE `SessionStatuses` (
  `statusid` int(11) NOT NULL auto_increment,
  `statusname` varchar(50) default NULL,
  `display_order` int(11) default NULL,
  PRIMARY KEY  (`statusid`)
) ENGINE=InnoDB DEFAULT CHARSET=latin1;

--
-- Dumping data for table `SessionStatuses`
--

LOCK TABLES `SessionStatuses` WRITE;
/*!40000 ALTER TABLE `SessionStatuses` DISABLE KEYS */;
INSERT INTO `SessionStatuses` VALUES (1,'Brainstorm',4),(2,'Vetted',6),(3,'Scheduled',14),(4,'Dropped',18),(5,'Cancelled',20),(6,'Edit Me',1),(7,'Assigned',10),(8,'A06scheduled',100),(9,'A06notsched',101),(10,'duplicate',90),(11,'A07scheduled',102),(12,'A07notsched',102);
/*!40000 ALTER TABLE `SessionStatuses` ENABLE KEYS */;
UNLOCK TABLES;

--
-- Table structure for table `Sessions`
--

DROP TABLE IF EXISTS `Sessions`;
CREATE TABLE `Sessions` (
  `sessionid` int(11) NOT NULL auto_increment,
  `trackid` int(11) NOT NULL default '0',
  `typeid` int(11) NOT NULL default '0',
  `divisionid` int(11) NOT NULL default '0',
  `pubstatusid` int(11) default '0',
  `pubsno` varchar(50) default NULL,
  `title` varchar(100) default NULL,
  `pocketprogtext` text,
  `progguiddesc` text,
  `persppartinfo` text,
  `duration` time default NULL,
  `estatten` int(11) default NULL,
  `kidscatid` int(11) NOT NULL default '0',
  `signupreq` tinyint(1) default NULL,
  `roomsetid` int(11) NOT NULL default '0',
  `notesforpart` text,
  `servicenotes` text,
  `statusid` int(11) NOT NULL default '0',
  `notesforprog` text,
  `warnings` tinyint(1) default NULL,
  `invitedguest` tinyint(1) default '0',
  `ts` timestamp NOT NULL default CURRENT_TIMESTAMP on update CURRENT_TIMESTAMP,
  PRIMARY KEY  (`sessionid`),
  KEY `trackid` (`trackid`),
  KEY `typeid` (`typeid`),
  KEY `kidscatid` (`kidscatid`),
  KEY `roomsetid` (`roomsetid`),
  KEY `statusid` (`statusid`),
  KEY `Sessions_ibfk_7` (`divisionid`),
  KEY `Sessions_ibfk_6` (`pubstatusid`),
  CONSTRAINT `Sessions_ibfk_1` FOREIGN KEY (`trackid`) REFERENCES `Tracks` (`trackid`),
  CONSTRAINT `Sessions_ibfk_2` FOREIGN KEY (`typeid`) REFERENCES `Types` (`typeid`),
  CONSTRAINT `Sessions_ibfk_3` FOREIGN KEY (`kidscatid`) REFERENCES `KidsCategories` (`kidscatid`),
  CONSTRAINT `Sessions_ibfk_4` FOREIGN KEY (`roomsetid`) REFERENCES `RoomSets` (`roomsetid`),
  CONSTRAINT `Sessions_ibfk_5` FOREIGN KEY (`statusid`) REFERENCES `SessionStatuses` (`statusid`),
  CONSTRAINT `Sessions_ibfk_6` FOREIGN KEY (`pubstatusid`) REFERENCES `PubStatuses` (`pubstatusid`),
  CONSTRAINT `Sessions_ibfk_7` FOREIGN KEY (`divisionid`) REFERENCES `Divisions` (`divisionid`)
) ENGINE=InnoDB DEFAULT CHARSET=latin1;

--
-- Dumping data for table `Sessions`
--

LOCK TABLES `Sessions` WRITE;
/*!40000 ALTER TABLE `Sessions` DISABLE KEYS */;
/*!40000 ALTER TABLE `Sessions` ENABLE KEYS */;
UNLOCK TABLES;

--
-- Table structure for table `Times`
--

DROP TABLE IF EXISTS `Times`;
CREATE TABLE `Times` (
  `timeindex` int(11) NOT NULL default '0',
  `timetext` char(10) default NULL,
  `display_order` int(11) default NULL,
  PRIMARY KEY  (`timeindex`)
) ENGINE=InnoDB DEFAULT CHARSET=latin1;

--
-- Dumping data for table `Times`
--

LOCK TABLES `Times` WRITE;
/*!40000 ALTER TABLE `Times` DISABLE KEYS */;
INSERT INTO `Times` VALUES (1,'00:00a',1),(2,'1:00a',2),(3,'2:00a',3),(4,'3:00a',4),(5,'4:00a',5),(6,'5:00a',6),(7,'6:00a',7),(8,'7:00a',8),(9,'8:00a',9),(10,'9:00a',10),(11,'10:00a',11),(12,'11:00a',12),(13,'noon',13),(14,'1:00p',14),(15,'2:00p',15),(16,'3:00p',16),(17,'4:00p',17),(18,'5:00p',18),(19,'6:00p',19),(20,'7:00p',20),(21,'8:00p',21),(22,'9:00p',22),(23,'10:00p',23),(24,'11:00p',24);
/*!40000 ALTER TABLE `Times` ENABLE KEYS */;
UNLOCK TABLES;

--
-- Table structure for table `Tracks`
--

DROP TABLE IF EXISTS `Tracks`;
CREATE TABLE `Tracks` (
  `trackid` int(11) NOT NULL auto_increment,
  `trackname` varchar(50) default NULL,
  `display_order` int(11) default NULL,
  `selfselect` tinyint(1) default NULL,
  PRIMARY KEY  (`trackid`)
) ENGINE=InnoDB DEFAULT CHARSET=latin1;

--
-- Dumping data for table `Tracks`
--

LOCK TABLES `Tracks` WRITE;
/*!40000 ALTER TABLE `Tracks` DISABLE KEYS */;
INSERT INTO `Tracks` VALUES
    (1,'Anime',1,0),
    (2,'Art',2,1),
    (3,'Comic',3,1),
    (4,'Costuming',4,1),
    (5,'eLife',5,1),
    (6,'Fan Interest',6,1),
    (7,'Fandom',7,1),
    (8,'FastTrack',8,1),
    (9,'Filk',9,0),
    (10,'Gaming',10,1),
    (11,'Lifestyles',11,1),
    (12,'Literature',12,1),
    (13,'Media',13,1),
    (14,'Science',14,1),
    (15,'Teen',15,1),
    (16,'Parties',16,0),
    (99,'I do not know',99,0);
/*!40000 ALTER TABLE `Tracks` ENABLE KEYS */;
UNLOCK TABLES;

--
-- Table structure for table `Types`
--

DROP TABLE IF EXISTS `Types`;
CREATE TABLE `Types` (
  `typeid` int(11) NOT NULL auto_increment,
  `typename` varchar(50) default NULL,
  `display_order` int(11) default NULL,
  PRIMARY KEY  (`typeid`)
) ENGINE=InnoDB DEFAULT CHARSET=latin1;

--
-- Dumping data for table `Types`
--

LOCK TABLES `Types` WRITE;
/*!40000 ALTER TABLE `Types` DISABLE KEYS */;
INSERT INTO `Types` VALUES (1,'Panel',1),(2,'Workshop',2),(4,'Lecture',4),(5,'Meeting',5),(8,'Reading',7),(9,'Group Reading',8),(10,'TV - Live Event',10),(11,'TV - Previous Event',11),(12,'Movie',12),(13,'TV Show',13),(14,'Open Gaming',30),(15,'Scheduled Game',30),(16,'TV - Movie',11),(17,'I do not know',700),(18,'Concert',4),(19,'Participatory Event',2),(20,'Drama',4);
/*!40000 ALTER TABLE `Types` ENABLE KEYS */;
UNLOCK TABLES;

--
-- Table structure for table `UserHasPermissionRole`
--

DROP TABLE IF EXISTS `UserHasPermissionRole`;
CREATE TABLE `UserHasPermissionRole` (
  `badgeid` varchar(15) NOT NULL default '',
  `permroleid` int(11) NOT NULL default '0',
  PRIMARY KEY  (`badgeid`,`permroleid`),
  KEY `FK_UserHasPermissionRole` (`permroleid`),
  CONSTRAINT `UserHasPermissionRole_ibfk_1` FOREIGN KEY (`badgeid`) REFERENCES `Participants` (`badgeid`),
  CONSTRAINT `UserHasPermissionRole_ibfk_2` FOREIGN KEY (`permroleid`) REFERENCES `PermissionRoles` (`permroleid`)
) ENGINE=InnoDB DEFAULT CHARSET=latin1 ROW_FORMAT=DYNAMIC;

--
-- Dumping data for table `UserHasPermissionRole`
--

LOCK TABLES `UserHasPermissionRole` WRITE;
/*!40000 ALTER TABLE `UserHasPermissionRole` DISABLE KEYS */;
/*!40000 ALTER TABLE `UserHasPermissionRole` ENABLE KEYS */;
UNLOCK TABLES;

/*!40101 SET SQL_MODE=@OLD_SQL_MODE */;
/*!40014 SET FOREIGN_KEY_CHECKS=@OLD_FOREIGN_KEY_CHECKS */;
/*!40014 SET UNIQUE_CHECKS=@OLD_UNIQUE_CHECKS */;
/*!40101 SET CHARACTER_SET_CLIENT=@OLD_CHARACTER_SET_CLIENT */;
/*!40101 SET CHARACTER_SET_RESULTS=@OLD_CHARACTER_SET_RESULTS */;
/*!40101 SET COLLATION_CONNECTION=@OLD_COLLATION_CONNECTION */;
/*!40111 SET SQL_NOTES=@OLD_SQL_NOTES */;

