-- Copyright (c) 2011-2019 by Peter Olszowka. All rights reserved. See copyright document for more details.
--
-- MySQL dump 10.13  Distrib 5.5.30, for osx10.6 (i386)
--
-- Host: 192.168.1.100    Database: zambia_arisia_dev
-- ------------------------------------------------------
-- Server version	5.5.30

/*!40101 SET @OLD_CHARACTER_SET_CLIENT=@@CHARACTER_SET_CLIENT */;
/*!40101 SET @OLD_CHARACTER_SET_RESULTS=@@CHARACTER_SET_RESULTS */;
/*!40101 SET @OLD_COLLATION_CONNECTION=@@COLLATION_CONNECTION */;
/*!40101 SET NAMES utf8 */;
/*!40103 SET @OLD_TIME_ZONE=@@TIME_ZONE */;
/*!40103 SET TIME_ZONE='+00:00' */;
/*!40014 SET @OLD_UNIQUE_CHECKS=@@UNIQUE_CHECKS, UNIQUE_CHECKS=0 */;
/*!40014 SET @OLD_FOREIGN_KEY_CHECKS=@@FOREIGN_KEY_CHECKS, FOREIGN_KEY_CHECKS=0 */;
/*!40101 SET @OLD_SQL_MODE=@@SQL_MODE, SQL_MODE='NO_AUTO_VALUE_ON_ZERO' */;
/*!40111 SET @OLD_SQL_NOTES=@@SQL_NOTES, SQL_NOTES=0 */;

--
-- Table structure for table `BioEditStatuses`
--

DROP TABLE IF EXISTS `BioEditStatuses`;
/*!40101 SET @saved_cs_client     = @@character_set_client */;
/*!40101 SET character_set_client = utf8 */;
CREATE TABLE `BioEditStatuses` (
  `bioeditstatusid` INT(11) NOT NULL auto_increment,
  `bioeditstatusname` varchar(60) DEFAULT NULL,
  `display_order` INT(11) NOT NULL DEFAULT '0',
  PRIMARY KEY  (`bioeditstatusid`)
) ENGINE=InnoDB DEFAULT CHARSET=utf8;
/*!40101 SET character_set_client = @saved_cs_client */;

--
-- Dumping data for table `BioEditStatuses`
--

LOCK TABLES `BioEditStatuses` WRITE;
/*!40000 ALTER TABLE `BioEditStatuses` DISABLE KEYS */;
INSERT INTO `BioEditStatuses` VALUES (1,"Needs editing and translation",1),(2,"Editing done--needs translation",2),(3,"Translation done--needs editing",3),(4,"Editing and translation done",4);
/*!40000 ALTER TABLE `BioEditStatuses` ENABLE KEYS */;
UNLOCK TABLES;

--
-- Table structure for table `CongoDump`
--

DROP TABLE IF EXISTS `CongoDump`;
/*!40101 SET @saved_cs_client     = @@character_set_client */;
/*!40101 SET character_set_client = utf8 */;
CREATE TABLE `CongoDump` (
  `badgeid` varchar(15) NOT NULL DEFAULT '',
  `firstname` varchar(30) DEFAULT NULL,
  `lastname` varchar(40) DEFAULT NULL,
  `badgename` varchar(51) DEFAULT NULL,
  `phone` varchar(100) DEFAULT NULL,
  `email` varchar(100) DEFAULT NULL,
  `postaddress1` varchar(100) DEFAULT NULL,
  `postaddress2` varchar(100) DEFAULT NULL,
  `postcity` varchar(50) DEFAULT NULL,
  `poststate` varchar(25) DEFAULT NULL,
  `postzip` varchar(10) DEFAULT NULL,
  `postcountry` varchar(25) DEFAULT NULL,
  `regtype` varchar(40) DEFAULT NULL,
  PRIMARY KEY (`badgeid`)
) ENGINE=InnoDB DEFAULT CHARSET=utf8;
/*!40101 SET character_set_client = @saved_cs_client */;

--
-- Dumping data for table `CongoDump`
--

LOCK TABLES `CongoDump` WRITE;
/*!40000 ALTER TABLE `CongoDump` DISABLE KEYS */;
/*!40000 ALTER TABLE `CongoDump` ENABLE KEYS */;
UNLOCK TABLES;

--
-- Table structure for table `Credentials`
--

DROP TABLE IF EXISTS `Credentials`;
/*!40101 SET @saved_cs_client     = @@character_set_client */;
/*!40101 SET character_set_client = utf8 */;
CREATE TABLE `Credentials` (
  `credentialid` int(11) NOT NULL AUTO_INCREMENT,
  `credentialname` varchar(100) DEFAULT NULL,
  `display_order` int(11) DEFAULT NULL,
  PRIMARY KEY (`credentialid`)
) ENGINE=InnoDB AUTO_INCREMENT=6 DEFAULT CHARSET=utf8;
/*!40101 SET character_set_client = @saved_cs_client */;

--
-- Dumping data for table `Credentials`
--

LOCK TABLES `Credentials` WRITE;
/*!40000 ALTER TABLE `Credentials` DISABLE KEYS */;
INSERT INTO `Credentials` VALUES (1,'Professional Artist',1),(2,'Professional Editor',2),(3,'Professional Musician',3),(4,'Published Author',4),(5,'Web Comics Creator',5);
/*!40000 ALTER TABLE `Credentials` ENABLE KEYS */;
UNLOCK TABLES;

--
-- Table structure for table `CustomText`
--

DROP TABLE IF EXISTS `CustomText`;
/*!40101 SET @saved_cs_client     = @@character_set_client */;
/*!40101 SET character_set_client = utf8 */;
CREATE TABLE `CustomText` (
  `customtextid` int(11) NOT NULL AUTO_INCREMENT,
  `page` varchar(100) DEFAULT NULL,
  `tag` varchar(25) DEFAULT NULL,
  `textcontents` text,
  PRIMARY KEY (`customtextid`),
  UNIQUE KEY `page` (`page`,`tag`)
) ENGINE=InnoDB AUTO_INCREMENT=3 DEFAULT CHARSET=utf8;
/*!40101 SET character_set_client = @saved_cs_client */;

--
-- Dumping data for table `CustomText`
--

LOCK TABLES `CustomText` WRITE;
/*!40000 ALTER TABLE `CustomText` DISABLE KEYS */;
INSERT INTO `CustomText` VALUES 
  (1,'My Profile','biography_note','Note: Your biography will appear immediately following your name in the program. If you have previously been a participant, the stored bio for you will be displayed below. Please verify the text for publication.'),
  (2,'My Availability','note_after_times','Please note: this year the Masquerade is scheduled for Sun, likely 8-11 pm.'),
  (3,'Not Enough Panels','not_enough_panels','Panelists on 3 or more panels receive complementary memberships from Programming.  If you are interested in increasing your number of panels to take advantage of this, please contact us and we will work with you to see if it is possible.  If you are expecting a comp from helping another division, that will show up here shortly after registration processes it.  Please contact that division or registration with questions.'),
  (4,'Enough Panels','enough_panels','Programming has requested a comp membership for you.'),
  (5,'Note to All Panelists 1','all_panelists_1','In order to put together the entire schedule, we had to schedule some panels outside of the times that certain panelists requested.  If this happened to you, we would love to have you on the panel, but understand if you cannot make it.  Please let us know if you cannot.'),
  (6,'Note to all Panelists 2','all_panelists_2','Several of the panels we are running this year were extremely popular with over 20 potential panelists signing up.  Choosing whom to place on those panels was difficult.  There is always a possibility that one of the panelists currently scheduled will be unavailable so feel free to check with us to see if a space has opened up on a panel on which you'd still like to participate.');
/*!40000 ALTER TABLE `CustomText` ENABLE KEYS */;
UNLOCK TABLES;

--
-- Table structure for table `Divisions`
--

DROP TABLE IF EXISTS `Divisions`;
/*!40101 SET @saved_cs_client     = @@character_set_client */;
/*!40101 SET character_set_client = utf8 */;
CREATE TABLE `Divisions` (
  `divisionid` int(11) NOT NULL AUTO_INCREMENT,
  `divisionname` varchar(30) DEFAULT NULL,
  `display_order` int(11) NOT NULL DEFAULT '0',
  PRIMARY KEY (`divisionid`)
) ENGINE=InnoDB AUTO_INCREMENT=9 DEFAULT CHARSET=utf8;
/*!40101 SET character_set_client = @saved_cs_client */;

--
-- Dumping data for table `Divisions`
--

LOCK TABLES `Divisions` WRITE;
/*!40000 ALTER TABLE `Divisions` DISABLE KEYS */;
INSERT INTO `Divisions` VALUES (1,'Other',11),(2,'Programming',1),(3,'Events',2),(4,'Exhibits',10),(5,'Hotel',13),(6,'Unspecified',12),(7,'Multimedia',4),(8,'Child Services',6);
/*!40000 ALTER TABLE `Divisions` ENABLE KEYS */;
UNLOCK TABLES;

--
-- Table structure for table `EmailCC`
--

DROP TABLE IF EXISTS `EmailCC`;
/*!40101 SET @saved_cs_client     = @@character_set_client */;
/*!40101 SET character_set_client = utf8 */;
CREATE TABLE `EmailCC` (
  `emailccid` int(11) NOT NULL AUTO_INCREMENT,
  `description` varchar(50) DEFAULT NULL,
  `display_order` int(11) NOT NULL DEFAULT '0',
  `emailaddress` varchar(255) DEFAULT NULL,
  PRIMARY KEY (`emailccid`)
) ENGINE=InnoDB AUTO_INCREMENT=3 DEFAULT CHARSET=utf8 CHECKSUM=1 DELAY_KEY_WRITE=1 ROW_FORMAT=DYNAMIC;
/*!40101 SET character_set_client = @saved_cs_client */;

--
-- Dumping data for table `EmailCC`
--

LOCK TABLES `EmailCC` WRITE;
/*!40000 ALTER TABLE `EmailCC` DISABLE KEYS */;
INSERT INTO `EmailCC` VALUES (1,'None',1,NULL),(2,'Mike\'s spare address (foo@bar.com)',2,'foo@bar.com');
/*!40000 ALTER TABLE `EmailCC` ENABLE KEYS */;
UNLOCK TABLES;

--
-- Table structure for table `EmailFrom`
--

DROP TABLE IF EXISTS `EmailFrom`;
/*!40101 SET @saved_cs_client     = @@character_set_client */;
/*!40101 SET character_set_client = utf8 */;
CREATE TABLE `EmailFrom` (
  `emailfromid` int(11) NOT NULL AUTO_INCREMENT,
  `emailfromdescription` varchar(30) DEFAULT NULL,
  `display_order` int(11) NOT NULL DEFAULT '0',
  `emailfromaddress` varchar(255) DEFAULT NULL,
  PRIMARY KEY (`emailfromid`)
) ENGINE=InnoDB AUTO_INCREMENT=4 DEFAULT CHARSET=utf8 CHECKSUM=1 DELAY_KEY_WRITE=1 ROW_FORMAT=DYNAMIC;
/*!40101 SET character_set_client = @saved_cs_client */;

--
-- Dumping data for table `EmailFrom`
--

LOCK TABLES `EmailFrom` WRITE;
/*!40000 ALTER TABLE `EmailFrom` DISABLE KEYS */;
INSERT INTO `EmailFrom` VALUES (1,'Arisia Programming',2,'programming@arisia.org'),(2,'Arisia Events',3,'events@arisia.org'),(3,'Arisia Con Chair',4,'chair@arisia.org');
/*!40000 ALTER TABLE `EmailFrom` ENABLE KEYS */;
UNLOCK TABLES;

--
-- Table structure for table `EmailQueue`
--

DROP TABLE IF EXISTS `EmailQueue`;
/*!40101 SET @saved_cs_client     = @@character_set_client */;
/*!40101 SET character_set_client = utf8 */;
CREATE TABLE `EmailQueue` (
  `emailqueueid` int(11) NOT NULL AUTO_INCREMENT,
  `emailto` varchar(255) DEFAULT NULL,
  `emailfrom` varchar(255) DEFAULT NULL,
  `emailcc` varchar(255) DEFAULT NULL,
  `emailsubject` varchar(255) DEFAULT NULL,
  `body` text,
  `status` int(11) NOT NULL,
  `emailtimestamp` timestamp NOT NULL DEFAULT CURRENT_TIMESTAMP ON UPDATE CURRENT_TIMESTAMP,
  PRIMARY KEY (`emailqueueid`)
) ENGINE=InnoDB DEFAULT CHARSET=utf8;
/*!40101 SET character_set_client = @saved_cs_client */;

--
-- Dumping data for table `EmailQueue`
--

LOCK TABLES `EmailQueue` WRITE;
/*!40000 ALTER TABLE `EmailQueue` DISABLE KEYS */;
/*!40000 ALTER TABLE `EmailQueue` ENABLE KEYS */;
UNLOCK TABLES;

--
-- Table structure for table `EmailTo`
--

DROP TABLE IF EXISTS `EmailTo`;
/*!40101 SET @saved_cs_client     = @@character_set_client */;
/*!40101 SET character_set_client = utf8 */;
CREATE TABLE `EmailTo` (
  `emailtoid` int(11) NOT NULL AUTO_INCREMENT,
  `emailtodescription` varchar(75) DEFAULT NULL,
  `display_order` int(11) NOT NULL DEFAULT '0',
  `emailtoquery` text,
  PRIMARY KEY (`emailtoid`)
) ENGINE=InnoDB AUTO_INCREMENT=10 DEFAULT CHARSET=utf8 DELAY_KEY_WRITE=1 ROW_FORMAT=DYNAMIC;
/*!40101 SET character_set_client = @saved_cs_client */;

--
-- Dumping data for table `EmailTo`
--

LOCK TABLES `EmailTo` WRITE;
/*!40000 ALTER TABLE `EmailTo` DISABLE KEYS */;
INSERT INTO `EmailTo` VALUES (1,'Mike S., Peter O., Jaime G., Matt B., Dan F. & Ben L. for testing',10,'SELECT CD.badgeid, CD.firstname, CD.lastname, CD.email, P.pubsname, CD.badgename\r\nfrom CongoDump CD join Participants P using (badgeid)\r\nwhere P.badgeid in (\'53159\',\'4440\',\'94209\',\'4720\',\'5225\',\'93914\') order by badgeid;'),(2,'All Program Participants',1,'SELECT\r\n            CD.badgeid, CD.firstname, CD.lastname, CD.email, P.pubsname, CD.badgename\r\n    from\r\n            CongoDump CD join\r\n            Participants P using (badgeid) join\r\n            UserHasPermissionRole UHPR using (badgeid)\r\n    where\r\n            UHPR.permroleid=3'),(3,'Program Participants who are attending',2,'SELECT CD.badgeid, CD.firstname, CD.lastname, CD.email, P.pubsname, CD.badgename\r\nfrom CongoDump CD, Participants P , UserHasPermissionRole UHPR\r\nwhere CD.badgeid=P.badgeid and CD.badgeid=UHPR.badgeid and UHPR.permroleid=3\r\nand P.interested=1'),(4,'Attending participants willing to read own work',3,'SELECT\r\n        CD.badgeid,\r\n        CD.firstname,\r\n        CD.lastname,\r\n        CD.email,\r\n        P.pubsname,\r\n        CD.badgename\r\n    from\r\n        CongoDump CD\r\n            join\r\n        Participants P\r\n            using (badgeid)\r\n            join\r\n        UserHasPermissionRole UHPR\r\n            using (badgeid)\r\n            join\r\n        ParticipantHasRole\r\n            using (badgeid)\r\n    where\r\n        UHPR.permroleid=3 and\r\n        P.interested=1 and\r\n        roleid = 2\r\n    order by lastname;'),(5,'Participants who participated in programming',9,'SELECT CD.badgeid, CD.firstname, CD.lastname, CD.email, P.pubsname, CD.badgename,\r\n    P.interested\r\n  from CongoDump CD inner join Participants P on CD.badgeid=P.badgeid\r\n    and CD.email is not null and P.badgeid in\r\n (select distinct badgeid from ParticipantOnSession POS inner join Sessions S\r\n    on POS.sessionid = S.sessionid and S.statusid=3 and S.divisionid=2);'),(6,'Attending participants willing to do workshop',4,'SELECT DISTINCT\r\n        CD.badgeid,\r\n        CD.firstname,\r\n        CD.lastname,\r\n        CD.email,\r\n        P.pubsname,\r\n        CD.badgename\r\n    from\r\n        CongoDump CD\r\n            join\r\n        (select badgeid from ParticipantHasRole where roleid = 6\r\n             union\r\n             select badgeid from ParticipantInterests where yespanels!=\"\") WP\r\n            using (badgeid)\r\n            join\r\n        Participants P\r\n            using (badgeid)\r\n            join\r\n        UserHasPermissionRole UHPR\r\n            using (badgeid)\r\n    where\r\n        P.interested=1 and\r\n        UHPR.permroleid=3\r\n    order by lastname;'),(7,'Have not logged in or responded to \"interested\" query',7,'SELECT CD.badgeid, CD.firstname, CD.lastname, CD.email, P.pubsname, CD.badgename FROM CongoDump CD JOIN Participants P USING (badgeid) JOIN UserHasPermissionRole UHPR USING (badgeid) WHERE UHPR.permroleid=3 AND P.interested IS NULL ORDER BY IFNULL(CD.lastname,\'ZZZZZ\');'),(8,'Staff with insecure passwords',8,'SELECT CD.badgeid, CD.firstname, CD.lastname, CD.email, P.pubsname, CD.badgename\r\nFROM CongoDump CD JOIN Participants P USING (badgeid) JOIN UserHasPermissionRole UHPR USING (badgeid)\r\nwhere UHPR.permroleid = 2 AND P.password =\'4cb9c8a8048fd02294477fcb1a41191a\';'),(9,'Scheduled Program Participants who are moderators',5,'SELECT DISTINCT\r\n        CD.badgeid,\r\n        CD.firstname,\r\n        CD.lastname,\r\n        CD.email,\r\n        P.pubsname,\r\n        CD.badgename\r\n    FROM\r\n            CongoDump CD\r\n       JOIN Participants P USING (badgeid)\r\n       JOIN UserHasPermissionRole UHPR USING (badgeid)\r\n       JOIN ParticipantOnSession POS ON (CD.badgeid = POS.badgeid AND POS.moderator = 1)\r\n       JOIN `Schedule` SCH USING (sessionid)\r\n       JOIN Sessions S ON (SCH.sessionid = S.sessionid AND S.divisionid = 2)\r\n     WHERE\r\n        UHPR.permroleid = 3\r\n    ORDER BY CD.lastname;');
/*!40000 ALTER TABLE `EmailTo` ENABLE KEYS */;
UNLOCK TABLES;

--
-- Table structure for table `Features`
--

DROP TABLE IF EXISTS `Features`;
/*!40101 SET @saved_cs_client     = @@character_set_client */;
/*!40101 SET character_set_client = utf8 */;
CREATE TABLE `Features` (
  `featureid` int(11) NOT NULL AUTO_INCREMENT,
  `featurename` varchar(50) DEFAULT NULL,
  `display_order` int(11) DEFAULT NULL,
  PRIMARY KEY (`featureid`)
) ENGINE=InnoDB AUTO_INCREMENT=14 DEFAULT CHARSET=utf8;
/*!40101 SET character_set_client = @saved_cs_client */;

--
-- Dumping data for table `Features`
--

LOCK TABLES `Features` WRITE;
/*!40000 ALTER TABLE `Features` DISABLE KEYS */;
INSERT INTO `Features` VALUES (1,'Power (110)',6),(2,'Power (special)',7),(3,'Internet',4),(4,'Cable TV',1),(5,'Fridge',3),(6,'Running Water',8),(7,'Window',12),(8,'Sound Isolation',10),(9,'Boardroom Table',2),(10,'Mirror',5),(11,'Toilet',11),(12,'Shower/Bath',9),(13,'Blackout Curtains',18);
/*!40000 ALTER TABLE `Features` ENABLE KEYS */;
UNLOCK TABLES;

--
-- Table structure for table `KidsCategories`
--

DROP TABLE IF EXISTS `KidsCategories`;
/*!40101 SET @saved_cs_client     = @@character_set_client */;
/*!40101 SET character_set_client = utf8 */;
CREATE TABLE `KidsCategories` (
  `kidscatid` int(11) NOT NULL AUTO_INCREMENT,
  `kidscatname` varchar(50) DEFAULT NULL,
  `display_order` int(11) DEFAULT NULL,
  PRIMARY KEY (`kidscatid`)
) ENGINE=InnoDB AUTO_INCREMENT=5 DEFAULT CHARSET=utf8;
/*!40101 SET character_set_client = @saved_cs_client */;

--
-- Dumping data for table `KidsCategories`
--

LOCK TABLES `KidsCategories` WRITE;
/*!40000 ALTER TABLE `KidsCategories` DISABLE KEYS */;
INSERT INTO `KidsCategories` VALUES (1,'Targeted',1),(2,'Welcome',2),(3,'Only w/ Parent',3),(4,'Not Allowed',4);
/*!40000 ALTER TABLE `KidsCategories` ENABLE KEYS */;
UNLOCK TABLES;

--
-- Table structure for table `LanguageStatuses`
--

DROP TABLE IF EXISTS `LanguageStatuses`;
/*!40101 SET @saved_cs_client     = @@character_set_client */;
/*!40101 SET character_set_client = utf8 */;
CREATE TABLE `LanguageStatuses` (
  `languagestatusid` int(11) NOT NULL AUTO_INCREMENT,
  `languagestatusname` varchar(30) DEFAULT NULL,
  `display_order` int(11) DEFAULT NULL,
  PRIMARY KEY (`languagestatusid`)
) ENGINE=InnoDB AUTO_INCREMENT=4 DEFAULT CHARSET=utf8;
/*!40101 SET character_set_client = @saved_cs_client */;

--
-- Dumping data for table `LanguageStatuses`
--

LOCK TABLES `LanguageStatuses` WRITE;
/*!40000 ALTER TABLE `LanguageStatuses` DISABLE KEYS */;
INSERT INTO `LanguageStatuses` VALUES (1,'English',1),(2,'French',2),(3,'Bilingual',3);
/*!40000 ALTER TABLE `LanguageStatuses` ENABLE KEYS */;
UNLOCK TABLES;

--
-- Table structure for table `ParticipantAvailability`
--

DROP TABLE IF EXISTS `ParticipantAvailability`;
/*!40101 SET @saved_cs_client     = @@character_set_client */;
/*!40101 SET character_set_client = utf8 */;
CREATE TABLE `ParticipantAvailability` (
  `badgeid` varchar(15) NOT NULL DEFAULT '',
  `maxprog` int(11) DEFAULT NULL,
  `preventconflict` varchar(255) DEFAULT NULL,
  `otherconstraints` varchar(255) DEFAULT NULL,
  `numkidsfasttrack` int(11) DEFAULT NULL,
  PRIMARY KEY (`badgeid`),
  CONSTRAINT `ParticipantAvailability_ibfk_1` FOREIGN KEY (`badgeid`) REFERENCES `Participants` (`badgeid`)
) ENGINE=InnoDB DEFAULT CHARSET=utf8;
/*!40101 SET character_set_client = @saved_cs_client */;

--
-- Dumping data for table `ParticipantAvailability`
--

LOCK TABLES `ParticipantAvailability` WRITE;
/*!40000 ALTER TABLE `ParticipantAvailability` DISABLE KEYS */;
/*!40000 ALTER TABLE `ParticipantAvailability` ENABLE KEYS */;
UNLOCK TABLES;

--
-- Table structure for table `ParticipantAvailabilityDays`
--

DROP TABLE IF EXISTS `ParticipantAvailabilityDays`;
/*!40101 SET @saved_cs_client     = @@character_set_client */;
/*!40101 SET character_set_client = utf8 */;
CREATE TABLE `ParticipantAvailabilityDays` (
  `badgeid` varchar(15) NOT NULL,
  `day` smallint(6) NOT NULL,
  `maxprog` int(11) DEFAULT NULL,
  PRIMARY KEY (`badgeid`,`day`),
  CONSTRAINT `ParticipantAvailabilityDays_ibfk_1` FOREIGN KEY (`badgeid`) REFERENCES `Participants` (`badgeid`)
) ENGINE=InnoDB DEFAULT CHARSET=utf8;
/*!40101 SET character_set_client = @saved_cs_client */;

--
-- Dumping data for table `ParticipantAvailabilityDays`
--

LOCK TABLES `ParticipantAvailabilityDays` WRITE;
/*!40000 ALTER TABLE `ParticipantAvailabilityDays` DISABLE KEYS */;
/*!40000 ALTER TABLE `ParticipantAvailabilityDays` ENABLE KEYS */;
UNLOCK TABLES;

--
-- Table structure for table `ParticipantAvailabilityTimes`
--

DROP TABLE IF EXISTS `ParticipantAvailabilityTimes`;
/*!40101 SET @saved_cs_client     = @@character_set_client */;
/*!40101 SET character_set_client = utf8 */;
CREATE TABLE `ParticipantAvailabilityTimes` (
  `badgeid` varchar(15) NOT NULL DEFAULT '',
  `availabilitynum` int(11) NOT NULL DEFAULT '0',
  `starttime` time DEFAULT NULL,
  `endtime` time DEFAULT NULL,
  PRIMARY KEY (`badgeid`,`availabilitynum`),
  CONSTRAINT `ParticipantAvailabilityTimes_ibfk_1` FOREIGN KEY (`badgeid`) REFERENCES `Participants` (`badgeid`)
) ENGINE=InnoDB DEFAULT CHARSET=utf8;
/*!40101 SET character_set_client = @saved_cs_client */;

--
-- Dumping data for table `ParticipantAvailabilityTimes`
--

LOCK TABLES `ParticipantAvailabilityTimes` WRITE;
/*!40000 ALTER TABLE `ParticipantAvailabilityTimes` DISABLE KEYS */;
/*!40000 ALTER TABLE `ParticipantAvailabilityTimes` ENABLE KEYS */;
UNLOCK TABLES;

--
-- Table structure for table `ParticipantHasCredential`
--

DROP TABLE IF EXISTS `ParticipantHasCredential`;
/*!40101 SET @saved_cs_client     = @@character_set_client */;
/*!40101 SET character_set_client = utf8 */;
CREATE TABLE `ParticipantHasCredential` (
  `badgeid` varchar(15) NOT NULL,
  `credentialid` int(11) NOT NULL,
  PRIMARY KEY (`badgeid`,`credentialid`),
  KEY `phcfk2` (`credentialid`),
  CONSTRAINT `phcfk1` FOREIGN KEY (`badgeid`) REFERENCES `Participants` (`badgeid`),
  CONSTRAINT `phcfk2` FOREIGN KEY (`credentialid`) REFERENCES `Credentials` (`credentialid`)
) ENGINE=InnoDB DEFAULT CHARSET=utf8;
/*!40101 SET character_set_client = @saved_cs_client */;

--
-- Dumping data for table `ParticipantHasCredential`
--

LOCK TABLES `ParticipantHasCredential` WRITE;
/*!40000 ALTER TABLE `ParticipantHasCredential` DISABLE KEYS */;
/*!40000 ALTER TABLE `ParticipantHasCredential` ENABLE KEYS */;
UNLOCK TABLES;

--
-- Table structure for table `ParticipantHasRole`
--

DROP TABLE IF EXISTS `ParticipantHasRole`;
/*!40101 SET @saved_cs_client     = @@character_set_client */;
/*!40101 SET character_set_client = utf8 */;
CREATE TABLE `ParticipantHasRole` (
  `badgeid` varchar(15) NOT NULL DEFAULT '',
  `roleid` int(11) NOT NULL DEFAULT '0',
  PRIMARY KEY (`badgeid`,`roleid`),
  KEY `roleid` (`roleid`),
  CONSTRAINT `ParticipantHasRole_ibfk_1` FOREIGN KEY (`badgeid`) REFERENCES `Participants` (`badgeid`),
  CONSTRAINT `ParticipantHasRole_ibfk_2` FOREIGN KEY (`roleid`) REFERENCES `Roles` (`roleid`)
) ENGINE=InnoDB DEFAULT CHARSET=utf8;
/*!40101 SET character_set_client = @saved_cs_client */;

--
-- Dumping data for table `ParticipantHasRole`
--

LOCK TABLES `ParticipantHasRole` WRITE;
/*!40000 ALTER TABLE `ParticipantHasRole` DISABLE KEYS */;
/*!40000 ALTER TABLE `ParticipantHasRole` ENABLE KEYS */;
UNLOCK TABLES;

--
-- Table structure for table `ParticipantInterests`
--

DROP TABLE IF EXISTS `ParticipantInterests`;
/*!40101 SET @saved_cs_client     = @@character_set_client */;
/*!40101 SET character_set_client = utf8 */;
CREATE TABLE `ParticipantInterests` (
  `badgeid` varchar(15) NOT NULL DEFAULT '',
  `yespanels` text,
  `nopanels` text,
  `yespeople` text,
  `nopeople` text,
  `otherroles` text,
  PRIMARY KEY (`badgeid`),
  CONSTRAINT `ParticipantInterests_ibfk_1` FOREIGN KEY (`badgeid`) REFERENCES `Participants` (`badgeid`)
) ENGINE=InnoDB DEFAULT CHARSET=utf8;
/*!40101 SET character_set_client = @saved_cs_client */;

--
-- Dumping data for table `ParticipantInterests`
--

LOCK TABLES `ParticipantInterests` WRITE;
/*!40000 ALTER TABLE `ParticipantInterests` DISABLE KEYS */;
/*!40000 ALTER TABLE `ParticipantInterests` ENABLE KEYS */;
UNLOCK TABLES;

--
-- Table structure for table `ParticipantOnSession`
--

DROP TABLE IF EXISTS `ParticipantOnSession`;
/*!40101 SET @saved_cs_client     = @@character_set_client */;
/*!40101 SET character_set_client = utf8 */;
CREATE TABLE `ParticipantOnSession` (
  `participantonsessionid` int(11) NOT NULL AUTO_INCREMENT,
  `badgeid` varchar(15) NOT NULL DEFAULT '',
  `sessionid` int(11) NOT NULL DEFAULT '0',
  `moderator` tinyint(4) DEFAULT '0',
  PRIMARY KEY (`participantonsessionid`),
  UNIQUE KEY `uniqueness` (`badgeid`,`sessionid`),
  KEY `sessionid` (`sessionid`),
  CONSTRAINT `ParticipantOnSession_ibfk_1` FOREIGN KEY (`badgeid`) REFERENCES `Participants` (`badgeid`),
  CONSTRAINT `ParticipantOnSession_ibfk_2` FOREIGN KEY (`sessionid`) REFERENCES `Sessions` (`sessionid`)
) ENGINE=InnoDB AUTO_INCREMENT=2 DEFAULT CHARSET=utf8 ROW_FORMAT=DYNAMIC COMMENT='Participant info captured by Zambia.  Set by staff.';
/*!40101 SET character_set_client = @saved_cs_client */;

--
-- Dumping data for table `ParticipantOnSession`
--

LOCK TABLES `ParticipantOnSession` WRITE;
/*!40000 ALTER TABLE `ParticipantOnSession` DISABLE KEYS */;
/*!40000 ALTER TABLE `ParticipantOnSession` ENABLE KEYS */;
UNLOCK TABLES;

DELIMITER //
CREATE TRIGGER POS_insert_trig AFTER INSERT ON ParticipantOnSession FOR EACH ROW
    IF (
        SELECT count(*) FROM ParticipantOnSession
            WHERE sessionid = NEW.sessionid AND moderator = 1)
        > 1 THEN
        SIGNAL sqlstate '45000' SET MESSAGE_TEXT = 'Attempted to insert more than one record with moderator = 1 for a single session into ParticipantOnSession.';
    END IF;
//
DELIMITER ;

-- Dump of table ParticipantOnSessionHistory

DROP TABLE IF EXISTS `ParticipantOnSessionHistory`;

CREATE TABLE `ParticipantOnSessionHistory` (
  `participantonsessionhistoryid` int(11) NOT NULL AUTO_INCREMENT,
  `badgeid` varchar(15) NOT NULL DEFAULT '',
  `sessionid` int(11) NOT NULL DEFAULT '0',
  `moderator` tinyint(4) NOT NULL DEFAULT '0',
  `participantonsessionid` int(11) DEFAULT NULL,
  `createdts` timestamp NOT NULL DEFAULT CURRENT_TIMESTAMP,
  `createdbybadgeid` varchar(15) NOT NULL DEFAULT '',
  `inactivatedts` timestamp NULL DEFAULT NULL,
  `inactivatedbybadgeid` varchar(15) DEFAULT NULL,
  PRIMARY KEY (`participantonsessionhistoryid`),
  KEY `badgeid` (`badgeid`),
  KEY `sessionid` (`sessionid`),
  KEY `ParticipantOnSessionHistory_ibfk_3` (`createdbybadgeid`),
  KEY `ParticipantOnSessionHistory_ibfk_4` (`inactivatedbybadgeid`),
  CONSTRAINT `ParticipantOnSessionHistory_ibfk_1` FOREIGN KEY (`badgeid`) REFERENCES `Participants` (`badgeid`),
  CONSTRAINT `ParticipantOnSessionHistory_ibfk_2` FOREIGN KEY (`sessionid`) REFERENCES `Sessions` (`sessionid`),
  CONSTRAINT `ParticipantOnSessionHistory_ibfk_3` FOREIGN KEY (`createdbybadgeid`) REFERENCES `Participants` (`badgeid`),
  CONSTRAINT `ParticipantOnSessionHistory_ibfk_4` FOREIGN KEY (`inactivatedbybadgeid`) REFERENCES `Participants` (`badgeid`)
) ENGINE=InnoDB AUTO_INCREMENT=2 DEFAULT CHARSET=utf8;

DELIMITER ;;
/*!50003 SET SESSION SQL_MODE="NO_AUTO_VALUE_ON_ZERO" */;;
/*!50003 CREATE */ /*!50003 TRIGGER `POSH_insert_trig` BEFORE INSERT ON `ParticipantOnSessionHistory` FOR EACH ROW BEGIN
        IF NEW.inactivatedts IS NOT NULL OR NEW.inactivatedbybadgeid IS NOT NULL THEN
            SIGNAL sqlstate '45000' SET MESSAGE_TEXT = 'Insert table ParticipantOnSessionHistory with non null inactivated... field.';
        END IF;
        INSERT INTO ParticipantOnSession (badgeid, sessionid, moderator)
            VALUES (NEW.badgeid, NEW.sessionid, NEW.moderator);
    END */;;
/*!50003 SET SESSION SQL_MODE="NO_AUTO_VALUE_ON_ZERO" */;;
/*!50003 CREATE */ /*!50003 TRIGGER `POSH_update_trig` BEFORE UPDATE ON `ParticipantOnSessionHistory` FOR EACH ROW BEGIN
        IF NEW.inactivatedts IS NULL OR NEW.inactivatedbybadgeid IS NULL THEN
            SIGNAL sqlstate '45000' SET message_text = 'Update table ParticipantOnSessionHistory with null inactivated... field.';
        END IF;
        IF OLD.inactivatedts IS NOT NULL OR OLD.inactivatedbybadgeid IS NOT NULL THEN
            SIGNAL sqlstate '45000' SET message_text = 'Update table ParticipantOnSessionHistory when record previously inactivated.';
        END IF;
        IF NOT(NEW.participantonsessionhistoryid <=> OLD.participantonsessionhistoryid) OR
            NOT(NEW.badgeid <=> OLD.badgeid) OR
            NOT(NEW.sessionid <=> OLD.sessionid) OR
            NOT(NEW.moderator <=> OLD.moderator) OR
            NOT(NEW.createdts <=> OLD.createdts) OR
            NOT(NEW.createdbybadgeid <=> OLD.createdbybadgeid) THEN
            SIGNAL sqlstate '45000' SET message_text = 'Update field other than inactivated... in table ParticipantOnSessionHistory.';
        END IF;	
        DELETE FROM ParticipantOnSession
            WHERE
                    badgeid = OLD.badgeid
                AND sessionid = OLD.sessionid
                AND moderator = OLD.moderator;
	END */;;
/*!50003 SET SESSION SQL_MODE="NO_AUTO_VALUE_ON_ZERO" */;;
/*!50003 CREATE */ /*!50003 TRIGGER `POSH_delete_trig` BEFORE DELETE ON `ParticipantOnSessionHistory` FOR EACH ROW SIGNAL sqlstate '45000' SET MESSAGE_TEXT = 'May only insert and update table ParticipantOnSessionHistory.' */;;
DELIMITER ;

--
-- Table structure for table `ParticipantSessionInterest`
--

DROP TABLE IF EXISTS `ParticipantSessionInterest`;
/*!40101 SET @saved_cs_client     = @@character_set_client */;
/*!40101 SET character_set_client = utf8 */;
CREATE TABLE `ParticipantSessionInterest` (
  `badgeid` varchar(15) NOT NULL DEFAULT '',
  `sessionid` int(11) NOT NULL DEFAULT '0',
  `rank` int(11) DEFAULT NULL,
  `willmoderate` tinyint(1) DEFAULT NULL,
  `comments` text,
  PRIMARY KEY (`badgeid`,`sessionid`),
  KEY `sessionid` (`sessionid`),
  CONSTRAINT `ParticipantSessionInterest_ibfk_1` FOREIGN KEY (`badgeid`) REFERENCES `Participants` (`badgeid`),
  CONSTRAINT `ParticipantSessionInterest_ibfk_2` FOREIGN KEY (`sessionid`) REFERENCES `Sessions` (`sessionid`),
  CONSTRAINT `ParticipantSessionInterest_ibfk_3` FOREIGN KEY (`badgeid`) REFERENCES `Participants` (`badgeid`),
  CONSTRAINT `ParticipantSessionInterest_ibfk_4` FOREIGN KEY (`sessionid`) REFERENCES `Sessions` (`sessionid`)
) ENGINE=InnoDB DEFAULT CHARSET=utf8;
/*!40101 SET character_set_client = @saved_cs_client */;

--
-- Dumping data for table `ParticipantSessionInterest`
--

LOCK TABLES `ParticipantSessionInterest` WRITE;
/*!40000 ALTER TABLE `ParticipantSessionInterest` DISABLE KEYS */;
/*!40000 ALTER TABLE `ParticipantSessionInterest` ENABLE KEYS */;
UNLOCK TABLES;

--
-- Table structure for table `ParticipantSuggestions`
--

DROP TABLE IF EXISTS `ParticipantSuggestions`;
/*!40101 SET @saved_cs_client     = @@character_set_client */;
/*!40101 SET character_set_client = utf8 */;
CREATE TABLE `ParticipantSuggestions` (
  `badgeid` varchar(15) NOT NULL DEFAULT '',
  `paneltopics` text,
  `otherideas` text,
  `suggestedguests` text,
  PRIMARY KEY (`badgeid`),
  CONSTRAINT `ParticipantSuggestions_ibfk_1` FOREIGN KEY (`badgeid`) REFERENCES `Participants` (`badgeid`)
) ENGINE=InnoDB DEFAULT CHARSET=utf8;
/*!40101 SET character_set_client = @saved_cs_client */;

--
-- Dumping data for table `ParticipantSuggestions`
--

LOCK TABLES `ParticipantSuggestions` WRITE;
/*!40000 ALTER TABLE `ParticipantSuggestions` DISABLE KEYS */;
/*!40000 ALTER TABLE `ParticipantSuggestions` ENABLE KEYS */;
UNLOCK TABLES;

--
-- Table structure for table `Participants`
--

DROP TABLE IF EXISTS `Participants`;
/*!40101 SET @saved_cs_client     = @@character_set_client */;
/*!40101 SET character_set_client = utf8 */;
CREATE TABLE `Participants` (
  `badgeid` varchar(15) NOT NULL DEFAULT '',
  `password` varchar(32) DEFAULT NULL,
  `bestway` varchar(12) DEFAULT NULL,
  `interested` tinyint(1) DEFAULT NULL,
  `bio` text,
  `pubsname` varchar(50) DEFAULT NULL,
  `share_email` tinyint(11) DEFAULT '1',
  `staff_notes` text,
  `use_photo` tinyint(4) DEFAULT NULL,
  PRIMARY KEY (`badgeid`)
) ENGINE=InnoDB DEFAULT CHARSET=utf8;
/*!40101 SET character_set_client = @saved_cs_client */;

--
-- Dumping data for table `Participants`
--

LOCK TABLES `Participants` WRITE;
/*!40000 ALTER TABLE `Participants` DISABLE KEYS */;
INSERT INTO `Participants` (`badgeid`, `password`, `bestway`, `interested`, `bio`, `pubsname`, `share_email`, `staff_notes`, `use_photo`)
VALUES
	('unrecorded','12345678901234567890123456789012',NULL,NULL,NULL,'unrecorded',1,NULL,NULL);
/*!40000 ALTER TABLE `Participants` ENABLE KEYS */;
UNLOCK TABLES;

--
-- Table structure for table `PatchLog`
--

DROP TABLE IF EXISTS `PatchLog`;
/*!40101 SET @saved_cs_client     = @@character_set_client */;
/*!40101 SET character_set_client = utf8 */;
CREATE TABLE `PatchLog` (
  `patchname` varchar(40) DEFAULT NULL,
  `timestamp` timestamp NOT NULL DEFAULT CURRENT_TIMESTAMP
) ENGINE=InnoDB DEFAULT CHARSET=utf8 ROW_FORMAT=DYNAMIC;
/*!40101 SET character_set_client = @saved_cs_client */;

--
-- Dumping data for table `PatchLog`
--

LOCK TABLES `PatchLog` WRITE;
/*!40000 ALTER TABLE `PatchLog` DISABLE KEYS */;
INSERT INTO `PatchLog` VALUES ('10-12-14 Rollup all previous patches','2014-10-12 00:00:00');
/*!40000 ALTER TABLE `PatchLog` ENABLE KEYS */;
UNLOCK TABLES;

--
-- Table structure for table `PermissionAtoms`
--

DROP TABLE IF EXISTS `PermissionAtoms`;
/*!40101 SET @saved_cs_client     = @@character_set_client */;
/*!40101 SET character_set_client = utf8 */;
CREATE TABLE `PermissionAtoms` (
  `permatomid` int(11) NOT NULL AUTO_INCREMENT,
  `permatomtag` varchar(20) NOT NULL DEFAULT '',
  `elementid` int(11) DEFAULT NULL,
  `page` varchar(30) DEFAULT NULL,
  `notes` text,
  PRIMARY KEY (`permatomid`),
  UNIQUE KEY `taginx` (`permatomtag`,`elementid`)
) ENGINE=InnoDB AUTO_INCREMENT=16 DEFAULT CHARSET=utf8;
/*!40101 SET character_set_client = @saved_cs_client */;

--
-- Dumping data for table `PermissionAtoms`
--

LOCK TABLES `PermissionAtoms` WRITE;
/*!40000 ALTER TABLE `PermissionAtoms` DISABLE KEYS */;
INSERT INTO `PermissionAtoms` VALUES
    (1,'Staff',NULL,'renderWelcome','Enables staff menu link'),
    (2,'Administrator',NULL,'many','Reconfigure reports + ???'),
    (3,'Participant',NULL,'many','Login as Participant'),
    (4,'EditBio',NULL,'renderMyContact','Allow write to biography on my contact page'),
    (5,'my_availability',NULL,'ParticipantHeader','Enables menu option throughout participant section and enables page.'),
    (6,'search_panels',NULL,'ParticipantHeader','Enables menu option throughout participant section and enables page.'),
    (7,'my_panel_interests',NULL,'ParticipantHeader','Enables menu option throughout participant section and enables page.'),
    (8,'my_schedule',NULL,'ParticipantHeader','Enables menu option throughout participant section and enables page.'),
    (9,'my_suggestions_write',NULL,'MySuggestions','Enables write access to the form elements on the page MySuggestions.'),
    (10,'my_gen_int_write',NULL,'MyGeneralInterests','Enables write access to the form elements on the page My General Interests'),
    (11,'BrainstormSubmit',NULL,'EditCreateSession','Brainstorm user can create session'),
    (12,'BS_sear_sess',NULL,'SearchSessions','Brainstorm user can view sessions'),
    (13,'public_login',NULL,'Login','Brainstorm user can log in'),
    (14,'SendEmail',NULL,'StaffManageParticipants','Access to Send email set of pages'),
    (15,'postcon',NULL,'renderWelcome','Forces participant welcome page to display only post con message.'),
    (16,'EditSesNtsAsgnPartPg',NULL,'StaffAssignParticipants','Edit «Notes for Program Staff» on «Assign Participants» page.'),
    (17,'ConfigureReports',NULL,'ConfigureReports','Enable menu option');
/*!40000 ALTER TABLE `PermissionAtoms` ENABLE KEYS */;
UNLOCK TABLES;

--
-- Table structure for table `PermissionRoles`
--

DROP TABLE IF EXISTS `PermissionRoles`;
/*!40101 SET @saved_cs_client     = @@character_set_client */;
/*!40101 SET character_set_client = utf8 */;
CREATE TABLE `PermissionRoles` (
  `permroleid` int(11) NOT NULL AUTO_INCREMENT,
  `permrolename` varchar(100) DEFAULT NULL,
  `notes` text,
  PRIMARY KEY (`permroleid`)
) ENGINE=InnoDB AUTO_INCREMENT=9 DEFAULT CHARSET=utf8 ROW_FORMAT=DYNAMIC;
/*!40101 SET character_set_client = @saved_cs_client */;

--
-- Dumping data for table `PermissionRoles`
--

LOCK TABLES `PermissionRoles` WRITE;
/*!40000 ALTER TABLE `PermissionRoles` DISABLE KEYS */;
INSERT INTO `PermissionRoles` VALUES
    (1,'Administrator','Reconfigure reports + ???'),
    (2,'Staff','Can access staff pages'),
    (3,'Program Participant','Use to be determined'),
    (4,'Brainstorm','Use for Brainstorm pages'),
    (5,'Event Participant','Can\'t even log in.  Just for bulk email.'),
    (6,'Event Organizer','Can\'t even log in.  Just for bulk email.'),
    (7,'Children\'s Services Participant','Can\'t even log in.  Just for bulk email.'),
    (8,'GOH','Can\'t even log in.  Just for reports.'),
    (9,'LARP','Work\'s on LARP, but is not "Organizer"'),
    (10,'LARP Organizer','LARP Organizer'),
    (11,'Tabletop','Tabletop game runner or teacher'),
    (12,'Senior Staff','Can send email from Zambia');
/*!40000 ALTER TABLE `PermissionRoles` ENABLE KEYS */;
UNLOCK TABLES;

--
-- Table structure for table `Permissions`
--

DROP TABLE IF EXISTS `Permissions`;
/*!40101 SET @saved_cs_client     = @@character_set_client */;
/*!40101 SET character_set_client = utf8 */;
CREATE TABLE `Permissions` (
  `permissionid` int(11) NOT NULL AUTO_INCREMENT,
  `permatomid` int(11) NOT NULL DEFAULT '0',
  `phaseid` int(11) DEFAULT '0' COMMENT 'null indicates all phases',
  `permroleid` int(11) DEFAULT '0' COMMENT 'null indicates not applicable',
  `badgeid` int(11) DEFAULT '0' COMMENT 'null indicates not applicable',
  PRIMARY KEY (`permissionid`),
  UNIQUE KEY `unique1` (`permatomid`,`phaseid`,`permroleid`,`badgeid`),
  KEY `FK_Permissions` (`phaseid`),
  KEY `FK_PRoles` (`permroleid`),
  CONSTRAINT `Permissions_ibfk_1` FOREIGN KEY (`permatomid`) REFERENCES `PermissionAtoms` (`permatomid`),
  CONSTRAINT `Permissions_ibfk_2` FOREIGN KEY (`phaseid`) REFERENCES `Phases` (`phaseid`),
  CONSTRAINT `Permissions_ibfk_3` FOREIGN KEY (`permroleid`) REFERENCES `PermissionRoles` (`permroleid`)
) ENGINE=InnoDB AUTO_INCREMENT=25 DEFAULT CHARSET=utf8 ROW_FORMAT=DYNAMIC COMMENT='InnoDB free: 4096 kB';
/*!40101 SET character_set_client = @saved_cs_client */;

--
-- Dumping data for table `Permissions`
--

LOCK TABLES `Permissions` WRITE;
/*!40000 ALTER TABLE `Permissions` DISABLE KEYS */;
INSERT INTO `Permissions` VALUES
    (1,17,NULL,1,NULL),
    (2,1,NULL,2,NULL),
    (3,16,NULL,2,NULL),
    (4,4,2,2,NULL),
    (5,5,3,2,NULL),
    (6,10,3,2,NULL),
    (7,6,4,2,NULL),
    (8,7,4,2,NULL),
    (9,8,5,2,NULL),
    (10,12,7,2,NULL),
    (11,3,1,3,NULL),
    (12,4,2,3,NULL),
    (13,5,3,3,NULL),
    (14,10,3,3,NULL),
    (15,6,4,3,NULL),
    (16,7,4,3,NULL),
    (17,8,5,3,NULL),
    (18,12,7,3,NULL),
    (19,15,8,3,NULL),
    (20,3,1,6,NULL),
    (21,4,2,6,NULL),
    (22,8,9,6,NULL),
    (23,3,1,9,NULL),
    (24,4,2,9,NULL),
    (25,5,3,9,NULL),
    (26,10,3,9,NULL),
    (27,6,4,9,NULL),
    (28,7,4,9,NULL),
    (29,8,5,9,NULL),
    (30,12,7,9,NULL),
    (31,15,8,9,NULL),
    (32,3,1,10,NULL),
    (33,4,2,10,NULL),
    (34,5,3,10,NULL),
    (35,10,3,10,NULL),
    (36,6,4,10,NULL),
    (37,7,4,10,NULL),
    (38,8,5,10,NULL),
    (39,12,7,10,NULL),
    (40,15,8,10,NULL),
    (41,3,1,11,NULL),
    (42,4,2,11,NULL),
    (43,5,3,11,NULL),
    (44,10,3,11,NULL),
    (45,6,4,11,NULL),
    (46,7,4,11,NULL),
    (47,8,5,11,NULL),
    (48,12,7,11,NULL),
    (49,15,8,11,NULL),
    (50,14,NULL,12,NULL);
/*!40000 ALTER TABLE `Permissions` ENABLE KEYS */;
UNLOCK TABLES;

--
-- Table structure for table `Phases`
--

DROP TABLE IF EXISTS `Phases`;
/*!40101 SET @saved_cs_client     = @@character_set_client */;
/*!40101 SET character_set_client = utf8 */;
CREATE TABLE `Phases` (
  `phaseid` int(11) NOT NULL AUTO_INCREMENT,
  `phasename` varchar(100) DEFAULT NULL,
  `current` tinyint(1) DEFAULT '0',
  `notes` text,
  PRIMARY KEY (`phaseid`)
) ENGINE=InnoDB AUTO_INCREMENT=9 DEFAULT CHARSET=utf8;
/*!40101 SET character_set_client = @saved_cs_client */;

--
-- Dumping data for table `Phases`
--

LOCK TABLES `Phases` WRITE;
/*!40000 ALTER TABLE `Phases` DISABLE KEYS */;
INSERT INTO `Phases` VALUES
  (1,'Invitation',1,'Welcome, My Profile, My Suggestions and My General Interests'),
  (2,'Edit Bio',1,'Parts. have write access to their biography'),
  (3,'Availability',1,'Add on My Availability'),
  (4,'Panel Sign Up',1,'Add on Search Panels and My Panel Interests'),
  (5,'Show Schedule',1,'Add on My Schedule'),
  (6,'Suggestions',1,'Allow write access to My Suggestions and My General Interests.'),
  (7,'Brainstorm',0,'Special brainstorm pages are accessible.'),
  (8,'Post Con',0,'Participants see only the post con message and can\'t do anything.'),
  (9,'Events Show Schedule',1,'Event organizers may view schedule.');
/*!40000 ALTER TABLE `Phases` ENABLE KEYS */;
UNLOCK TABLES;

--
-- Table structure for table `PreviousConTracks`
--

DROP TABLE IF EXISTS `PreviousConTracks`;
/*!40101 SET @saved_cs_client     = @@character_set_client */;
/*!40101 SET character_set_client = utf8 */;
CREATE TABLE `PreviousConTracks` (
  `previousconid` int(11) NOT NULL,
  `previoustrackid` int(11) NOT NULL,
  `trackname` varchar(50) DEFAULT NULL,
  PRIMARY KEY (`previousconid`,`previoustrackid`),
  KEY `previousconid` (`previousconid`),
  CONSTRAINT `PreviousCons_ibfk_1` FOREIGN KEY (`previousconid`) REFERENCES `PreviousCons` (`previousconid`)
) ENGINE=InnoDB DEFAULT CHARSET=utf8;
/*!40101 SET character_set_client = @saved_cs_client */;

--
-- Dumping data for table `PreviousConTracks`
--

LOCK TABLES `PreviousConTracks` WRITE;
/*!40000 ALTER TABLE `PreviousConTracks` DISABLE KEYS */;
/*!40000 ALTER TABLE `PreviousConTracks` ENABLE KEYS */;
UNLOCK TABLES;

--
-- Table structure for table `PreviousCons`
--

DROP TABLE IF EXISTS `PreviousCons`;
/*!40101 SET @saved_cs_client     = @@character_set_client */;
/*!40101 SET character_set_client = utf8 */;
CREATE TABLE `PreviousCons` (
  `previousconid` int(11) NOT NULL AUTO_INCREMENT,
  `previousconname` varchar(128) DEFAULT NULL,
  `display_order` int(11) DEFAULT NULL,
  PRIMARY KEY (`previousconid`)
) ENGINE=InnoDB DEFAULT CHARSET=utf8;
/*!40101 SET character_set_client = @saved_cs_client */;

--
-- Dumping data for table `PreviousCons`
--

LOCK TABLES `PreviousCons` WRITE;
/*!40000 ALTER TABLE `PreviousCons` DISABLE KEYS */;
/*!40000 ALTER TABLE `PreviousCons` ENABLE KEYS */;
UNLOCK TABLES;

--
-- Table structure for table `PreviousParticipants`
--

DROP TABLE IF EXISTS `PreviousParticipants`;
/*!40101 SET @saved_cs_client     = @@character_set_client */;
/*!40101 SET character_set_client = utf8 */;
CREATE TABLE `PreviousParticipants` (
  `badgeid` varchar(15) NOT NULL,
  `bio` text,
  `staff_notes` text,
  PRIMARY KEY (`badgeid`)
) ENGINE=InnoDB DEFAULT CHARSET=utf8;
/*!40101 SET character_set_client = @saved_cs_client */;

--
-- Dumping data for table `PreviousParticipants`
--

LOCK TABLES `PreviousParticipants` WRITE;
/*!40000 ALTER TABLE `PreviousParticipants` DISABLE KEYS */;
/*!40000 ALTER TABLE `PreviousParticipants` ENABLE KEYS */;
UNLOCK TABLES;

--
-- Table structure for table `PreviousSessions`
--

DROP TABLE IF EXISTS `PreviousSessions`;
/*!40101 SET @saved_cs_client     = @@character_set_client */;
/*!40101 SET character_set_client = utf8 */;
CREATE TABLE `PreviousSessions` (
  `previousconid` int(11) NOT NULL,
  `previoussessionid` int(11) NOT NULL,
  `previoustrackid` int(11) NOT NULL,
  `previousstatusid` int(11) NOT NULL,
  `typeid` int(11) NOT NULL,
  `divisionid` int(11) NOT NULL,
  `languagestatusid` int(11) DEFAULT NULL,
  `title` varchar(100) DEFAULT NULL,
  `secondtitle` varchar(100) DEFAULT NULL,
  `pocketprogtext` text,
  `progguiddesc` text,
  `persppartinfo` text,
  `duration` time DEFAULT NULL,
  `estatten` int(11) DEFAULT NULL,
  `kidscatid` int(11) NOT NULL,
  `signupreq` tinyint(1) DEFAULT NULL,
  `notesforpart` text,
  `notesforprog` text,
  `invitedguest` tinyint(1) DEFAULT NULL,
  `importedsessionid` int(11) DEFAULT NULL,
  PRIMARY KEY (`previousconid`,`previoussessionid`),
  KEY `previousconid` (`previousconid`),
  KEY `previoustrackid` (`previousconid`,`previoustrackid`),
  KEY `previousstatusid` (`previousstatusid`),
  KEY `typeid` (`typeid`),
  KEY `divisionid` (`divisionid`),
  KEY `languagestatusid` (`languagestatusid`),
  KEY `kidscatid` (`kidscatid`),
  CONSTRAINT `PreviousSessions_ibfk_1` FOREIGN KEY (`previousconid`) REFERENCES `PreviousCons` (`previousconid`),
  CONSTRAINT `PreviousSessions_ibfk_2` FOREIGN KEY (`previousconid`, `previoustrackid`) REFERENCES `PreviousConTracks` (`previousconid`, `previoustrackid`),
  CONSTRAINT `PreviousSessions_ibfk_3` FOREIGN KEY (`previousstatusid`) REFERENCES `SessionStatuses` (`statusid`),
  CONSTRAINT `PreviousSessions_ibfk_4` FOREIGN KEY (`typeid`) REFERENCES `Types` (`typeid`),
  CONSTRAINT `PreviousSessions_ibfk_5` FOREIGN KEY (`divisionid`) REFERENCES `Divisions` (`divisionid`),
  CONSTRAINT `PreviousSessions_ibfk_6` FOREIGN KEY (`languagestatusid`) REFERENCES `LanguageStatuses` (`languagestatusid`),
  CONSTRAINT `PreviousSessions_ibfk_7` FOREIGN KEY (`kidscatid`) REFERENCES `KidsCategories` (`kidscatid`)
) ENGINE=InnoDB DEFAULT CHARSET=utf8;
/*!40101 SET character_set_client = @saved_cs_client */;

--
-- Dumping data for table `PreviousSessions`
--

LOCK TABLES `PreviousSessions` WRITE;
/*!40000 ALTER TABLE `PreviousSessions` DISABLE KEYS */;
/*!40000 ALTER TABLE `PreviousSessions` ENABLE KEYS */;
UNLOCK TABLES;

--
-- Table structure for table `PubCharacteristics`
--

DROP TABLE IF EXISTS `PubCharacteristics`;
/*!40101 SET @saved_cs_client     = @@character_set_client */;
/*!40101 SET character_set_client = utf8 */;
CREATE TABLE `PubCharacteristics` (
  `pubcharid` int(11) NOT NULL AUTO_INCREMENT,
  `pubcharname` varchar(30) DEFAULT NULL,
  `pubchartag` varchar(10) DEFAULT NULL,
  `display_order` int(11) NOT NULL DEFAULT '0',
  PRIMARY KEY (`pubcharid`)
) ENGINE=InnoDB AUTO_INCREMENT=5 DEFAULT CHARSET=utf8;
/*!40101 SET character_set_client = @saved_cs_client */;

--
-- Dumping data for table `PubCharacteristics`
--

LOCK TABLES `PubCharacteristics` WRITE;
/*!40000 ALTER TABLE `PubCharacteristics` DISABLE KEYS */;
INSERT INTO `PubCharacteristics` VALUES (1,'35mm','35mm',1),(2,'16mm','16mm',2),(3,'dubbed','dubbed',3),(4,'anime','anime',4);
/*!40000 ALTER TABLE `PubCharacteristics` ENABLE KEYS */;
UNLOCK TABLES;

--
-- Table structure for table `PubStatuses`
--

DROP TABLE IF EXISTS `PubStatuses`;
/*!40101 SET @saved_cs_client     = @@character_set_client */;
/*!40101 SET character_set_client = utf8 */;
CREATE TABLE `PubStatuses` (
  `pubstatusid` int(11) NOT NULL AUTO_INCREMENT,
  `pubstatusname` varchar(12) DEFAULT NULL,
  `display_order` int(11) NOT NULL DEFAULT '0',
  PRIMARY KEY (`pubstatusid`)
) ENGINE=InnoDB AUTO_INCREMENT=4 DEFAULT CHARSET=utf8 ROW_FORMAT=DYNAMIC;
/*!40101 SET character_set_client = @saved_cs_client */;

--
-- Dumping data for table `PubStatuses`
--

LOCK TABLES `PubStatuses` WRITE;
/*!40000 ALTER TABLE `PubStatuses` DISABLE KEYS */;
INSERT INTO `PubStatuses` VALUES (2,'Public',2),(3,'Do not print',3);
/*!40000 ALTER TABLE `PubStatuses` ENABLE KEYS */;
UNLOCK TABLES;

--
-- Table structure for table `RegTypes`
--

DROP TABLE IF EXISTS `RegTypes`;
/*!40101 SET @saved_cs_client     = @@character_set_client */;
/*!40101 SET character_set_client = utf8 */;
CREATE TABLE `RegTypes` (
  `regtype` varchar(40) NOT NULL DEFAULT '',
  `message` varchar(100) DEFAULT NULL,
  PRIMARY KEY (`regtype`)
) ENGINE=InnoDB DEFAULT CHARSET=utf8;
/*!40101 SET character_set_client = @saved_cs_client */;

--
-- Dumping data for table `RegTypes`
--

LOCK TABLES `RegTypes` WRITE;
/*!40000 ALTER TABLE `RegTypes` DISABLE KEYS */;
INSERT INTO `RegTypes` VALUES ('Adult','Registered'),('Adult Pre-35','Registered'),('Adult Pre-50','Registered'),('Adult YA 2013','Registered'),('Adult-Pre35','Registered'),('Adult-Pre40','Registered'),('Adult-Pre50','Registered'),('AdultFull','Registered'),('AdultFullYA','Registered'),('AdultPre1','Registered'),('AdultPre2','Registered'),('AdultPre3','Registered'),('AdultRoll','Registered'),('AdultRollover','Registered'),('AdultUpgrade','Registered'),('AdultYA','Registered'),('AdultYearAhead','Registered'),('Comp-Elf','Registered and Comp\'ed'),('Comp10Events','Registered and Comp\'ed'),('Comp10Friday','Registered and Comp\'ed for Friday only'),('Comp10Gaming','Registered and Comp\'ed'),('Comp10ProgP','Registered and Comp\'ed'),('Comp10Sat','Registered and Comp\'ed for Saturday only'),('Comp10Sun','Registered and Comp\'ed for Sunday only'),('CompEvents','Registered and Comp\'ed'),('CompFri','Registered and Comp\'ed for Friday'),('CompGaming','Registered and Comp\'ed'),('CompMon','Registered and Comp\'ed for Monday only'),('CompProg','Registered and Comp\'ed'),('CompRoll','Registered and Comp\'ed'),('CompRollover','Registered and Comp\'ed'),('CompSat','Registered and Comp\'ed for Saturday'),('CompSun','Registered and Comp\'ed for Sunday'),('EarnComp10Chr','Registered and Comp\'ed'),('EarnComp10Event','Registered and Comp\'ed'),('EarnComp10FF','Registered and Comp\'ed'),('EarnComp10Other','Registered and Comp\'ed'),('EarnComp10Prog','Registered and Comp\'ed'),('EarnComp10Pubs','Registered and Comp\'ed'),('EarnComp10Svc','Registered and Comp\'ed'),('EarnComp10Tech','Registered and Comp\'ed'),('EarnComp11','Registered and Comp\'ed'),('EarnComp12','Comp\'ed'),('ElfComp','Registered and Comp\'ed'),('EventComp','Comp\'ed'),('Former GoH','Registered and Comp\'ed'),('FormerGoH','Registered and Comp\'ed'),('FTPre2','Registered to attend Fasttrack'),('GoH','Registered and Comp\'ed'),('KIT','Special status for child who will be accompanied by parent'),('Panelist','Registered and Comp\'ed'),('PP_Comp','Comp\'ed'),('Student','Registered'),('VDiscount','Registered');
/*!40000 ALTER TABLE `RegTypes` ENABLE KEYS */;
UNLOCK TABLES;

--
-- Table structure for table `Roles`
--

DROP TABLE IF EXISTS `Roles`;
/*!40101 SET @saved_cs_client     = @@character_set_client */;
/*!40101 SET character_set_client = utf8 */;
CREATE TABLE `Roles` (
  `roleid` int(11) NOT NULL AUTO_INCREMENT,
  `rolename` varchar(50) DEFAULT NULL,
  `display_order` int(11) DEFAULT NULL,
  PRIMARY KEY (`roleid`)
) ENGINE=InnoDB AUTO_INCREMENT=14 DEFAULT CHARSET=utf8;
/*!40101 SET character_set_client = @saved_cs_client */;

--
-- Dumping data for table `Roles`
--

LOCK TABLES `Roles` WRITE;
/*!40000 ALTER TABLE `Roles` DISABLE KEYS */;
INSERT INTO `Roles` VALUES (1,'Other',-1),(2,'Reading my own works',3),(3,'Autographing',4),(5,'Performing',6),(6,'Running workshops',7),(7,'Leading discussions',8),(8,'Running games',9),(9,'Working with children',10),(10,'Panel Moderator',2),(11,'Improv',11),(12,'Storytelling',12),(13,'Join Arisia Volunteer Staff',13);
/*!40000 ALTER TABLE `Roles` ENABLE KEYS */;
UNLOCK TABLES;

--
-- Table structure for table `RoomHasSet`
--

DROP TABLE IF EXISTS `RoomHasSet`;
/*!40101 SET @saved_cs_client     = @@character_set_client */;
/*!40101 SET character_set_client = utf8 */;
CREATE TABLE `RoomHasSet` (
  `roomid` int(11) NOT NULL DEFAULT '0',
  `roomsetid` int(11) NOT NULL DEFAULT '0',
  `capacity` int(11) DEFAULT NULL,
  PRIMARY KEY (`roomid`,`roomsetid`),
  KEY `roomsetid` (`roomsetid`),
  CONSTRAINT `RoomHasSet_ibfk_1` FOREIGN KEY (`roomid`) REFERENCES `Rooms` (`roomid`),
  CONSTRAINT `RoomHasSet_ibfk_2` FOREIGN KEY (`roomsetid`) REFERENCES `RoomSets` (`roomsetid`)
) ENGINE=InnoDB DEFAULT CHARSET=utf8;
/*!40101 SET character_set_client = @saved_cs_client */;

--
-- Dumping data for table `RoomHasSet`
--

LOCK TABLES `RoomHasSet` WRITE;
/*!40000 ALTER TABLE `RoomHasSet` DISABLE KEYS */;
INSERT INTO `RoomHasSet` VALUES (1,1,1080),(1,2,1500),(1,4,1500),(1,5,860),(2,1,320),(2,2,460),(2,4,500),(2,5,270),(3,1,320),(3,2,460),(3,4,500),(3,5,270),(4,1,110),(4,2,150),(4,3,32),(4,4,160),(4,5,84),(4,6,39),(4,7,48),(5,1,110),(5,2,150),(5,3,32),(5,4,160),(5,5,84),(5,6,39),(5,7,48),(6,1,110),(6,2,180),(6,3,32),(6,4,170),(6,5,96),(6,6,39),(6,7,48),(7,1,680),(7,2,960),(7,4,1000),(7,5,570),(8,1,320),(8,2,460),(8,4,500),(8,5,270),(9,1,680),(9,2,960),(9,4,1000),(9,5,570),(12,4,430),(13,1,260),(13,2,390),(13,4,390),(13,5,240),(13,6,81),(13,7,96),(14,1,70),(14,2,120),(14,3,32),(14,4,120),(14,5,69),(14,6,36),(14,7,42),(15,1,80),(15,2,130),(15,3,32),(15,4,120),(15,5,72),(15,6,42),(15,7,48),(16,1,80),(16,2,140),(16,3,32),(16,4,140),(16,5,87),(16,6,42),(16,7,48),(17,1,160),(17,2,250),(17,4,240),(17,5,140),(17,6,50),(17,7,60),(18,1,180),(18,2,270),(18,4,270),(18,5,159),(18,6,44),(18,7,72),(19,1,90),(19,2,140),(19,3,38),(19,4,130),(19,5,72),(19,6,42),(19,7,48),(20,1,90),(20,2,140),(20,3,38),(20,4,140),(20,5,72),(20,6,42),(20,7,48),(21,1,90),(21,2,140),(21,3,38),(21,4,140),(21,5,72),(21,6,42),(21,7,48),(22,1,50),(22,2,70),(22,3,20),(22,4,80),(22,5,45),(22,6,24),(22,7,30),(23,1,40),(23,2,60),(23,3,14),(23,4,60),(23,5,30),(23,6,18),(23,7,24),(24,1,40),(24,2,60),(24,3,14),(24,4,60),(24,5,30),(24,6,18),(24,7,24),(25,1,30),(25,2,50),(25,3,14),(25,4,50),(25,5,24),(25,6,18),(25,7,24),(26,1,60),(26,2,100),(26,3,26),(26,4,105),(26,5,63),(26,6,30),(26,7,36),(27,1,50),(27,2,90),(27,3,26),(27,4,80),(27,5,48),(27,6,30),(27,7,36),(28,1,80),(28,2,120),(28,3,38),(28,4,120),(28,5,78),(28,6,42),(28,7,48),(29,1,80),(29,2,120),(29,3,38),(29,4,120),(29,5,78),(29,6,42),(29,7,48),(30,1,30),(30,2,40),(30,3,14),(30,4,40),(30,5,24),(30,6,24),(30,7,30),(31,1,20),(31,2,40),(31,3,14),(31,4,40),(31,5,24),(31,6,18),(31,7,24),(32,3,10),(33,3,18),(34,1,560),(34,2,780),(34,4,800),(34,5,470),(35,1,180),(35,2,320),(35,4,330),(35,5,170),(35,6,66),(35,7,70),(36,1,150),(36,2,240),(36,4,220),(36,5,150),(36,6,48),(36,7,60),(37,1,140),(37,2,260),(37,4,240),(37,5,135),(37,6,50),(37,7,66),(38,1,380),(38,2,580),(38,4,550),(38,5,300),(39,1,330),(39,2,490),(39,4,460),(39,5,270),(40,1,110),(40,2,160),(40,3,32),(40,4,150),(40,5,90),(40,6,39),(40,7,48),(41,1,60),(41,2,120),(41,3,32),(41,4,110),(41,5,60),(41,6,36),(41,7,42),(42,1,40),(42,2,70),(42,3,18),(42,4,60),(42,5,33),(42,6,18),(42,7,24),(43,1,60),(43,2,135),(43,3,26),(43,4,130),(43,5,72),(43,6,33),(43,7,42),(44,3,18),(45,4,100),(46,4,1800),(51,10,50);
/*!40000 ALTER TABLE `RoomHasSet` ENABLE KEYS */;
UNLOCK TABLES;

--
-- Table structure for table `RoomSets`
--

DROP TABLE IF EXISTS `RoomSets`;
/*!40101 SET @saved_cs_client     = @@character_set_client */;
/*!40101 SET character_set_client = utf8 */;
CREATE TABLE `RoomSets` (
  `roomsetid` int(11) NOT NULL AUTO_INCREMENT,
  `roomsetname` varchar(50) DEFAULT NULL,
  `display_order` int(11) DEFAULT NULL,
  PRIMARY KEY (`roomsetid`)
) ENGINE=InnoDB AUTO_INCREMENT=100 DEFAULT CHARSET=utf8;
/*!40101 SET character_set_client = @saved_cs_client */;

--
-- Dumping data for table `RoomSets`
--

LOCK TABLES `RoomSets` WRITE;
/*!40000 ALTER TABLE `RoomSets` DISABLE KEYS */;
INSERT INTO `RoomSets` VALUES (1,'Banquet',5),(2,'Theater',10),(3,'Conference',15),(4,'Reception',20),(5,'Classroom',25),(6,'\"U\" Shape Table',30),(7,'Hollow Square',35),(8,'Panel',2),(9,'Circle of Chairs',13),(10,'Other (describe)',42),(11,'Boardroom Table',14),(99,'I do not know',99);
/*!40000 ALTER TABLE `RoomSets` ENABLE KEYS */;
UNLOCK TABLES;

--
-- Table structure for table `Rooms`
--

DROP TABLE IF EXISTS `Rooms`;
/*!40101 SET @saved_cs_client     = @@character_set_client */;
/*!40101 SET character_set_client = utf8 */;
CREATE TABLE `Rooms` (
  `roomid` int(11) NOT NULL AUTO_INCREMENT,
  `roomname` varchar(50) DEFAULT NULL,
  `display_order` int(11) DEFAULT NULL,
  `height` varchar(100) DEFAULT NULL,
  `dimensions` varchar(100) DEFAULT NULL,
  `area` varchar(100) DEFAULT NULL,
  `function` varchar(100) DEFAULT NULL,
  `floor` varchar(50) DEFAULT NULL,
  `notes` text,
  `opentime1` time DEFAULT NULL,
  `closetime1` time DEFAULT NULL,
  `opentime2` time DEFAULT NULL,
  `closetime2` time DEFAULT NULL,
  `opentime3` time DEFAULT NULL,
  `closetime3` time DEFAULT NULL,
  `is_scheduled` tinyint(4) NOT NULL DEFAULT '0',
  PRIMARY KEY (`roomid`)
) ENGINE=InnoDB AUTO_INCREMENT=76 DEFAULT CHARSET=utf8;
/*!40101 SET character_set_client = @saved_cs_client */;

--
-- Dumping data for table `Rooms`
--

LOCK TABLES `Rooms` WRITE;
/*!40000 ALTER TABLE `Rooms` DISABLE KEYS */;
INSERT INTO `Rooms` VALUES (1,'Grand Ballroom ABCDE',1,'25.0\'','145.0\' x 100.0\'','15078','','Concourse','',NULL,NULL,NULL,NULL,NULL,NULL,0),(2,'Grand Ballroom A',2,'25.0\'','48.0\' x 100.0\'','5047','Events','Concourse','',NULL,NULL,NULL,NULL,NULL,NULL,1),(3,'Grand Ballroom B',3,'25.0\'','49.0\' x 100.0\'','5063','Main Stage, Events','Concourse','',NULL,NULL,NULL,NULL,NULL,NULL,1),(4,'Grand Ballroom C',4,'25.0\'','46.0\' x 32.0\'','1635','Events','Concourse','',NULL,NULL,NULL,NULL,NULL,NULL,1),(5,'Grand Ballroom D',5,'25.0\'','46.0\' x 33.0\'','1630','','Concourse','',NULL,NULL,NULL,NULL,NULL,NULL,0),(6,'Grand Ballroom E',6,'25.0\'','46.0\' x 33.0\'','1701','','Concourse','',NULL,NULL,NULL,NULL,NULL,NULL,0),(7,'Grand Ballroom AB',7,'25.0\'','97.0\' x 100.0\'','10110','Main Tent','Concourse','',NULL,NULL,NULL,NULL,NULL,NULL,1),(8,'Grand Ballroom CDE',8,'25.0\'','46.0\' x 100.0\'','4966','','Concourse','',NULL,NULL,NULL,NULL,NULL,NULL,0),(9,'Grand Ballroom BCDE',9,'25.0\'','97.0\' x 100.0\'','10029','','Concourse','',NULL,NULL,NULL,NULL,NULL,NULL,0),(10,'Grand Ballroom CD',10,'25.0\'','46.0\' x 65.0\'','2990','','Concourse','',NULL,NULL,NULL,NULL,NULL,NULL,0),(11,'Grand Ballroom DE',11,'25.0\'','46.0\' x 66.0\'','3036','Events','Concourse','',NULL,NULL,NULL,NULL,NULL,NULL,1),(12,'Grand Prefunction',12,'25.0\'','146.0\' x 30.0\'','4380','','Concourse','Foyer outside Grand A, B, & C.',NULL,NULL,NULL,NULL,NULL,NULL,1),(13,'Commonwealth Ballroom ABC',13,'14.0\'','81.0\' x 48.0\'','3966','Dance Tent','Concourse','Chairs and tables may not be placed on the dance floor (no theater seating)',NULL,NULL,NULL,NULL,NULL,NULL,1),(14,'Commonwealth Ballroom A',14,'14.0\'','24.0\' x 48.0\'','1211','','Concourse','',NULL,NULL,NULL,NULL,NULL,NULL,1),(15,'Commonwealth Ballroom B',15,'14.0\'','26.0\' x 48.0\'','1267','','Concourse','',NULL,NULL,NULL,NULL,NULL,NULL,0),(16,'Commonwealth Ballroom C',16,'14.0\'','30.0\' x 48.0\'','1477','','Concourse','',NULL,NULL,NULL,NULL,NULL,NULL,0),(17,'Commonwealth Ballroom AB',17,'14.0\'','50.0\' x 48.0\'','2478','','Concourse','',NULL,NULL,NULL,NULL,NULL,NULL,0),(18,'Commonwealth Ballroom BC',18,'14.0\'','56.0\' x 50.0\'','2744','','Concourse','',NULL,NULL,NULL,NULL,NULL,NULL,1),(19,'Otis',19,'14.0\'','45.0\' x 30.0\'','1377','Films','Lobby','',NULL,NULL,NULL,NULL,NULL,NULL,1),(20,'Stone',20,'12.5\'','45.0\' x 32.0\'','1416','Ops, security, and hotel','Lobby','',NULL,NULL,NULL,NULL,NULL,NULL,0),(21,'Webster',21,'12.5\'','45.0\' x 32.0\'','1425','Fasttrack','Lobby','',NULL,NULL,NULL,NULL,NULL,NULL,1),(22,'Hancock',22,'14.0\'','31.0\' x 25.0\'','856','Fasttrack','Lobby','',NULL,NULL,NULL,NULL,NULL,NULL,1),(23,'Paine',23,'14.0\'','24.0\' x 31.0\'','737','Video/web','Lobby','',NULL,NULL,NULL,NULL,NULL,NULL,1),(24,'Revere',24,'12.5\'','24.0\' x 32.0\'','756','Anime and anime panels','Lobby','',NULL,NULL,NULL,NULL,NULL,NULL,1),(25,'Quincy',25,'14.0\'','20.0\' x 32.0\'','601','Volunteer lounge','Lobby','',NULL,NULL,NULL,NULL,NULL,NULL,0),(26,'Alcott',26,'11.5\'','41.0\' x 29.0\'','1035','','Mezzanine','',NULL,NULL,NULL,NULL,NULL,NULL,1),(27,'Adams',27,'11.5\'','37.0\' x 24.0\'','883','','Mezzanine','',NULL,NULL,NULL,NULL,NULL,NULL,1),(28,'Douglas',28,'11.5\'','23.0\' x 54.0\'','1254','','Mezzanine','',NULL,NULL,NULL,NULL,NULL,NULL,1),(29,'Faneuil',29,'11.5\'','23.0\' x 56.0\'','1298','','Mezzanine','',NULL,NULL,NULL,NULL,NULL,NULL,1),(30,'Hale',30,'11.5\'','25.0\' x 23.0\'','564','','Mezzanine','',NULL,NULL,NULL,NULL,NULL,NULL,1),(31,'Bullfinch',31,'11.5\'','28.0\' x 18.0\'','508','','Mezzanine','',NULL,NULL,NULL,NULL,NULL,NULL,1),(32,'Frost',32,'','19.2\' x 12.6\'','241','Program Nexus','Mezzanine','Has fixed boardroom table.',NULL,NULL,NULL,NULL,NULL,NULL,0),(33,'Executive Board Room',33,'11.5\'','19.0\' x 38.0\'','722','','Mezzanine','boardroom',NULL,NULL,NULL,NULL,NULL,NULL,1),(34,'Harbor Ballroom I-II-III',34,'19.0\'','124.0\' x 56.0\'','8000','','Conference','',NULL,NULL,NULL,NULL,NULL,NULL,0),(35,'FastTrack - Hancock - 4',43,'14.0\'','portion of 31.0\' x 25.0','portion of 856','Fasttrack','Lobby','Hancock (& Webster)',NULL,NULL,NULL,NULL,NULL,NULL,1),(36,'Harbor Ballroom II',56,'19.0\'','39.0\' x 56.0\'','2226','','Conference','',NULL,NULL,NULL,NULL,NULL,NULL,0),(37,'Harbor Ballroom III',57,'19.0\'','42.0\' x 56.0\'','2444','','Conference','',NULL,NULL,NULL,NULL,NULL,NULL,0),(38,'Harbor Ballroom I-II',58,'19.0\'','81.0\' x 56.0\'','5543','','Conference','',NULL,NULL,NULL,NULL,NULL,NULL,0),(39,'Harbor Ballroom II-III',59,'19.0\'','82.0\' x 56.0\'','4670','Art show','Conference','',NULL,NULL,NULL,NULL,NULL,NULL,0),(40,'Burroughs',60,'11.5\'','32.0\' x 47.0\'','1492','','Conference','',NULL,NULL,NULL,NULL,NULL,NULL,1),(41,'Carlton',61,'11.5\'','25.0\' x 47.0\'','1181','','Conference','',NULL,NULL,NULL,NULL,NULL,NULL,1),(42,'Griffin',62,'11.5\'','23.0\' x 30.0\'','679','','Conference','',NULL,NULL,NULL,NULL,NULL,NULL,1),(43,'Lewis',63,'11.5\'','33.0\' x 41.0\'','1349','Green room and prep','Conference','',NULL,NULL,NULL,NULL,NULL,NULL,0),(44,'Independence',64,'11.5\'','17.0\' x 29.0\'','522','','Conference','Has a fixed boardroom table.',NULL,NULL,NULL,NULL,NULL,NULL,1),(45,'Harbor Terrace',65,'','22.0\' x 123.0\'','1800','','Conference','Exterior Balcony',NULL,NULL,NULL,NULL,NULL,NULL,0),(46,'Galleria - Crafty Space',66,'10.0\'','197.9\' x 109.0\'','21737','','Galleria','Dealers or ?',NULL,NULL,NULL,NULL,NULL,NULL,0),(47,'Other',67,'',NULL,NULL,'Other',NULL,'Place holder for spaces that are not function rooms',NULL,NULL,NULL,NULL,NULL,NULL,1),(51,'Commonwealth Foyer - Autograph Space',71,'10\'',NULL,NULL,'Autographs',NULL,'',NULL,NULL,NULL,NULL,NULL,NULL,1),(52,'FastTrack - Hancock - 1',40,'14.0\'','portion of 31.0\' x 25.0\'','portion of 856','Fasttrack','Lobby','Hancock (& Webster)',NULL,NULL,NULL,NULL,NULL,NULL,1),(53,'FastTrack - Hancock - 2',41,'14.0\'','portion of 31.0\' x 25.0','portion of 856','Fasttrack','Lobby','Hancock (& Webster)',NULL,NULL,NULL,NULL,NULL,NULL,1),(54,'FastTrack - Hancock - 3',42,'14\'','portion of 31.0\' x 25.0','portion of 856','Fasttrack','Lobby','Hancock (& Webster)',NULL,NULL,NULL,NULL,NULL,NULL,1),(55,'Harbor Ballroom I',55,'19.0\'','42.0\' x 81.0\'','3318','Gaming','Conference','Gaming may create virtual rooms in Zambia for ease of scheduling multiple, simultaneous sessions.',NULL,NULL,NULL,NULL,NULL,NULL,0),(56,'Galleria - Artist/Author Alley',73,NULL,'6.x2.5','18','Alley','Galleria','','10:00:00',NULL,'10:00:00',NULL,'10:00:00',NULL,1),(57,'FastTrack - Webster - 1',44,'12.5\'','portion of 45.0\' x 32.0\'','portion of 1425','Fasttrack','Lobby','(Hancock &) Webster',NULL,NULL,NULL,NULL,NULL,NULL,1),(58,'FastTrack - Webster - 2',45,'12.5\'','portion of 45.0\' x 32.0\'','portion of 1425','Fasttrack','Lobby','(Hancock &) Webster\r\n',NULL,NULL,NULL,NULL,NULL,NULL,1),(59,'FastTrack - Webster - 3',46,'12.5\'','portion of 45.0\' x 32.0\'','portion of 1425','Fasttrack','Lobby','(Hancock &) Webster',NULL,NULL,NULL,NULL,NULL,NULL,1),(60,'FastTrack - Webster - 4',47,'12.5\'','portion of 45.0\' x 32.0\'','portion of 1425','Fasttrack','Lobby','(Hancock &) Webster',NULL,NULL,NULL,NULL,NULL,NULL,1),(61,'Gaming Table 1',101,NULL,NULL,NULL,'Gaming','Harbor',NULL,NULL,NULL,NULL,NULL,NULL,NULL,1),(62,'Gaming Table 2',102,NULL,NULL,NULL,NULL,'Harbor',NULL,NULL,NULL,NULL,NULL,NULL,NULL,1),(63,'Gaming Table 3',103,NULL,NULL,NULL,NULL,'Harbor',NULL,NULL,NULL,NULL,NULL,NULL,NULL,1),(64,'Gaming Table 4',104,NULL,NULL,NULL,NULL,'Harbor',NULL,NULL,NULL,NULL,NULL,NULL,NULL,1),(65,'Gaming Table 5',105,NULL,NULL,NULL,NULL,'Harbor',NULL,NULL,NULL,NULL,NULL,NULL,NULL,1),(66,'Gaming Table 6',106,NULL,NULL,NULL,NULL,'Harbor',NULL,NULL,NULL,NULL,NULL,NULL,NULL,1),(67,'Gaming Table 7',107,NULL,NULL,NULL,NULL,'Harbor',NULL,NULL,NULL,NULL,NULL,NULL,NULL,1),(68,'Gaming Table 8',108,NULL,NULL,NULL,NULL,'Harbor',NULL,NULL,NULL,NULL,NULL,NULL,NULL,1),(69,'Gaming Table 9',109,NULL,NULL,NULL,NULL,'Harbor',NULL,NULL,NULL,NULL,NULL,NULL,NULL,1),(70,'Gaming Table 10',110,NULL,NULL,NULL,NULL,'Harbor',NULL,NULL,NULL,NULL,NULL,NULL,NULL,1),(71,'Gaming Table 11',111,NULL,NULL,NULL,NULL,'Harbor',NULL,NULL,NULL,NULL,NULL,NULL,NULL,1),(72,'Gaming Table 12',112,NULL,NULL,NULL,NULL,'Harbor',NULL,NULL,NULL,NULL,NULL,NULL,NULL,1),(73,'Gaming Table 13',113,NULL,NULL,NULL,NULL,'Harbor',NULL,NULL,NULL,NULL,NULL,NULL,NULL,1),(74,'Gaming Table 14',114,NULL,NULL,NULL,NULL,'Harbor',NULL,NULL,NULL,NULL,NULL,NULL,NULL,1),(75,'Gaming Table 15',115,NULL,NULL,NULL,NULL,'Harbor',NULL,NULL,NULL,NULL,NULL,NULL,NULL,1);
/*!40000 ALTER TABLE `Rooms` ENABLE KEYS */;
UNLOCK TABLES;

--
-- Table structure for table `Schedule`
--

DROP TABLE IF EXISTS `Schedule`;
/*!40101 SET @saved_cs_client     = @@character_set_client */;
/*!40101 SET character_set_client = utf8 */;
CREATE TABLE `Schedule` (
  `scheduleid` int(11) NOT NULL AUTO_INCREMENT,
  `sessionid` int(11) NOT NULL DEFAULT '0',
  `roomid` int(11) NOT NULL DEFAULT '0',
  `starttime` time NOT NULL DEFAULT '00:00:00',
  PRIMARY KEY (`scheduleid`),
  KEY `sessionid` (`sessionid`),
  KEY `roomid` (`roomid`),
  CONSTRAINT `Schedule_ibfk_1` FOREIGN KEY (`sessionid`) REFERENCES `Sessions` (`sessionid`),
  CONSTRAINT `Schedule_ibfk_2` FOREIGN KEY (`roomid`) REFERENCES `Rooms` (`roomid`)
) ENGINE=InnoDB DEFAULT CHARSET=utf8;
/*!40101 SET character_set_client = @saved_cs_client */;

--
-- Dumping data for table `Schedule`
--

LOCK TABLES `Schedule` WRITE;
/*!40000 ALTER TABLE `Schedule` DISABLE KEYS */;
/*!40000 ALTER TABLE `Schedule` ENABLE KEYS */;
UNLOCK TABLES;

--
-- Table structure for table `Services`
--

DROP TABLE IF EXISTS `Services`;
/*!40101 SET @saved_cs_client     = @@character_set_client */;
/*!40101 SET character_set_client = utf8 */;
CREATE TABLE `Services` (
  `serviceid` int(11) NOT NULL AUTO_INCREMENT,
  `servicename` varchar(50) DEFAULT NULL,
  `display_order` int(11) DEFAULT NULL,
  PRIMARY KEY (`serviceid`)
) ENGINE=InnoDB AUTO_INCREMENT=11 DEFAULT CHARSET=utf8;
/*!40101 SET character_set_client = @saved_cs_client */;

--
-- Dumping data for table `Services`
--

LOCK TABLES `Services` WRITE;
/*!40000 ALTER TABLE `Services` DISABLE KEYS */;
INSERT INTO `Services` VALUES (1,'CD Player',10),(2,'DVD Player & Projector',20),(3,'Flip Chart',30),(4,'Food',40),(5,'Gopher',50),(6,'Power',60),(7,'Projector (for laptop)',70),(8,'Sound',80),(9,'Water Station',90),(10,'Podium',55);
/*!40000 ALTER TABLE `Services` ENABLE KEYS */;
UNLOCK TABLES;

--
-- Table structure for table `SessionEditCodes`
--

DROP TABLE IF EXISTS `SessionEditCodes`;
/*!40101 SET @saved_cs_client     = @@character_set_client */;
/*!40101 SET character_set_client = utf8 */;
CREATE TABLE `SessionEditCodes` (
  `sessioneditcode` int(11) NOT NULL AUTO_INCREMENT,
  `description` varchar(40) DEFAULT NULL,
  `display_order` int(11) NOT NULL DEFAULT '1',
  PRIMARY KEY (`sessioneditcode`)
) ENGINE=InnoDB AUTO_INCREMENT=8 DEFAULT CHARSET=utf8 ROW_FORMAT=DYNAMIC;
/*!40101 SET character_set_client = @saved_cs_client */;

--
-- Dumping data for table `SessionEditCodes`
--

LOCK TABLES `SessionEditCodes` WRITE;
/*!40000 ALTER TABLE `SessionEditCodes` DISABLE KEYS */;
INSERT INTO `SessionEditCodes` VALUES (1,'Created in brainstorm',1),(2,'Created in staff create session',2),(3,'Edit session contents',4),(4,'Add to schedule',5),(5,'Remove from schedule',6),(6,'Created by import',3),(7,'Rescheduled',7);
/*!40000 ALTER TABLE `SessionEditCodes` ENABLE KEYS */;
UNLOCK TABLES;

--
-- Table structure for table `SessionEditHistory`
--

DROP TABLE IF EXISTS `SessionEditHistory`;
/*!40101 SET @saved_cs_client     = @@character_set_client */;
/*!40101 SET character_set_client = utf8 */;
CREATE TABLE `SessionEditHistory` (
  `sessionid` int(11) NOT NULL DEFAULT '0',
  `badgeid` varchar(15) DEFAULT NULL,
  `name` varchar(40) DEFAULT NULL,
  `email_address` varchar(75) DEFAULT NULL,
  `timestamp` timestamp NOT NULL DEFAULT CURRENT_TIMESTAMP,
  `sessioneditcode` int(11) NOT NULL DEFAULT '0',
  `statusid` int(11) NOT NULL DEFAULT '0',
  `editdescription` text,
  PRIMARY KEY (`sessionid`,`timestamp`),
  KEY `FK_SessionEditHistory` (`badgeid`),
  KEY `FK_SessionEditCodes` (`sessioneditcode`),
  KEY `FK_SessionEditHistory4` (`statusid`),
  CONSTRAINT `SessionEditHistory_ibfk_1` FOREIGN KEY (`sessionid`) REFERENCES `Sessions` (`sessionid`),
  CONSTRAINT `SessionEditHistory_ibfk_2` FOREIGN KEY (`badgeid`) REFERENCES `Participants` (`badgeid`),
  CONSTRAINT `SessionEditHistory_ibfk_3` FOREIGN KEY (`sessioneditcode`) REFERENCES `SessionEditCodes` (`sessioneditcode`),
  CONSTRAINT `SessionEditHistory_ibfk_4` FOREIGN KEY (`statusid`) REFERENCES `SessionStatuses` (`statusid`)
) ENGINE=InnoDB DEFAULT CHARSET=utf8 ROW_FORMAT=DYNAMIC COMMENT='InnoDB free: 8192 kB';
/*!40101 SET character_set_client = @saved_cs_client */;

--
-- Dumping data for table `SessionEditHistory`
--

LOCK TABLES `SessionEditHistory` WRITE;
/*!40000 ALTER TABLE `SessionEditHistory` DISABLE KEYS */;
/*!40000 ALTER TABLE `SessionEditHistory` ENABLE KEYS */;
UNLOCK TABLES;

--
-- Table structure for table `SessionHasFeature`
--

DROP TABLE IF EXISTS `SessionHasFeature`;
/*!40101 SET @saved_cs_client     = @@character_set_client */;
/*!40101 SET character_set_client = utf8 */;
CREATE TABLE `SessionHasFeature` (
  `sessionid` int(11) NOT NULL DEFAULT '0',
  `featureid` int(11) NOT NULL DEFAULT '0',
  PRIMARY KEY (`sessionid`,`featureid`),
  KEY `featureid` (`featureid`),
  CONSTRAINT `SessionHasFeature_ibfk_1` FOREIGN KEY (`sessionid`) REFERENCES `Sessions` (`sessionid`),
  CONSTRAINT `SessionHasFeature_ibfk_2` FOREIGN KEY (`featureid`) REFERENCES `Features` (`featureid`)
) ENGINE=InnoDB DEFAULT CHARSET=utf8;
/*!40101 SET character_set_client = @saved_cs_client */;

--
-- Dumping data for table `SessionHasFeature`
--

LOCK TABLES `SessionHasFeature` WRITE;
/*!40000 ALTER TABLE `SessionHasFeature` DISABLE KEYS */;
/*!40000 ALTER TABLE `SessionHasFeature` ENABLE KEYS */;
UNLOCK TABLES;

--
-- Table structure for table `SessionHasPubChar`
--

DROP TABLE IF EXISTS `SessionHasPubChar`;
/*!40101 SET @saved_cs_client     = @@character_set_client */;
/*!40101 SET character_set_client = utf8 */;
CREATE TABLE `SessionHasPubChar` (
  `sessionid` int(11) NOT NULL DEFAULT '0',
  `pubcharid` int(11) NOT NULL DEFAULT '0',
  PRIMARY KEY (`sessionid`,`pubcharid`),
  KEY `Fkey2` (`pubcharid`),
  CONSTRAINT `Fkey1` FOREIGN KEY (`sessionid`) REFERENCES `Sessions` (`sessionid`),
  CONSTRAINT `Fkey2` FOREIGN KEY (`pubcharid`) REFERENCES `PubCharacteristics` (`pubcharid`)
) ENGINE=InnoDB DEFAULT CHARSET=utf8;
/*!40101 SET character_set_client = @saved_cs_client */;

--
-- Dumping data for table `SessionHasPubChar`
--

LOCK TABLES `SessionHasPubChar` WRITE;
/*!40000 ALTER TABLE `SessionHasPubChar` DISABLE KEYS */;
/*!40000 ALTER TABLE `SessionHasPubChar` ENABLE KEYS */;
UNLOCK TABLES;

--
-- Table structure for table `SessionHasService`
--

DROP TABLE IF EXISTS `SessionHasService`;
/*!40101 SET @saved_cs_client     = @@character_set_client */;
/*!40101 SET character_set_client = utf8 */;
CREATE TABLE `SessionHasService` (
  `sessionid` int(11) NOT NULL DEFAULT '0',
  `serviceid` int(11) NOT NULL DEFAULT '0',
  PRIMARY KEY (`sessionid`,`serviceid`),
  KEY `serviceid` (`serviceid`),
  CONSTRAINT `SessionHasService_ibfk_1` FOREIGN KEY (`sessionid`) REFERENCES `Sessions` (`sessionid`),
  CONSTRAINT `SessionHasService_ibfk_2` FOREIGN KEY (`serviceid`) REFERENCES `Services` (`serviceid`)
) ENGINE=InnoDB DEFAULT CHARSET=utf8;
/*!40101 SET character_set_client = @saved_cs_client */;

--
-- Dumping data for table `SessionHasService`
--

LOCK TABLES `SessionHasService` WRITE;
/*!40000 ALTER TABLE `SessionHasService` DISABLE KEYS */;
/*!40000 ALTER TABLE `SessionHasService` ENABLE KEYS */;
UNLOCK TABLES;

--
-- Table structure for table `SessionStatuses`
--

DROP TABLE IF EXISTS `SessionStatuses`;
/*!40101 SET @saved_cs_client     = @@character_set_client */;
/*!40101 SET character_set_client = utf8 */;
CREATE TABLE `SessionStatuses` (
  `statusid` int(11) NOT NULL AUTO_INCREMENT,
  `statusname` varchar(50) DEFAULT NULL,
  `validate` tinyint(4) NOT NULL DEFAULT '0',
  `may_be_scheduled` tinyint(4) NOT NULL DEFAULT '0',
  `display_order` int(11) DEFAULT NULL,
  PRIMARY KEY (`statusid`)
) ENGINE=InnoDB AUTO_INCREMENT=11 DEFAULT CHARSET=utf8;
/*!40101 SET character_set_client = @saved_cs_client */;

--
-- Dumping data for table `SessionStatuses`
--

LOCK TABLES `SessionStatuses` WRITE;
/*!40000 ALTER TABLE `SessionStatuses` DISABLE KEYS */;
INSERT INTO `SessionStatuses` VALUES (1,'Brainstorm',0,0,4),(2,'Vetted',1,1,6),(3,'Scheduled',1,1,10),(4,'Dropped',0,0,18),(5,'Cancelled',0,0,20),(6,'Edit Me',0,0,5),(7,'Assigned',1,1,9),(10,'Duplicate',0,0,11);
/*!40000 ALTER TABLE `SessionStatuses` ENABLE KEYS */;
UNLOCK TABLES;

--
-- Table structure for table `Sessions`
--

DROP TABLE IF EXISTS `Sessions`;
/*!40101 SET @saved_cs_client     = @@character_set_client */;
/*!40101 SET character_set_client = utf8 */;
CREATE TABLE `Sessions` (
  `sessionid` int(11) NOT NULL AUTO_INCREMENT,
  `trackid` int(11) NOT NULL DEFAULT '0',
  `typeid` int(11) NOT NULL DEFAULT '0',
  `divisionid` int(11) NOT NULL DEFAULT '0',
  `pubstatusid` int(11) DEFAULT '0',
  `languagestatusid` int(11) DEFAULT '1',
  `pubsno` varchar(50) DEFAULT NULL,
  `title` varchar(100) DEFAULT NULL,
  `secondtitle` varchar(100) DEFAULT NULL,
  `pocketprogtext` text,
  `progguiddesc` text,
  `persppartinfo` text,
  `duration` time DEFAULT NULL,
  `estatten` int(11) DEFAULT NULL,
  `kidscatid` int(11) NOT NULL DEFAULT '0',
  `signupreq` tinyint(1) DEFAULT NULL,
  `roomsetid` int(11) NOT NULL DEFAULT '0',
  `notesforpart` text,
  `servicenotes` text,
  `statusid` int(11) NOT NULL DEFAULT '0',
  `notesforprog` text,
  `warnings` tinyint(1) DEFAULT NULL,
  `invitedguest` tinyint(1) DEFAULT '0',
  `ts` timestamp NOT NULL DEFAULT CURRENT_TIMESTAMP ON UPDATE CURRENT_TIMESTAMP,
  PRIMARY KEY (`sessionid`),
  KEY `trackid` (`trackid`),
  KEY `typeid` (`typeid`),
  KEY `kidscatid` (`kidscatid`),
  KEY `roomsetid` (`roomsetid`),
  KEY `statusid` (`statusid`),
  KEY `divisionid` (`divisionid`),
  KEY `pubstatusid` (`pubstatusid`),
  KEY `languagestatusid` (`languagestatusid`),
  CONSTRAINT `Sessions_ibfk_1` FOREIGN KEY (`trackid`) REFERENCES `Tracks` (`trackid`),
  CONSTRAINT `Sessions_ibfk_2` FOREIGN KEY (`typeid`) REFERENCES `Types` (`typeid`),
  CONSTRAINT `Sessions_ibfk_3` FOREIGN KEY (`kidscatid`) REFERENCES `KidsCategories` (`kidscatid`),
  CONSTRAINT `Sessions_ibfk_4` FOREIGN KEY (`roomsetid`) REFERENCES `RoomSets` (`roomsetid`),
  CONSTRAINT `Sessions_ibfk_5` FOREIGN KEY (`statusid`) REFERENCES `SessionStatuses` (`statusid`),
  CONSTRAINT `Sessions_ibfk_6` FOREIGN KEY (`pubstatusid`) REFERENCES `PubStatuses` (`pubstatusid`),
  CONSTRAINT `Sessions_ibfk_7` FOREIGN KEY (`divisionid`) REFERENCES `Divisions` (`divisionid`),
  CONSTRAINT `Sessions_ibfk_8` FOREIGN KEY (`languagestatusid`) REFERENCES `LanguageStatuses` (`languagestatusid`)
) ENGINE=InnoDB DEFAULT CHARSET=utf8;
/*!40101 SET character_set_client = @saved_cs_client */;

--
-- Dumping data for table `Sessions`
--

LOCK TABLES `Sessions` WRITE;
/*!40000 ALTER TABLE `Sessions` DISABLE KEYS */;
/*!40000 ALTER TABLE `Sessions` ENABLE KEYS */;
UNLOCK TABLES;

--
-- Table structure for table `Times`
--

DROP TABLE IF EXISTS `Times`;
/*!40101 SET @saved_cs_client     = @@character_set_client */;
/*!40101 SET character_set_client = utf8 */;
CREATE TABLE `Times` (
  `timeid` int(11) NOT NULL,
  `timedisplay` char(14) DEFAULT NULL,
  `timevalue` time DEFAULT NULL,
  `next_day` tinyint(4) DEFAULT NULL,
  `display_order` int(11) DEFAULT NULL,
  `avail_start` tinyint(4) DEFAULT NULL,
  `avail_end` tinyint(4) DEFAULT NULL,
  PRIMARY KEY (`timeid`)
) ENGINE=InnoDB DEFAULT CHARSET=utf8;
/*!40101 SET character_set_client = @saved_cs_client */;

--
-- Dumping data for table `Times`
--

LOCK TABLES `Times` WRITE;
/*!40000 ALTER TABLE `Times` DISABLE KEYS */;
INSERT INTO `Times` VALUES (1,'8:30a','08:30:00',0,1,1,0),(2,'10:00a','10:00:00',0,2,1,1),(3,'11:30a','11:30:00',0,3,1,1),(4,'1:00p','13:00:00',0,4,1,1),(5,'2:30p','14:30:00',0,5,1,1),(6,'4:00p','16:00:00',0,6,1,1),(7,'5:30p','17:30:00',0,7,1,1),(8,'7:00p','19:00:00',0,8,1,1),(9,'8:30p','20:30:00',0,9,1,1),(10,'10:00p','22:00:00',0,10,1,1),(11,'11:30p','23:30:00',0,11,1,1),(12,'1:00a (+1d)','01:00:00',1,12,0,1);
/*!40000 ALTER TABLE `Times` ENABLE KEYS */;
UNLOCK TABLES;

--
-- Table structure for table `TrackCompatibility`
--

DROP TABLE IF EXISTS `TrackCompatibility`;
/*!40101 SET @saved_cs_client     = @@character_set_client */;
/*!40101 SET character_set_client = utf8 */;
CREATE TABLE `TrackCompatibility` (
  `previousconid` int(11) NOT NULL,
  `previoustrackid` int(11) NOT NULL,
  `currenttrackid` int(11) NOT NULL,
  PRIMARY KEY (`previousconid`,`previoustrackid`),
  KEY `currenttrackid` (`currenttrackid`),
  CONSTRAINT `TrackCompatibility_ibfk_1` FOREIGN KEY (`previousconid`, `previoustrackid`) REFERENCES `PreviousConTracks` (`previousconid`, `previoustrackid`),
  CONSTRAINT `TrackCompatibility_ibfk_2` FOREIGN KEY (`currenttrackid`) REFERENCES `Tracks` (`trackid`)
) ENGINE=InnoDB DEFAULT CHARSET=utf8;
/*!40101 SET character_set_client = @saved_cs_client */;

--
-- Dumping data for table `TrackCompatibility`
--

LOCK TABLES `TrackCompatibility` WRITE;
/*!40000 ALTER TABLE `TrackCompatibility` DISABLE KEYS */;
/*!40000 ALTER TABLE `TrackCompatibility` ENABLE KEYS */;
UNLOCK TABLES;

--
-- Table structure for table `Tracks`
--

DROP TABLE IF EXISTS `Tracks`;
/*!40101 SET @saved_cs_client     = @@character_set_client */;
/*!40101 SET character_set_client = utf8 */;
CREATE TABLE `Tracks` (
  `trackid` int(11) NOT NULL AUTO_INCREMENT,
  `trackname` varchar(50) DEFAULT NULL,
  `display_order` int(11) DEFAULT NULL,
  `selfselect` tinyint(1) DEFAULT NULL,
  PRIMARY KEY (`trackid`)
) ENGINE=InnoDB AUTO_INCREMENT=102 DEFAULT CHARSET=utf8;
/*!40101 SET character_set_client = @saved_cs_client */;

--
-- Dumping data for table `Tracks`
--

LOCK TABLES `Tracks` WRITE;
/*!40000 ALTER TABLE `Tracks` DISABLE KEYS */;
INSERT INTO `Tracks` VALUES (1,'Anime',5,1),(2,'Art',10,1),(3,'Costuming',16,1),(4,'Fan Interest',19,1),(5,'Fast Track',25,1),(7,'Gaming',35,1),(8,'GOH',40,1),(9,'Literature',45,1),(10,'Media',50,1),(11,'Music',55,1),(12,'Science',60,1),(13,'Writing',86,1),(14,'Roomturn, etc.',90,0),(15,'Maker',47,1),(19,'Comics',12,1),(23,'Communities',14,1),(24,'Trackless events',87,0),(27,'Theater & con tech',85,0),(28,'Refresh',89,0),(99,'Unknown',99,0),(100,'ConComm',15,1),(101,'Theater',82,0);
/*!40000 ALTER TABLE `Tracks` ENABLE KEYS */;
UNLOCK TABLES;

--
-- Table structure for table `Types`
--

DROP TABLE IF EXISTS `Types`;
/*!40101 SET @saved_cs_client     = @@character_set_client */;
/*!40101 SET character_set_client = utf8 */;
CREATE TABLE `Types` (
  `typeid` int(11) NOT NULL AUTO_INCREMENT,
  `typename` varchar(50) DEFAULT NULL,
  `display_order` int(11) DEFAULT NULL,
  `selfselect` tinyint(4) DEFAULT NULL,
  PRIMARY KEY (`typeid`)
) ENGINE=InnoDB AUTO_INCREMENT=23 DEFAULT CHARSET=utf8;
/*!40101 SET character_set_client = @saved_cs_client */;

--
-- Dumping data for table `Types`
--

LOCK TABLES `Types` WRITE;
/*!40000 ALTER TABLE `Types` DISABLE KEYS */;
INSERT INTO `Types` VALUES (1,'Panel',1,1),(2,'Workshop',2,0),(3,'Room Turn',500,0),(4,'Lecture',6,0),(5,'Meeting',20,0),(6,'Interview',9,0),(7,'Signing',13,0),(8,'Reading',7,0),(9,'Rehearsal',100,0),(10,'TV - Live Event',10,0),(11,'TV - Previous Event',11,0),(12,'Projected Media',8,0),(14,'Open Gaming',18,0),(15,'Scheduled Game',19,0),(16,'TV - Movie/Show',12,0),(17,'I do not know',700,0),(18,'Concert',4,0),(19,'Participatory Event',3,0),(20,'Drama',5,0),(21,'Setup',200,0),(22,'Refresh',499,0);
/*!40000 ALTER TABLE `Types` ENABLE KEYS */;
UNLOCK TABLES;

--
-- Table structure for table `UserHasPermissionRole`
--

DROP TABLE IF EXISTS `UserHasPermissionRole`;
/*!40101 SET @saved_cs_client     = @@character_set_client */;
/*!40101 SET character_set_client = utf8 */;
CREATE TABLE `UserHasPermissionRole` (
  `badgeid` varchar(15) NOT NULL DEFAULT '',
  `permroleid` int(11) NOT NULL DEFAULT '0',
  PRIMARY KEY (`badgeid`,`permroleid`),
  KEY `FK_UserHasPermissionRole` (`permroleid`),
  CONSTRAINT `UserHasPermissionRole_ibfk_1` FOREIGN KEY (`badgeid`) REFERENCES `Participants` (`badgeid`),
  CONSTRAINT `UserHasPermissionRole_ibfk_2` FOREIGN KEY (`permroleid`) REFERENCES `PermissionRoles` (`permroleid`)
) ENGINE=InnoDB DEFAULT CHARSET=utf8 ROW_FORMAT=DYNAMIC;
/*!40101 SET character_set_client = @saved_cs_client */;

--
-- Dumping data for table `UserHasPermissionRole`
--

LOCK TABLES `UserHasPermissionRole` WRITE;
/*!40000 ALTER TABLE `UserHasPermissionRole` DISABLE KEYS */;
/*!40000 ALTER TABLE `UserHasPermissionRole` ENABLE KEYS */;
UNLOCK TABLES;
/*!40103 SET TIME_ZONE=@OLD_TIME_ZONE */;

/*!40101 SET SQL_MODE=@OLD_SQL_MODE */;
/*!40014 SET FOREIGN_KEY_CHECKS=@OLD_FOREIGN_KEY_CHECKS */;
/*!40014 SET UNIQUE_CHECKS=@OLD_UNIQUE_CHECKS */;
/*!40101 SET CHARACTER_SET_CLIENT=@OLD_CHARACTER_SET_CLIENT */;
/*!40101 SET CHARACTER_SET_RESULTS=@OLD_CHARACTER_SET_RESULTS */;
/*!40101 SET COLLATION_CONNECTION=@OLD_COLLATION_CONNECTION */;
/*!40111 SET SQL_NOTES=@OLD_SQL_NOTES */;

-- Dump completed on 2014-10-12  00:00:00
