-- Copyright (c) 2011-2021 by Peter Olszowka. All rights reserved. See copyright document for more details.

/*!40101 SET @OLD_CHARACTER_SET_CLIENT=@@CHARACTER_SET_CLIENT */;
/*!40101 SET @OLD_CHARACTER_SET_RESULTS=@@CHARACTER_SET_RESULTS */;
/*!40101 SET @OLD_COLLATION_CONNECTION=@@COLLATION_CONNECTION */;
/*!40101 SET NAMES utf8 */;
/*!40103 SET @OLD_TIME_ZONE=@@TIME_ZONE */;
/*!40103 SET TIME_ZONE='+00:00' */;
/*!40014 SET @OLD_UNIQUE_CHECKS=@@UNIQUE_CHECKS, UNIQUE_CHECKS=0 */;
/*!40014 SET @OLD_FOREIGN_KEY_CHECKS=@@FOREIGN_KEY_CHECKS, FOREIGN_KEY_CHECKS=0 */;
/*!40101 SET @OLD_SQL_MODE=@@SQL_MODE, SQL_MODE='NO_AUTO_VALUE_ON_ZERO' */;
/*!40111 SET @OLD_SQL_NOTES=@@SQL_NOTES, SQL_NOTES=0 */;

--
-- Table structure for table `BioEditStatuses`
--

DROP TABLE IF EXISTS `BioEditStatuses`;
/*!40101 SET @saved_cs_client     = @@character_set_client */;
/*!40101 SET character_set_client = utf8 */;
CREATE TABLE `BioEditStatuses` (
  `bioeditstatusid` INT(11) NOT NULL auto_increment,
  `bioeditstatusname` varchar(60) DEFAULT NULL,
  `display_order` INT(11) NOT NULL DEFAULT '0',
  PRIMARY KEY  (`bioeditstatusid`)
) ENGINE=InnoDB DEFAULT CHARSET=utf8;
/*!40101 SET character_set_client = @saved_cs_client */;

--
-- Dumping data for table `BioEditStatuses`
--

LOCK TABLES `BioEditStatuses` WRITE;
/*!40000 ALTER TABLE `BioEditStatuses` DISABLE KEYS */;
INSERT INTO `BioEditStatuses` VALUES (1,"Needs editing and translation",1),(2,"Editing done--needs translation",2),(3,"Translation done--needs editing",3),(4,"Editing and translation done",4);
/*!40000 ALTER TABLE `BioEditStatuses` ENABLE KEYS */;
UNLOCK TABLES;

--
-- Table structure for table `CongoDump`
--

DROP TABLE IF EXISTS `CongoDump`;
/*!40101 SET @saved_cs_client     = @@character_set_client */;
/*!40101 SET character_set_client = utf8 */;
CREATE TABLE `CongoDump` (
  `badgeid` varchar(15) NOT NULL DEFAULT '',
  `firstname` varchar(30) DEFAULT NULL,
  `lastname` varchar(40) DEFAULT NULL,
  `badgename` varchar(51) DEFAULT NULL,
  `phone` varchar(100) DEFAULT NULL,
  `email` varchar(100) DEFAULT NULL,
  `postaddress1` varchar(100) DEFAULT NULL,
  `postaddress2` varchar(100) DEFAULT NULL,
  `postcity` varchar(50) DEFAULT NULL,
  `poststate` varchar(25) DEFAULT NULL,
  `postzip` varchar(10) DEFAULT NULL,
  `postcountry` varchar(25) DEFAULT NULL,
  `regtype` varchar(40) DEFAULT NULL,
  PRIMARY KEY (`badgeid`)
) ENGINE=InnoDB DEFAULT CHARSET=utf8 ROW_FORMAT=DYNAMIC COMMENT='Contains user information from registration system.';
/*!40101 SET character_set_client = @saved_cs_client */;

--
-- Dumping data for table `CongoDump`
--

LOCK TABLES `CongoDump` WRITE;
/*!40000 ALTER TABLE `CongoDump` DISABLE KEYS */;
/*!40000 ALTER TABLE `CongoDump` ENABLE KEYS */;
UNLOCK TABLES;

--
-- Table structure for table `CongoDumpHistory`
--

DROP TABLE IF EXISTS `CongoDumpHistory`;
CREATE TABLE CongoDumpHistory (
    `badgeid` varchar(15) NOT NULL DEFAULT '',
    `firstname` varchar(30) DEFAULT NULL,
    `lastname` varchar(40) DEFAULT NULL,
    `badgename` varchar(51) DEFAULT NULL,
    `phone` varchar(100) DEFAULT NULL,
    `email` varchar(100) DEFAULT NULL,
    `postaddress1` varchar(100) DEFAULT NULL,
    `postaddress2` varchar(100) DEFAULT NULL,
    `postcity` varchar(50) DEFAULT NULL,
    `poststate` varchar(25) DEFAULT NULL,
    `postzip` varchar(10) DEFAULT NULL,
    `postcountry` varchar(25) DEFAULT NULL,
    `regtype` varchar(40) DEFAULT NULL,
    `createdts` timestamp NOT NULL DEFAULT CURRENT_TIMESTAMP,
    `createdbybadgeid` varchar(15) NOT NULL DEFAULT '',
    `inactivatedts` timestamp NULL DEFAULT NULL,
    `inactivatedbybadgeid` varchar(15) DEFAULT NULL,
    PRIMARY KEY (`badgeid`,`createdts`),
    KEY `badgeid` (`badgeid`),
    KEY `createdbybadgeid` (`createdbybadgeid`),
    KEY `inactivatedbybadgeid` (`inactivatedbybadgeid`),
    CONSTRAINT `CongoDumpHistory_ibfk_1` FOREIGN KEY (`badgeid`) REFERENCES `Participants` (`badgeid`),
    CONSTRAINT `CongoDumpHistory_ibfk_2` FOREIGN KEY (`createdbybadgeid`) REFERENCES `Participants` (`badgeid`),
    CONSTRAINT `CongoDumpHistory_ibfk_3` FOREIGN KEY (`inactivatedbybadgeid`) REFERENCES `Participants` (`badgeid`)
) ENGINE=InnoDB DEFAULT CHARSET=utf8 ROW_FORMAT=DYNAMIC COMMENT='Contains changes to user information from registration system.';

--
-- Table structure for table `Credentials`
--

DROP TABLE IF EXISTS `Credentials`;
/*!40101 SET @saved_cs_client     = @@character_set_client */;
/*!40101 SET character_set_client = utf8 */;
CREATE TABLE `Credentials` (
  `credentialid` int(11) NOT NULL AUTO_INCREMENT,
  `credentialname` varchar(100) DEFAULT NULL,
  `display_order` int(11) DEFAULT NULL,
  PRIMARY KEY (`credentialid`)
) ENGINE=InnoDB AUTO_INCREMENT=6 DEFAULT CHARSET=utf8;
/*!40101 SET character_set_client = @saved_cs_client */;

--
-- Dumping data for table `Credentials`
--

LOCK TABLES `Credentials` WRITE;
/*!40000 ALTER TABLE `Credentials` DISABLE KEYS */;
INSERT INTO `Credentials` VALUES (1,'Professional Artist',1),(2,'Professional Editor',2),(3,'Professional Musician',3),(4,'Published Author',4),(5,'Web Comics Creator',5);
/*!40000 ALTER TABLE `Credentials` ENABLE KEYS */;
UNLOCK TABLES;

--
-- Table structure for table `CustomText`
--

DROP TABLE IF EXISTS `CustomText`;
/*!40101 SET @saved_cs_client     = @@character_set_client */;
/*!40101 SET character_set_client = utf8 */;
CREATE TABLE `CustomText` (
  `customtextid` int(11) NOT NULL AUTO_INCREMENT,
  `page` varchar(100) DEFAULT NULL,
  `tag` varchar(25) DEFAULT NULL,
  `textcontents` text,
  PRIMARY KEY (`customtextid`),
  UNIQUE KEY `page` (`page`,`tag`)
) ENGINE=InnoDB AUTO_INCREMENT=3 DEFAULT CHARSET=utf8;
/*!40101 SET character_set_client = @saved_cs_client */;

--
-- Dumping data for table `CustomText`
--

LOCK TABLES `CustomText` WRITE;
/*!40000 ALTER TABLE `CustomText` DISABLE KEYS */;
INSERT INTO `CustomText` VALUES 
  (1,'My Profile','biography_note','Note: Your biography will appear immediately following your name in the program. If you have previously been a participant, the stored bio for you will be displayed below. Please verify the text for publication.'),
  (2,'My Availability','note_after_times','<div>Please note: this year the Masquerade is scheduled for Sun, likely 8-11 pm.</div>'),
  (3,'My Schedule','not_enough_panels','Panelists on 3 or more panels receive complementary memberships from Programming.  If you are interested in increasing your number of panels to take advantage of this, please contact us and we will work with you to see if it is possible.  If you are expecting a comp from helping another division, that will show up here shortly after registration processes it.  Please contact that division or registration with questions.'),
  (4,'My Schedule','enough_panels','Programming has requested a comp membership for you.'),
  (5,'My Schedule','all_panelists_1','<p>In order to put together the entire schedule, we had to schedule some panels outside of the times that certain panelists requested.  If this happened to you, we would love to have you on the panel, but understand if you cannot make it.  Please let us know if you cannot.</p>'),
  (6,'My Schedule','all_panelists_2','<p>Several of the panels we are running this year were extremely popular with over 20 potential panelists signing up.  Choosing whom to place on those panels was difficult.  There is always a possibility that one of the panelists currently scheduled will be unavailable so feel free to check with us to see if a space has opened up on a panel on which you would still like to participate.</p>'),
  (7,'Data Retention Consent', 'consent', '<div><p>We collect your personal data to allow us to schedule you into programming items, to publish data about your participation in programming items, and to administer the convention.  We retain this data for the duration of this convention and to assist in planning future conventions.</p><p>We do not share this data with other conventions outside of what is published for our program guides, website, and other sites we use to publish the schedule for the convention.</p><p>We transfer this data as required to print the guides, and to provide any online guides to the programming for our convention including but not limited to our website and any other on-line programing guides we may use from time to time.</p><p>Without your consent we are unable to have you as a program participant.</p></div>'),
  (8,'My Profile', 'registration_data', '<p>Please confirm your contact information.  If it is not correct, please log into Zambia Demo\'s <a href="https://reg.arisia.org" target="_blank">on-line registration system</a> and correct it there. Please note that the password there is <b>not the same</b> as the one you use in Zambia. This data is downloaded periodically from the registration database, and should be correct within an hour.</p>'),
  (9,'My Profile', 'photo_note', 'Note: Photos should be of type JPEG (.jpg) or PNG (.png) and should be about 800x800. You will be able to crop and rotate the image. To upload a photo, either drag the file to be uploaded to the upload photo area or click the upload photo button to use a file picker to select the file to upload. All photos uploaded will be reviewed for approval. The approved photo will be available to publications and on-line guides. If you have an approved photo, the new photo uploaded will be added to the review queue and it will replace the approved photo once reviewed and accepted.'),
  (10,'Participant View', 'part_overview', ''),
  (11,'Staff Overview', 'staff_overview', "<p>Please note the tabs above. One of them will take you to your participant view. Another will allow you to manage Sessions. Note that Sessions is the generic term we are using for all Events, Films, Panels, Anime, Video, etc.</p>
<p>The general flow of sessions over time is: </p>
<ul>
<li>Brainstorm - New session idea put in to the system by one of our brainstorm users. The idea may or may not be sane or good. It could be too big or too small or duplicative.</li>
<li>Edit Me - New session idea that a participant or staff member entered. An idea entered by a brainstorm user that is non-offensive should be moved to this status. These are still rough and may well have issues. Still could be duplicates.</li>
<li>Vetted - A real session that we'd like to see happen. At this point the language should be fairly close to final in the description. Spell checking and grammar checking should have happened. It needs have publication status, a type, kid category, division and a room set. Please check the duration (defaults to 1 hour) and the various things the session might need (like power, mirrors, etc.) This is the minimal status that participants are allowed to sign up for. Avoid duplicates (however the list is still approximately 3 times what will actually run)</li>
<li>Assigned - Session has participants assigned to it.</li>
<li>Scheduled - Session is in the schedule (don't set this by hand as the tool actually sets this for you when you schedule it in a room!) The language needs to match what you want to see <strong>published</strong>.</li>
<li>Occurred - It Happened! Fill in the estimated attendance and update any other needed information when moving the session to this status.</li>
</ul>
<p>There are 2 other statuses that a session can have:</p>
<ul>
<li>Dropped - The bit bucket. This idea is no longer under consideration. Nor will it ever be again. The most frequent reason for this is identical data to another session.</li>
<li>Cancelled - Over all a good idea, but it isn't going to happen this year. Maybe it is too close to another idea, maybe it was dependent on a particular person attending, maybe there were scheduling complications. You should probably still say why it was cancelled. This is a category we can mine for ideas in future years.</li>
</ul>
<p>For your reference there are several statuses pulled over from previous years. They are here for your reference and in general should be mined for information. Feel free to import a session from a previous year into the workflow for this year if you want to see it happen this year.</p>"),
  (12,'Participant Survey', 'survey_displayonly', '<p>Note: Some questions may no longer allow you to enter/change their answers. The time has passed for when you can change them and they have been changed from answerable to display only.</p>
<p>If you need to have an display only answer changed, please reach out to programming at the email address below.</p>');
/*!40000 ALTER TABLE `CustomText` ENABLE KEYS */;
UNLOCK TABLES;

--
-- Table structure for table `Divisions`
--

DROP TABLE IF EXISTS `Divisions`;
/*!40101 SET @saved_cs_client     = @@character_set_client */;
/*!40101 SET character_set_client = utf8 */;
CREATE TABLE `Divisions` (
  `divisionid` int(11) NOT NULL AUTO_INCREMENT,
  `divisionname` varchar(30) DEFAULT NULL,
  `display_order` int(11) NOT NULL DEFAULT '0',
  PRIMARY KEY (`divisionid`)
) ENGINE=InnoDB DEFAULT CHARSET=utf8 ROW_FORMAT=DYNAMIC COMMENT='Configuration table.  A division is a property of a session.';
/*!40101 SET character_set_client = @saved_cs_client */;

--
-- Dumping data for table `Divisions`
--

LOCK TABLES `Divisions` WRITE;
/*!40000 ALTER TABLE `Divisions` DISABLE KEYS */;
INSERT INTO `Divisions` VALUES 
  (1,'Other',11),
  (2,'Programming',1),
  (3,'Events',2),
  (4,'Exhibits',10),
  (5,'Hotel',13),
  (7,'Multimedia',4),
  (8,'Youth Services',6),
  (99,'Unspecified',12);
/*!40000 ALTER TABLE `Divisions` ENABLE KEYS */;
UNLOCK TABLES;

--
-- Table structure for table `EmailCC`
--

DROP TABLE IF EXISTS `EmailCC`;
/*!40101 SET @saved_cs_client     = @@character_set_client */;
/*!40101 SET character_set_client = utf8 */;
CREATE TABLE `EmailCC` (
  `emailccid` int(11) NOT NULL AUTO_INCREMENT,
  `description` varchar(50) DEFAULT NULL,
  `display_order` int(11) NOT NULL DEFAULT '0',
  `emailaddress` varchar(255) DEFAULT NULL,
  PRIMARY KEY (`emailccid`)
) ENGINE=InnoDB AUTO_INCREMENT=3 DEFAULT CHARSET=utf8 CHECKSUM=1 DELAY_KEY_WRITE=1 ROW_FORMAT=DYNAMIC;
/*!40101 SET character_set_client = @saved_cs_client */;

--
-- Dumping data for table `EmailCC`
--

LOCK TABLES `EmailCC` WRITE;
/*!40000 ALTER TABLE `EmailCC` DISABLE KEYS */;
INSERT INTO `EmailCC` VALUES (1,'None',1,NULL),(2,'Mike\'s spare address (foo@bar.com)',2,'foo@bar.com');
/*!40000 ALTER TABLE `EmailCC` ENABLE KEYS */;
UNLOCK TABLES;

--
-- Table structure for table `EmailFrom`
--

DROP TABLE IF EXISTS `EmailFrom`;
/*!40101 SET @saved_cs_client     = @@character_set_client */;
/*!40101 SET character_set_client = utf8 */;
CREATE TABLE `EmailFrom` (
  `emailfromid` int(11) NOT NULL AUTO_INCREMENT,
  `emailfromdescription` varchar(30) DEFAULT NULL,
  `display_order` int(11) NOT NULL DEFAULT '0',
  `emailfromaddress` varchar(255) DEFAULT NULL,
  PRIMARY KEY (`emailfromid`)
) ENGINE=InnoDB AUTO_INCREMENT=4 DEFAULT CHARSET=utf8 CHECKSUM=1 DELAY_KEY_WRITE=1 ROW_FORMAT=DYNAMIC;
/*!40101 SET character_set_client = @saved_cs_client */;

--
-- Dumping data for table `EmailFrom`
--

LOCK TABLES `EmailFrom` WRITE;
/*!40000 ALTER TABLE `EmailFrom` DISABLE KEYS */;
INSERT INTO `EmailFrom` VALUES (1,'Arisia Programming',2,'programming@arisia.org'),(2,'Arisia Events',3,'events@arisia.org'),(3,'Arisia Con Chair',4,'chair@arisia.org');
/*!40000 ALTER TABLE `EmailFrom` ENABLE KEYS */;
UNLOCK TABLES;

--
-- Table structure for table `EmailHistory`
--

DROP TABLE IF EXISTS `EmailHistory`;
/*!40101 SET @saved_cs_client     = @@character_set_client */;
/*!40101 SET character_set_client = utf8 */;
CREATE TABLE `EmailHistory` (
  `emailqueueid` int(11) NOT NULL AUTO_INCREMENT,
  `emailto` varchar(255) DEFAULT NULL,
  `emailfrom` varchar(255) DEFAULT NULL,
  `emailcc` varchar(255) DEFAULT NULL,
  `emailsubject` varchar(255) DEFAULT NULL,
  `status` int(11) NOT NULL,
  `emailtimestamp` timestamp NOT NULL DEFAULT CURRENT_TIMESTAMP,
  PRIMARY KEY (`emailqueueid`)
) ENGINE=InnoDB DEFAULT CHARSET=utf8;
/*!40101 SET character_set_client = @saved_cs_client */;


--
-- Table structure for table `EmailQueue`
--

DROP TABLE IF EXISTS `EmailQueue`;
/*!40101 SET @saved_cs_client     = @@character_set_client */;
/*!40101 SET character_set_client = utf8 */;
CREATE TABLE `EmailQueue` (
  `emailqueueid` int(11) NOT NULL AUTO_INCREMENT,
  `emailto` varchar(255) DEFAULT NULL,
  `emailfrom` varchar(255) DEFAULT NULL,
  `emailcc` varchar(255) DEFAULT NULL,
  `emailsubject` varchar(255) DEFAULT NULL,
  `body` text,
  `status` int(11) NOT NULL,
  `emailtimestamp` timestamp NOT NULL DEFAULT CURRENT_TIMESTAMP ON UPDATE CURRENT_TIMESTAMP,
  PRIMARY KEY (`emailqueueid`)
) ENGINE=InnoDB DEFAULT CHARSET=utf8;
/*!40101 SET character_set_client = @saved_cs_client */;

--
-- Dumping data for table `EmailQueue`
--

LOCK TABLES `EmailQueue` WRITE;
/*!40000 ALTER TABLE `EmailQueue` DISABLE KEYS */;
/*!40000 ALTER TABLE `EmailQueue` ENABLE KEYS */;
UNLOCK TABLES;

--
-- Table structure for table `EmailTo`
--

DROP TABLE IF EXISTS `EmailTo`;
/*!40101 SET @saved_cs_client     = @@character_set_client */;
/*!40101 SET character_set_client = utf8 */;
CREATE TABLE `EmailTo` (
  `emailtoid` int(11) NOT NULL AUTO_INCREMENT,
  `emailtodescription` varchar(75) DEFAULT NULL,
  `display_order` int(11) NOT NULL DEFAULT '0',
  `emailtoquery` text,
  PRIMARY KEY (`emailtoid`)
) ENGINE=InnoDB AUTO_INCREMENT=10 DEFAULT CHARSET=utf8 DELAY_KEY_WRITE=1 ROW_FORMAT=DYNAMIC;
/*!40101 SET character_set_client = @saved_cs_client */;

--
-- Dumping data for table `EmailTo`
--

LOCK TABLES `EmailTo` WRITE;
/*!40000 ALTER TABLE `EmailTo` DISABLE KEYS */;
INSERT INTO `EmailTo` VALUES (1,'Mike S., Peter O., Jaime G., Matt B., Dan F. & Ben L. for testing',10,'SELECT CD.badgeid, CD.firstname, CD.lastname, CD.email, P.pubsname, CD.badgename\r\nfrom CongoDump CD join Participants P using (badgeid)\r\nwhere P.badgeid in (\'53159\',\'4440\',\'94209\',\'4720\',\'5225\',\'93914\') order by badgeid;'),(2,'All Program Participants',1,'SELECT\r\n            CD.badgeid, CD.firstname, CD.lastname, CD.email, P.pubsname, CD.badgename\r\n    from\r\n            CongoDump CD join\r\n            Participants P using (badgeid) join\r\n            UserHasPermissionRole UHPR using (badgeid)\r\n    where\r\n            UHPR.permroleid=3'),(3,'Program Participants who are attending',2,'SELECT CD.badgeid, CD.firstname, CD.lastname, CD.email, P.pubsname, CD.badgename\r\nfrom CongoDump CD, Participants P , UserHasPermissionRole UHPR\r\nwhere CD.badgeid=P.badgeid and CD.badgeid=UHPR.badgeid and UHPR.permroleid=3\r\nand P.interested=1'),(4,'Attending participants willing to read own work',3,'SELECT\r\n        CD.badgeid,\r\n        CD.firstname,\r\n        CD.lastname,\r\n        CD.email,\r\n        P.pubsname,\r\n        CD.badgename\r\n    from\r\n        CongoDump CD\r\n            join\r\n        Participants P\r\n            using (badgeid)\r\n            join\r\n        UserHasPermissionRole UHPR\r\n            using (badgeid)\r\n            join\r\n        ParticipantHasRole\r\n            using (badgeid)\r\n    where\r\n        UHPR.permroleid=3 and\r\n        P.interested=1 and\r\n        roleid = 2\r\n    order by lastname;'),(5,'Participants who participated in programming',9,'SELECT CD.badgeid, CD.firstname, CD.lastname, CD.email, P.pubsname, CD.badgename,\r\n    P.interested\r\n  from CongoDump CD inner join Participants P on CD.badgeid=P.badgeid\r\n    and CD.email is not null and P.badgeid in\r\n (select distinct badgeid from ParticipantOnSession POS inner join Sessions S\r\n    on POS.sessionid = S.sessionid and S.statusid=3 and S.divisionid=2);'),(6,'Attending participants willing to do workshop',4,'SELECT DISTINCT\r\n        CD.badgeid,\r\n        CD.firstname,\r\n        CD.lastname,\r\n        CD.email,\r\n        P.pubsname,\r\n        CD.badgename\r\n    from\r\n        CongoDump CD\r\n            join\r\n        (select badgeid from ParticipantHasRole where roleid = 6\r\n             union\r\n             select badgeid from ParticipantInterests where yespanels!=\"\") WP\r\n            using (badgeid)\r\n            join\r\n        Participants P\r\n            using (badgeid)\r\n            join\r\n        UserHasPermissionRole UHPR\r\n            using (badgeid)\r\n    where\r\n        P.interested=1 and\r\n        UHPR.permroleid=3\r\n    order by lastname;'),(7,'Have not logged in or responded to \"interested\" query',7,'SELECT CD.badgeid, CD.firstname, CD.lastname, CD.email, P.pubsname, CD.badgename FROM CongoDump CD JOIN Participants P USING (badgeid) JOIN UserHasPermissionRole UHPR USING (badgeid) WHERE UHPR.permroleid=3 AND P.interested IS NULL ORDER BY IFNULL(CD.lastname,\'ZZZZZ\');'),(8,'Staff with insecure passwords',8,'SELECT CD.badgeid, CD.firstname, CD.lastname, CD.email, P.pubsname, CD.badgename\r\nFROM CongoDump CD JOIN Participants P USING (badgeid) JOIN UserHasPermissionRole UHPR USING (badgeid)\r\nwhere UHPR.permroleid = 2 AND P.password =\'4cb9c8a8048fd02294477fcb1a41191a\';'),(9,'Scheduled Program Participants who are moderators',5,'SELECT DISTINCT\r\n        CD.badgeid,\r\n        CD.firstname,\r\n        CD.lastname,\r\n        CD.email,\r\n        P.pubsname,\r\n        CD.badgename\r\n    FROM\r\n            CongoDump CD\r\n       JOIN Participants P USING (badgeid)\r\n       JOIN UserHasPermissionRole UHPR USING (badgeid)\r\n       JOIN ParticipantOnSession POS ON (CD.badgeid = POS.badgeid AND POS.moderator = 1)\r\n       JOIN `Schedule` SCH USING (sessionid)\r\n       JOIN Sessions S ON (SCH.sessionid = S.sessionid AND S.divisionid = 2)\r\n     WHERE\r\n        UHPR.permroleid = 3\r\n    ORDER BY CD.lastname;');
/*!40000 ALTER TABLE `EmailTo` ENABLE KEYS */;
UNLOCK TABLES;

--
-- Table structure for table `Features`
--

DROP TABLE IF EXISTS `Features`;
/*!40101 SET @saved_cs_client     = @@character_set_client */;
/*!40101 SET character_set_client = utf8 */;
CREATE TABLE `Features` (
  `featureid` int(11) NOT NULL AUTO_INCREMENT,
  `featurename` varchar(50) DEFAULT NULL,
  `display_order` int(11) DEFAULT NULL,
  PRIMARY KEY (`featureid`)
) ENGINE=InnoDB DEFAULT CHARSET=utf8 COMMENT='Configuration table.  Rooms and Sessions have multiple features.';
/*!40101 SET character_set_client = @saved_cs_client */;

--
-- Dumping data for table `Features`
--

LOCK TABLES `Features` WRITE;
/*!40000 ALTER TABLE `Features` DISABLE KEYS */;
INSERT INTO `Features` VALUES (1,'Power (110)',6),(2,'Power (special)',7),(3,'Internet',4),(4,'Cable TV',1),(5,'Fridge',3),(6,'Running Water',8),(7,'Window',12),(8,'Sound Isolation',10),(9,'Boardroom Table',2),(10,'Mirror',5),(11,'Toilet',11),(12,'Shower/Bath',9),(13,'Blackout Curtains',18);
/*!40000 ALTER TABLE `Features` ENABLE KEYS */;
UNLOCK TABLES;

--
-- Table structure for table `KidsCategories`
--

DROP TABLE IF EXISTS `KidsCategories`;
/*!40101 SET @saved_cs_client     = @@character_set_client */;
/*!40101 SET character_set_client = utf8 */;
CREATE TABLE `KidsCategories` (
  `kidscatid` int(11) NOT NULL AUTO_INCREMENT,
  `kidscatname` varchar(50) DEFAULT NULL,
  `display_order` int(11) DEFAULT NULL,
  PRIMARY KEY (`kidscatid`)
) ENGINE=InnoDB DEFAULT CHARSET=utf8 COMMENT='Configuration Table.  A KidsCategory is a property of a session.';
/*!40101 SET character_set_client = @saved_cs_client */;

--
-- Dumping data for table `KidsCategories`
--

LOCK TABLES `KidsCategories` WRITE;
/*!40000 ALTER TABLE `KidsCategories` DISABLE KEYS */;
INSERT INTO `KidsCategories` VALUES (1,'Targeted',1),(2,'Welcome',2),(3,'Only w/ Parent',3),(4,'Not Allowed',4);
/*!40000 ALTER TABLE `KidsCategories` ENABLE KEYS */;
UNLOCK TABLES;

--
-- Table structure for table `LanguageStatuses`
--

DROP TABLE IF EXISTS `LanguageStatuses`;
/*!40101 SET @saved_cs_client     = @@character_set_client */;
/*!40101 SET character_set_client = utf8 */;
CREATE TABLE `LanguageStatuses` (
  `languagestatusid` int(11) NOT NULL AUTO_INCREMENT,
  `languagestatusname` varchar(30) DEFAULT NULL,
  `display_order` int(11) DEFAULT NULL,
  PRIMARY KEY (`languagestatusid`)
) ENGINE=InnoDB AUTO_INCREMENT=4 DEFAULT CHARSET=utf8;
/*!40101 SET character_set_client = @saved_cs_client */;

--
-- Dumping data for table `LanguageStatuses`
--

LOCK TABLES `LanguageStatuses` WRITE;
/*!40000 ALTER TABLE `LanguageStatuses` DISABLE KEYS */;
INSERT INTO `LanguageStatuses` VALUES (1,'English',1),(2,'French',2),(3,'Bilingual',3);
/*!40000 ALTER TABLE `LanguageStatuses` ENABLE KEYS */;
UNLOCK TABLES;

--
-- Table structure for table `ParticipantAvailability`
--

DROP TABLE IF EXISTS `ParticipantAvailability`;
/*!40101 SET @saved_cs_client     = @@character_set_client */;
/*!40101 SET character_set_client = utf8 */;
CREATE TABLE `ParticipantAvailability` (
  `badgeid` varchar(15) NOT NULL DEFAULT '',
  `maxprog` int(11) DEFAULT NULL,
  `preventconflict` varchar(255) DEFAULT NULL,
  `otherconstraints` varchar(255) DEFAULT NULL,
  `numkidsfasttrack` int(11) DEFAULT NULL,
  PRIMARY KEY (`badgeid`),
  CONSTRAINT `ParticipantAvailability_ibfk_1` FOREIGN KEY (`badgeid`) REFERENCES `Participants` (`badgeid`)
) ENGINE=InnoDB DEFAULT CHARSET=utf8;
/*!40101 SET character_set_client = @saved_cs_client */;

--
-- Dumping data for table `ParticipantAvailability`
--

LOCK TABLES `ParticipantAvailability` WRITE;
/*!40000 ALTER TABLE `ParticipantAvailability` DISABLE KEYS */;
/*!40000 ALTER TABLE `ParticipantAvailability` ENABLE KEYS */;
UNLOCK TABLES;

--
-- Table structure for table `ParticipantAvailabilityDays`
--

DROP TABLE IF EXISTS `ParticipantAvailabilityDays`;
/*!40101 SET @saved_cs_client     = @@character_set_client */;
/*!40101 SET character_set_client = utf8 */;
CREATE TABLE `ParticipantAvailabilityDays` (
  `badgeid` varchar(15) NOT NULL,
  `day` smallint(6) NOT NULL,
  `maxprog` int(11) DEFAULT NULL,
  PRIMARY KEY (`badgeid`,`day`),
  CONSTRAINT `ParticipantAvailabilityDays_ibfk_1` FOREIGN KEY (`badgeid`) REFERENCES `Participants` (`badgeid`)
) ENGINE=InnoDB DEFAULT CHARSET=utf8;
/*!40101 SET character_set_client = @saved_cs_client */;

--
-- Dumping data for table `ParticipantAvailabilityDays`
--

LOCK TABLES `ParticipantAvailabilityDays` WRITE;
/*!40000 ALTER TABLE `ParticipantAvailabilityDays` DISABLE KEYS */;
/*!40000 ALTER TABLE `ParticipantAvailabilityDays` ENABLE KEYS */;
UNLOCK TABLES;

--
-- Table structure for table `ParticipantAvailabilityTimes`
--

DROP TABLE IF EXISTS `ParticipantAvailabilityTimes`;
/*!40101 SET @saved_cs_client     = @@character_set_client */;
/*!40101 SET character_set_client = utf8 */;
CREATE TABLE `ParticipantAvailabilityTimes` (
  `badgeid` varchar(15) NOT NULL DEFAULT '',
  `availabilitynum` int(11) NOT NULL DEFAULT '0',
  `starttime` time DEFAULT NULL,
  `endtime` time DEFAULT NULL,
  PRIMARY KEY (`badgeid`,`availabilitynum`),
  CONSTRAINT `ParticipantAvailabilityTimes_ibfk_1` FOREIGN KEY (`badgeid`) REFERENCES `Participants` (`badgeid`)
) ENGINE=InnoDB DEFAULT CHARSET=utf8;
/*!40101 SET character_set_client = @saved_cs_client */;

--
-- Dumping data for table `ParticipantAvailabilityTimes`
--

LOCK TABLES `ParticipantAvailabilityTimes` WRITE;
/*!40000 ALTER TABLE `ParticipantAvailabilityTimes` DISABLE KEYS */;
/*!40000 ALTER TABLE `ParticipantAvailabilityTimes` ENABLE KEYS */;
UNLOCK TABLES;

--
-- Table structure for table `ParticipantHasCredential`
--

DROP TABLE IF EXISTS `ParticipantHasCredential`;
/*!40101 SET @saved_cs_client     = @@character_set_client */;
/*!40101 SET character_set_client = utf8 */;
CREATE TABLE `ParticipantHasCredential` (
  `badgeid` varchar(15) NOT NULL,
  `credentialid` int(11) NOT NULL,
  PRIMARY KEY (`badgeid`,`credentialid`),
  KEY `phcfk2` (`credentialid`),
  CONSTRAINT `phcfk1` FOREIGN KEY (`badgeid`) REFERENCES `Participants` (`badgeid`),
  CONSTRAINT `phcfk2` FOREIGN KEY (`credentialid`) REFERENCES `Credentials` (`credentialid`)
) ENGINE=InnoDB DEFAULT CHARSET=utf8;
/*!40101 SET character_set_client = @saved_cs_client */;

--
-- Dumping data for table `ParticipantHasCredential`
--

LOCK TABLES `ParticipantHasCredential` WRITE;
/*!40000 ALTER TABLE `ParticipantHasCredential` DISABLE KEYS */;
/*!40000 ALTER TABLE `ParticipantHasCredential` ENABLE KEYS */;
UNLOCK TABLES;

--
-- Table structure for table `ParticipantHasRole`
--

DROP TABLE IF EXISTS `ParticipantHasRole`;
/*!40101 SET @saved_cs_client     = @@character_set_client */;
/*!40101 SET character_set_client = utf8 */;
CREATE TABLE `ParticipantHasRole` (
  `badgeid` varchar(15) NOT NULL DEFAULT '',
  `roleid` int(11) NOT NULL DEFAULT '0',
  PRIMARY KEY (`badgeid`,`roleid`),
  KEY `roleid` (`roleid`),
  CONSTRAINT `ParticipantHasRole_ibfk_1` FOREIGN KEY (`badgeid`) REFERENCES `Participants` (`badgeid`),
  CONSTRAINT `ParticipantHasRole_ibfk_2` FOREIGN KEY (`roleid`) REFERENCES `Roles` (`roleid`)
) ENGINE=InnoDB DEFAULT CHARSET=utf8;
/*!40101 SET character_set_client = @saved_cs_client */;

--
-- Dumping data for table `ParticipantHasRole`
--

LOCK TABLES `ParticipantHasRole` WRITE;
/*!40000 ALTER TABLE `ParticipantHasRole` DISABLE KEYS */;
/*!40000 ALTER TABLE `ParticipantHasRole` ENABLE KEYS */;
UNLOCK TABLES;

--
-- Table structure for table `ParticipantInterests`
--

DROP TABLE IF EXISTS `ParticipantInterests`;
/*!40101 SET @saved_cs_client     = @@character_set_client */;
/*!40101 SET character_set_client = utf8 */;
CREATE TABLE `ParticipantInterests` (
  `badgeid` varchar(15) NOT NULL DEFAULT '',
  `yespanels` text,
  `nopanels` text,
  `yespeople` text,
  `nopeople` text,
  `otherroles` text,
  PRIMARY KEY (`badgeid`),
  CONSTRAINT `ParticipantInterests_ibfk_1` FOREIGN KEY (`badgeid`) REFERENCES `Participants` (`badgeid`)
) ENGINE=InnoDB DEFAULT CHARSET=utf8;
/*!40101 SET character_set_client = @saved_cs_client */;

--
-- Dumping data for table `ParticipantInterests`
--

LOCK TABLES `ParticipantInterests` WRITE;
/*!40000 ALTER TABLE `ParticipantInterests` DISABLE KEYS */;
/*!40000 ALTER TABLE `ParticipantInterests` ENABLE KEYS */;
UNLOCK TABLES;

--
-- Table structure for table `ParticipantOnSession`
--

DROP TABLE IF EXISTS `ParticipantOnSession`;
/*!40101 SET @saved_cs_client     = @@character_set_client */;
/*!40101 SET character_set_client = utf8 */;
CREATE TABLE `ParticipantOnSession` (
  `participantonsessionid` int(11) NOT NULL AUTO_INCREMENT,
  `badgeid` varchar(15) NOT NULL DEFAULT '',
  `sessionid` int(11) NOT NULL DEFAULT '0',
  `moderator` tinyint(4) DEFAULT '0',
  PRIMARY KEY (`participantonsessionid`),
  UNIQUE KEY `uniqueness` (`badgeid`,`sessionid`),
  KEY `sessionid` (`sessionid`),
  CONSTRAINT `ParticipantOnSession_ibfk_1` FOREIGN KEY (`badgeid`) REFERENCES `Participants` (`badgeid`),
  CONSTRAINT `ParticipantOnSession_ibfk_2` FOREIGN KEY (`sessionid`) REFERENCES `Sessions` (`sessionid`)
) ENGINE=InnoDB AUTO_INCREMENT=2 DEFAULT CHARSET=utf8 ROW_FORMAT=DYNAMIC COMMENT='Participant info captured by Zambia.  Set by staff.';
/*!40101 SET character_set_client = @saved_cs_client */;

--
-- Dumping data for table `ParticipantOnSession`
--

LOCK TABLES `ParticipantOnSession` WRITE;
/*!40000 ALTER TABLE `ParticipantOnSession` DISABLE KEYS */;
/*!40000 ALTER TABLE `ParticipantOnSession` ENABLE KEYS */;
UNLOCK TABLES;

DELIMITER //
CREATE TRIGGER POS_insert_trig AFTER INSERT ON ParticipantOnSession FOR EACH ROW
    IF (
        SELECT count(*) FROM ParticipantOnSession
            WHERE sessionid = NEW.sessionid AND moderator = 1)
        > 1 THEN
        SIGNAL sqlstate '45000' SET MESSAGE_TEXT = 'Attempted to insert more than one record with moderator = 1 for a single session into ParticipantOnSession.';
    END IF;
//
DELIMITER ;

-- Dump of table ParticipantOnSessionHistory

DROP TABLE IF EXISTS `ParticipantOnSessionHistory`;

CREATE TABLE `ParticipantOnSessionHistory` (
  `participantonsessionhistoryid` int(11) NOT NULL AUTO_INCREMENT,
  `badgeid` varchar(15) NOT NULL DEFAULT '',
  `sessionid` int(11) NOT NULL DEFAULT '0',
  `moderator` tinyint(4) NOT NULL DEFAULT '0',
  `participantonsessionid` int(11) DEFAULT NULL,
  `createdts` timestamp NOT NULL DEFAULT CURRENT_TIMESTAMP,
  `createdbybadgeid` varchar(15) NOT NULL DEFAULT '',
  `inactivatedts` timestamp NULL DEFAULT NULL,
  `inactivatedbybadgeid` varchar(15) DEFAULT NULL,
  PRIMARY KEY (`participantonsessionhistoryid`),
  KEY `badgeid` (`badgeid`),
  KEY `sessionid` (`sessionid`),
  KEY `ParticipantOnSessionHistory_ibfk_3` (`createdbybadgeid`),
  KEY `ParticipantOnSessionHistory_ibfk_4` (`inactivatedbybadgeid`),
  CONSTRAINT `ParticipantOnSessionHistory_ibfk_1` FOREIGN KEY (`badgeid`) REFERENCES `Participants` (`badgeid`),
  CONSTRAINT `ParticipantOnSessionHistory_ibfk_2` FOREIGN KEY (`sessionid`) REFERENCES `Sessions` (`sessionid`),
  CONSTRAINT `ParticipantOnSessionHistory_ibfk_3` FOREIGN KEY (`createdbybadgeid`) REFERENCES `Participants` (`badgeid`),
  CONSTRAINT `ParticipantOnSessionHistory_ibfk_4` FOREIGN KEY (`inactivatedbybadgeid`) REFERENCES `Participants` (`badgeid`)
) ENGINE=InnoDB AUTO_INCREMENT=2 DEFAULT CHARSET=utf8;

DELIMITER ;;
/*!50003 SET SESSION SQL_MODE="NO_AUTO_VALUE_ON_ZERO" */;;
/*!50003 CREATE */ /*!50003 TRIGGER `POSH_insert_trig` BEFORE INSERT ON `ParticipantOnSessionHistory` FOR EACH ROW BEGIN
        IF NEW.inactivatedts IS NOT NULL OR NEW.inactivatedbybadgeid IS NOT NULL THEN
            SIGNAL sqlstate '45000' SET MESSAGE_TEXT = 'Insert table ParticipantOnSessionHistory with non null inactivated... field.';
        END IF;
        INSERT INTO ParticipantOnSession (badgeid, sessionid, moderator)
            VALUES (NEW.badgeid, NEW.sessionid, NEW.moderator);
    END */;;
/*!50003 SET SESSION SQL_MODE="NO_AUTO_VALUE_ON_ZERO" */;;
/*!50003 CREATE */ /*!50003 TRIGGER `POSH_update_trig` BEFORE UPDATE ON `ParticipantOnSessionHistory` FOR EACH ROW BEGIN
        IF NEW.inactivatedts IS NULL OR NEW.inactivatedbybadgeid IS NULL THEN
            SIGNAL sqlstate '45000' SET message_text = 'Update table ParticipantOnSessionHistory with null inactivated... field.';
        END IF;
        IF OLD.inactivatedts IS NOT NULL OR OLD.inactivatedbybadgeid IS NOT NULL THEN
            SIGNAL sqlstate '45000' SET message_text = 'Update table ParticipantOnSessionHistory when record previously inactivated.';
        END IF;
        IF NOT(NEW.participantonsessionhistoryid <=> OLD.participantonsessionhistoryid) OR
            NOT(NEW.badgeid <=> OLD.badgeid) OR
            NOT(NEW.sessionid <=> OLD.sessionid) OR
            NOT(NEW.moderator <=> OLD.moderator) OR
            NOT(NEW.createdts <=> OLD.createdts) OR
            NOT(NEW.createdbybadgeid <=> OLD.createdbybadgeid) THEN
            SIGNAL sqlstate '45000' SET message_text = 'Update field other than inactivated... in table ParticipantOnSessionHistory.';
        END IF;
        DELETE FROM ParticipantOnSession
            WHERE
                    badgeid = OLD.badgeid
                AND sessionid = OLD.sessionid
                AND moderator = OLD.moderator;
    END */;;
/*!50003 SET SESSION SQL_MODE="NO_AUTO_VALUE_ON_ZERO" */;;
/*!50003 CREATE */ /*!50003 TRIGGER `POSH_delete_trig` BEFORE DELETE ON `ParticipantOnSessionHistory` FOR EACH ROW SIGNAL sqlstate '45000' SET MESSAGE_TEXT = 'May only insert and update table ParticipantOnSessionHistory.' */;;
DELIMITER ;

--
-- Table structure for table ParticipantPasswordResetRequests
--

DROP TABLE IF EXISTS ParticipantPasswordResetRequests;

CREATE TABLE ParticipantPasswordResetRequests (
    badgeidentered varchar(15) NOT NULL DEFAULT '' COMMENT 'Not necessarily a valid badgeid, so no Foreign Key',
    email varchar(255) NOT NULL DEFAULT '',
    ipaddress varchar(225) NOT NULL DEFAULT '',
    creationdatetime datetime NOT NULL DEFAULT CURRENT_TIMESTAMP,
    expirationdatetime datetime NOT NULL DEFAULT CURRENT_TIMESTAMP,
    selector char(16) NOT NULL DEFAULT '',
    token char(64) NOT NULL DEFAULT '',
    cancelled tinyint(1) NOT NULL DEFAULT '0',
    PRIMARY KEY (badgeidentered, creationdatetime),
    UNIQUE KEY PPRR_selector (selector)
) ENGINE=InnoDB DEFAULT CHARSET=utf8;

--
-- Table structure for table `ParticipantSessionInterest`
--

DROP TABLE IF EXISTS `ParticipantSessionInterest`;
/*!40101 SET @saved_cs_client     = @@character_set_client */;
/*!40101 SET character_set_client = utf8 */;
CREATE TABLE `ParticipantSessionInterest` (
  `badgeid` varchar(15) NOT NULL DEFAULT '',
  `sessionid` int(11) NOT NULL DEFAULT '0',
  `rank` int(11) DEFAULT NULL,
  `willmoderate` tinyint(1) DEFAULT NULL,
  `comments` text,
  PRIMARY KEY (`badgeid`,`sessionid`),
  KEY `sessionid` (`sessionid`),
  CONSTRAINT `ParticipantSessionInterest_ibfk_1` FOREIGN KEY (`badgeid`) REFERENCES `Participants` (`badgeid`),
  CONSTRAINT `ParticipantSessionInterest_ibfk_2` FOREIGN KEY (`sessionid`) REFERENCES `Sessions` (`sessionid`),
  CONSTRAINT `ParticipantSessionInterest_ibfk_3` FOREIGN KEY (`badgeid`) REFERENCES `Participants` (`badgeid`),
  CONSTRAINT `ParticipantSessionInterest_ibfk_4` FOREIGN KEY (`sessionid`) REFERENCES `Sessions` (`sessionid`)
) ENGINE=InnoDB DEFAULT CHARSET=utf8;
/*!40101 SET character_set_client = @saved_cs_client */;

--
-- Dumping data for table `ParticipantSessionInterest`
--

LOCK TABLES `ParticipantSessionInterest` WRITE;
/*!40000 ALTER TABLE `ParticipantSessionInterest` DISABLE KEYS */;
/*!40000 ALTER TABLE `ParticipantSessionInterest` ENABLE KEYS */;
UNLOCK TABLES;

--
-- Table structure for table `ParticipantSuggestions`
--

DROP TABLE IF EXISTS `ParticipantSuggestions`;
/*!40101 SET @saved_cs_client     = @@character_set_client */;
/*!40101 SET character_set_client = utf8 */;
CREATE TABLE `ParticipantSuggestions` (
  `badgeid` varchar(15) NOT NULL DEFAULT '',
  `paneltopics` text,
  `otherideas` text,
  `suggestedguests` text,
  PRIMARY KEY (`badgeid`),
  CONSTRAINT `ParticipantSuggestions_ibfk_1` FOREIGN KEY (`badgeid`) REFERENCES `Participants` (`badgeid`)
) ENGINE=InnoDB DEFAULT CHARSET=utf8;
/*!40101 SET character_set_client = @saved_cs_client */;

--
-- Dumping data for table `ParticipantSuggestions`
--

LOCK TABLES `ParticipantSuggestions` WRITE;
/*!40000 ALTER TABLE `ParticipantSuggestions` DISABLE KEYS */;
/*!40000 ALTER TABLE `ParticipantSuggestions` ENABLE KEYS */;
UNLOCK TABLES;

--
-- Table structure for table `Participants`
--

DROP TABLE IF EXISTS `Participants`;
/*!40101 SET @saved_cs_client     = @@character_set_client */;
/*!40101 SET character_set_client = utf8 */;
CREATE TABLE `Participants` (
  `badgeid` varchar(15) NOT NULL DEFAULT '',
  `password` varchar(255) DEFAULT NULL,
  `bestway` varchar(12) DEFAULT NULL,
  `interested` tinyint(1) DEFAULT NULL,
  `bio` text,
  `htmlbio` text,
  `pubsname` varchar(50) DEFAULT NULL,
  `uploadedphotofilename` varchar(64) DEFAULT NULL,
  `approvedphotofilename` varchar(64) DEFAULT NULL,
  `photodenialreasonothertext` varchar(512) DEFAULT NULL,
  `photodenialreasonid` int(11) DEFAULT NULL,
  `photouploadstatus` INT(11) DEFAULT NULL,
  `share_email` tinyint(1) DEFAULT '1',
  `staff_notes` text,
  `use_photo` tinyint(1) DEFAULT NULL,
  `data_retention` tinyint(1) NOT NULL DEFAULT '0',
  PRIMARY KEY (`badgeid`),
  CONSTRAINT `Participants_photodeny` FOREIGN KEY (`photodenialreasonid`) REFERENCES `PhotoDenialReasons` (`photodenialreasonid`),
  CONSTRAINT `participantphotostatus_fk` FOREIGN KEY (`photouploadstatus`) REFERENCES `PhotoUploadStatus` (`photouploadstatus`)
) ENGINE=InnoDB DEFAULT CHARSET=utf8;
/*!40101 SET character_set_client = @saved_cs_client */;

--
-- Dumping data for table `Participants`
--

LOCK TABLES `Participants` WRITE;
/*!40000 ALTER TABLE `Participants` DISABLE KEYS */;
/*!40000 ALTER TABLE `Participants` ENABLE KEYS */;
UNLOCK TABLES;


--
-- Table structure for table `ParticipantSurveyAnswers`
--

DROP TABLE IF EXISTS `ParticipantSurveyAnswers`;
/*!40101 SET @saved_cs_client     = @@character_set_client */;
/*!40101 SET character_set_client = utf8 */;
CREATE TABLE `ParticipantSurveyAnswers` (
  `participantid` varchar(15) NOT NULL,
  `questionid` int(11) NOT NULL,
  `privacy_setting` tinyint(1) NOT NULL DEFAULT '0',
  `value` varchar(8192),
  `othertext` varchar(512),
  `lastupdate` timestamp NOT NULL DEFAULT CURRENT_TIMESTAMP ON UPDATE CURRENT_TIMESTAMP,
  `updatedby` varchar(15) NOT NULL,
  PRIMARY KEY (`participantid`, `questionid`),
  FOREIGN KEY (`participantid`) REFERENCES `Participants` (`badgeid`) ON DELETE CASCADE,
  FOREIGN KEY (`questionid`) REFERENCES `SurveyQuestionConfig` (`questionid`) ON DELETE CASCADE
) ENGINE=InnoDB DEFAULT CHARSET=utf8 ROW_FORMAT=DYNAMIC COMMENT='Participant Survey Info.';
/*!40101 SET character_set_client = @saved_cs_client */;


--
-- Table structure for table `PatchLog`
--

DROP TABLE IF EXISTS `PatchLog`;
/*!40101 SET @saved_cs_client     = @@character_set_client */;
/*!40101 SET character_set_client = utf8 */;
CREATE TABLE `PatchLog` (
  `patchname` varchar(40) DEFAULT NULL,
  `timestamp` timestamp NOT NULL DEFAULT CURRENT_TIMESTAMP
) ENGINE=InnoDB DEFAULT CHARSET=utf8 ROW_FORMAT=DYNAMIC;
/*!40101 SET character_set_client = @saved_cs_client */;

--
-- Dumping data for table `PatchLog`
--

LOCK TABLES `PatchLog` WRITE;
/*!40000 ALTER TABLE `PatchLog` DISABLE KEYS */;
INSERT INTO `PatchLog` (patchname) VALUES
    ('01_addpermtables.sql'),
    ('02_pubstats.sql'),
    ('03_pubstat_constraints.sql'),
    ('04_divinfo.sql'),
    ('05_PermissionAtoms_update.sql'),
    ('06_some_participant_perms.sql'),
    ('07_participant_write_perms.sql'),
    ('08_add_brainstorm.sql'),
    ('09_session_history.sql'),
    ('10_brainstorm_search_session.sql'),
    ('10_types.sql'),
    ('11_perm_bug.sql'),
    ('12_patchlog.sql'),
    ('13_part_avail_mon.sql'),
    ('14_interested_table.sql'),
    ('15_public_user.sql'),
    ('16_fix_charset.sql'),
    ('17_partavailnull.sql'),
    ('18_editbioperms.sql'),
    ('19_partavail.sql'),
    ('20_bilingual.sql'),
    ('21_more_bios.sql'),
    ('22_validate_session.sql'),
    ('29_email_queue.sql'),
    ('30_congodump_address.sql'),
    ('31_session_edit_history.sql'),
    ('32_import_sessions.sql'),
    ('33_import_participant_bios.sql'),
    ('34_share_email.sql'),
    ('35_staff_notes.sql'),
    ('39_times.sql'),
    ('40_custom_text.sql'),
    ('41_credentials.sql'),
    ('42_report_engine_schema.sql'),
    ('43_configure_rooms.sql'),
    ('44_participant_on_session_history.sql'),
    ('45_drop_report_tables.sql'),
    ('46_new_report_permissions.sql'),
    ('47_tags.sql'),
    ('48_password_reset_optional.sql'),
    ('49_phases.sql'),
    ('50_password_reset_self.sql'),
    ('51_admin_phases.sql'),
    ('52_password_security.sql'),
    ('53_data_retention.sql'),
    ('54_survey.sql'),
    ('55_record_history.sql'),
    ('56_html_bio.sql'),
    ('57_create_user_permission.sql'),
    ('58_roomhasset_key.sql'),
    ('59_config_edit_tables.sql'),
    ('60_photos.sql'),
    ('61_staff_overview_ct.sql'),
    ('62_import_session_html.sql'),
    ('63_add_permission.sql');
/*!40000 ALTER TABLE `PatchLog` ENABLE KEYS */;
UNLOCK TABLES;

--
-- Table structure for table `PermissionAtoms`
--

DROP TABLE IF EXISTS `PermissionAtoms`;
/*!40101 SET @saved_cs_client     = @@character_set_client */;
/*!40101 SET character_set_client = utf8 */;
CREATE TABLE `PermissionAtoms` (
  `permatomid` int(11) NOT NULL AUTO_INCREMENT,
  `permatomtag` varchar(32) NOT NULL DEFAULT '',
  `elementid` int(11) DEFAULT NULL,
  `page` varchar(30) DEFAULT NULL,
  `notes` text,
  PRIMARY KEY (`permatomid`),
  UNIQUE KEY `taginx` (`permatomtag`,`elementid`)
) ENGINE=InnoDB AUTO_INCREMENT=16 DEFAULT CHARSET=utf8;
/*!40101 SET character_set_client = @saved_cs_client */;

--
-- Dumping data for table `PermissionAtoms`
--

LOCK TABLES `PermissionAtoms` WRITE;
/*!40000 ALTER TABLE `PermissionAtoms` DISABLE KEYS */;
INSERT INTO `PermissionAtoms` (permatomid, permatomtag, elementid, page, notes) VALUES
    (1,'Staff',NULL,'renderWelcome','Enables staff menu link'),
    (2,'Administrator',NULL,'many','Reconfigure reports + ???'),
    (3,'Participant',NULL,'many','Login as Participant'),
    (4,'EditBio',NULL,'renderMyContact','Allow write to biography on my contact page'),
    (5,'my_availability',NULL,'ParticipantHeader','Enables menu option throughout participant section and enables page.'),
    (6,'search_panels',NULL,'ParticipantHeader','Enables menu option throughout participant section and enables page.'),
    (7,'my_panel_interests',NULL,'ParticipantHeader','Enables menu option throughout participant section and enables page.'),
    (8,'my_schedule',NULL,'ParticipantHeader','Enables menu option throughout participant section and enables page.'),
    (9,'my_suggestions_write',NULL,'MySuggestions','Enables write access to the form elements on the page MySuggestions.'),
    (10,'my_gen_int_write',NULL,'MyGeneralInterests','Enables write access to the form elements on the page My General Interests'),
    (11,'BrainstormSubmit',NULL,'EditCreateSession','Brainstorm user can create session'),
    (12,'BS_sear_sess',NULL,'SearchSessions','Brainstorm user can view sessions'),
    (13,'public_login',NULL,'Login','Brainstorm user can log in'),
    (14,'SendEmail',NULL,'StaffManageParticipants','Access to Send email set of pages'),
    (15,'postcon',NULL,'renderWelcome','Forces participant welcome page to display only post con message.'),
    (16,'EditSesNtsAsgnPartPg',NULL,'StaffAssignParticipants','Edit «Notes for Program Staff» on «Assign Participants» page.'),
    (17,'ConfigureReports',NULL,'ConfigureReports','Enable menu option'),
    (18,'ResetUserPassword',NULL,'AdminParticipants','No one needs this permission once password overhaul is implemented and system has email integration.'),
    (19,'AdminPhases',NULL,'AdminPhases','Change phase of Zambia use, allowing which sections are current.'),
    (20,'CreateUser',NULL,'CreateUser','Manually create user.'),
    (21,'EditUserPermRoles',NULL,'Admin Participants','Control all user permission roles. Also used on create user page.'),
    (22,'EditUserPermRoles',3,'Admin Participants','Control participant user permission role only. Also used on create user page.'),
    (23,'EditUserPermRoles',2,'Admin Participants','Control staff user permission role only. Also used on create user page.'),
    (2000, 'ce_BioEditStatuses', NULL, 'Edit Configuration Tables', 'enables edit'),
    (2001, 'ce_Credentials', NULL, 'Edit Configuration Tables', 'enables edit'),
    (2002, 'ce_Roles', NULL, 'Edit Configuration Tables', 'enables edit'),
    (2003, 'ce_KidsCategories', NULL, 'Edit Configuration Tables', 'enables edit'),
    (2004, 'ce_LanguageStatuses', NULL, 'Edit Configuration Tables', 'enables edit'),
    (2005, 'ce_PubStatuses', NULL, 'Edit Configuration Tables', 'enables edit'),
    (2006, 'ce_SessionStatuses', NULL, 'Edit Configuration Tables', 'enables edit'),
    (2007, 'ce_Divisions', NULL, 'Edit Configuration Tables', 'enables edit'),
    (2008, 'ce_RegTypes', NULL, 'Edit Configuration Tables', 'enables edit'),
    (2009, 'ce_Tags', NULL, 'Edit Configuration Tables', 'enables edit'),
    (2010, 'ce_Times', NULL, 'Edit Configuration Tables', 'enables edit'),
    (2011, 'ce_Tracks', NULL, 'Edit Configuration Tables', 'enables edit'),
    (2012, 'ce_Types', NULL, 'Edit Configuration Tables', 'enables edit'),
    (2013, 'ce_Rooms', NULL, 'Edit Configuration Tables', 'enables edit'),
    (2014, 'ce_RoomSets', NULL, 'Edit Configuration Tables', 'enables edit'),
    (2015, 'ce_RoomHasSet', NULL, 'Edit Configuration Tables', 'enables edit'),
    (2016, 'ce_Features', NULL, 'Edit Configuration Tables', 'enables edit'),
    (2017, 'ce_Services', NULL, 'Edit Configuration Tables', 'enables edit'),
    (2018, 'ce_EmailFrom', NULL, 'Edit Configuration Tables', 'enables edit'),
    (2019, 'ce_EmailTo', NULL, 'Edit Configuration Tables', 'enables edit'),
    (2020, 'ce_EmailCC', NULL, 'Edit Configuration Tables', 'enables edit'),
    (2021, 'ce_PhotoDenialReasons', NULL, 'Edit Configuration Tables', 'enables edit'),
    (2022, 'AdminPhotos', NULL, 'Administer Photos', 'approve/deny photos');
/*!40000 ALTER TABLE `PermissionAtoms` ENABLE KEYS */;
UNLOCK TABLES;

--
-- Table structure for table `PermissionRoles`
--

DROP TABLE IF EXISTS `PermissionRoles`;
/*!40101 SET @saved_cs_client     = @@character_set_client */;
/*!40101 SET character_set_client = utf8 */;
CREATE TABLE `PermissionRoles` (
  `permroleid` int(11) NOT NULL AUTO_INCREMENT,
  `permrolename` varchar(100) DEFAULT NULL,
  `notes` text,
  `display_order` int(11),
  PRIMARY KEY (`permroleid`)
) ENGINE=InnoDB DEFAULT CHARSET=utf8 ROW_FORMAT=DYNAMIC COMMENT='Configuration info.';
/*!40101 SET character_set_client = @saved_cs_client */;

--
-- Dumping data for table `PermissionRoles`
--

LOCK TABLES `PermissionRoles` WRITE;
/*!40000 ALTER TABLE `PermissionRoles` DISABLE KEYS */;
INSERT INTO `PermissionRoles` VALUES
    (1,'Administrator','Reconfigure reports + ???', 10),
    (2,'Staff','Can access staff pages', 30),
    (3,'Program Participant','Login as Participant', 40),
    (4,'Brainstorm','Use for Brainstorm pages', 50),
    (5,'Event Participant','Can\'t even log in.  Just for bulk email.', 60),
    (6,'Event Organizer','Can\'t even log in.  Just for bulk email.', 70),
    (7,'Children\'s Services Participant','Can\'t even log in.  Just for bulk email.', 80),
    (8,'GOH','Can\'t even log in.  Just for reports.', 90),
    (9,'LARP','Can log in. Work\'s on LARP, but is not "Organizer"', 100),
    (10,'LARP Organizer','LARP Organizer', 110),
    (11,'Tabletop','Tabletop game runner or teacher', 120),
    (12,'Senior Staff','Can send email from Zambia', 20);
/*!40000 ALTER TABLE `PermissionRoles` ENABLE KEYS */;
UNLOCK TABLES;

--
-- Table structure for table `Permissions`
--

DROP TABLE IF EXISTS `Permissions`;
/*!40101 SET @saved_cs_client     = @@character_set_client */;
/*!40101 SET character_set_client = utf8 */;
CREATE TABLE `Permissions` (
  `permissionid` int(11) NOT NULL AUTO_INCREMENT,
  `permatomid` int(11) NOT NULL DEFAULT '0',
  `phaseid` int(11) DEFAULT '0' COMMENT 'null indicates all phases',
  `permroleid` int(11) DEFAULT '0' COMMENT 'null indicates not applicable',
  `badgeid` int(11) DEFAULT '0' COMMENT 'null indicates not applicable',
  PRIMARY KEY (`permissionid`),
  UNIQUE KEY `unique1` (`permatomid`,`phaseid`,`permroleid`,`badgeid`),
  KEY `FK_Permissions` (`phaseid`),
  KEY `FK_PRoles` (`permroleid`),
  CONSTRAINT `Permissions_ibfk_1` FOREIGN KEY (`permatomid`) REFERENCES `PermissionAtoms` (`permatomid`),
  CONSTRAINT `Permissions_ibfk_2` FOREIGN KEY (`phaseid`) REFERENCES `Phases` (`phaseid`),
  CONSTRAINT `Permissions_ibfk_3` FOREIGN KEY (`permroleid`) REFERENCES `PermissionRoles` (`permroleid`)
) ENGINE=InnoDB DEFAULT CHARSET=utf8 ROW_FORMAT=DYNAMIC COMMENT='Configuration info.';
/*!40101 SET character_set_client = @saved_cs_client */;

--
-- Dumping data for table `Permissions`
--

LOCK TABLES `Permissions` WRITE;
/*!40000 ALTER TABLE `Permissions` DISABLE KEYS */;
INSERT INTO Permissions 
    (permatomid, phaseid, permroleid, badgeid)
    VALUES
    (3, 1, 3, NULL),
    (4, 2, 3, NULL),
    (5, 3, 3, NULL),
    (10, 3, 3, NULL),
    (9, 6, 3, NULL),
    (6, 4, 3, NULL),
    (7, 4, 3, NULL),
    (8, 5, 3, NULL),
    (11, 7, 3, NULL),
    (12, 7, 3, NULL),
    (15, 8, 3, NULL),
    (3, 1, 2, NULL),
    (4, 2, 2, NULL),
    (5, 3, 2, NULL),
    (10, 3, 2, NULL),
    (9, 6, 2, NULL),
    (6, 4, 2, NULL),
    (7, 4, 2, NULL),
    (8, 5, 2, NULL),
    (11, 7, 2, NULL),
    (12, 7, 2, NULL),
    (15, 8, 2, NULL),
    (3, 1, 1, NULL),
    (4, 2, 1, NULL),
    (5, 3, 1, NULL),
    (10, 3, 1, NULL),
    (9, 6, 1, NULL),
    (6, 4, 1, NULL),
    (7, 4, 1, NULL),
    (8, 5, 1, NULL),
    (11, 7, 1, NULL),
    (12, 7, 1, NULL),
    (15, 8, 1, NULL),
    (3, 1, 12, NULL),
    (4, 2, 12, NULL),
    (5, 3, 12, NULL),
    (10, 3, 12, NULL),
    (9, 6, 12, NULL),
    (6, 4, 12, NULL),
    (7, 4, 12, NULL),
    (8, 5, 12, NULL),
    (11, 7, 12, NULL),
    (12, 7, 12, NULL),
    (15, 8, 12, NULL),
    (11, 7, 4, NULL),
    (12, 7, 4, NULL),
    (13, 7, 4, NULL),
    (1, NULL, 2, NULL),
    (2, NULL, 1, NULL),
    (16, NULL, 2, NULL),
    (18, NULL, 2, NULL),
    (1, NULL, 1, NULL),
    (16, NULL, 1, NULL),
    (18, NULL, 1, NULL),
    (1, NULL, 12, NULL),
    (16, NULL, 12, NULL),
    (18, NULL, 12, NULL),
    (14, NULL, 12, NULL),
    (14, NULL, 1, NULL),
    (17, NULL, 1, NULL),
    (19, NULL, 1, NULL),
    (20, NULL, 1, NULL),
    (20, NULL, 12, NULL),
    (21, NULL, 1, NULL),
    (22, NULL, 12, NULL),
    (23, NULL, 12, NULL),
    (2001, NULL, 1, NULL),
    (2002, NULL, 1, NULL),
    (2003, NULL, 1, NULL),
    (2004, NULL, 1, NULL),
    (2005, NULL, 1, NULL),
    (2006, NULL, 1, NULL),
    (2007, NULL, 1, NULL),
    (2008, NULL, 1, NULL),
    (2009, NULL, 1, NULL),
    (2010, NULL, 1, NULL),
    (2011, NULL, 1, NULL),
    (2012, NULL, 1, NULL),
    (2013, NULL, 1, NULL),
    (2014, NULL, 1, NULL),
    (2015, NULL, 1, NULL),
    (2016, NULL, 1, NULL),
    (2017, NULL, 1, NULL),
    (2018, NULL, 1, NULL),
    (2019, NULL, 1, NULL),
    (2020, NULL, 1, NULL),
    (2021, NULL, 1, NULL),
    (2022, NULL, 1, NULL),
    (2022, NULL, 12, NULL);
/*!40000 ALTER TABLE `Permissions` ENABLE KEYS */;
UNLOCK TABLES;

DROP TABLE IF EXISTS `Phases`;
CREATE TABLE `Phases` (
  `phaseid` int NOT NULL AUTO_INCREMENT,
  `phasename` varchar(100) DEFAULT NULL,
  `current` tinyint(1) DEFAULT '0',
  `notes` text,
  `implemented` tinyint(1) DEFAULT '0',
  `display_order` int DEFAULT NULL,
  PRIMARY KEY (`phaseid`)
) ENGINE=InnoDB AUTO_INCREMENT=10 DEFAULT CHARSET=utf8 ROW_FORMAT=DYNAMIC COMMENT='Configuration info.';

--
-- Dumping data for table `Phases`
--

LOCK TABLES `Phases` WRITE;
/*!40000 ALTER TABLE `Phases` DISABLE KEYS */;
INSERT INTO `Phases` VALUES
  (1,'Invitation',1,'Welcome, My Profile, My Suggestions and My General Interests',1,100),
  (2,'Edit Bio',1,'Parts. have write access to their biography',1,200),
  (3,'Availability',1,'Add on My Availability',1,300),
  (4,'Panel Sign Up',1,'Add on Search Panels and My Panel Interests',1,400),
  (5,'Show Schedule',1,'Add on My Schedule',1,500),
  (6,'Suggestions',1,'Allow write access to My Suggestions and My General Interests.',1,600),
  (7,'Brainstorm',0,'Special brainstorm pages are accessible.',1,700),
  (8,'Post Con',0,'Participants see only the post con message and can\'t do anything.',1,800),
  (9,'Events Show Schedule',1,'Event organizers may view schedule.',0,450);
/*!40000 ALTER TABLE `Phases` ENABLE KEYS */;
UNLOCK TABLES;


--
-- Table structure for table `PhotoDenialReasons`
--

DROP TABLE IF EXISTS `PhotoDenialReasons`;
/*!40101 SET @saved_cs_client     = @@character_set_client */;
/*!40101 SET character_set_client = utf8 */;
CREATE TABLE `PhotoDenialReasons` (
  `photodenialreasonid` int(11) NOT NULL AUTO_INCREMENT,
  `reasontext` varchar(512) DEFAULT NULL,
  `display_order` int(11) DEFAULT NULL,
  PRIMARY KEY (`photodenialreasonid`)
) ENGINE=InnoDB DEFAULT CHARSET=utf8;
/*!40101 SET character_set_client = @saved_cs_client */;



--
-- Table structure for table `PhotoUploadStatus`
--

DROP TABLE IF EXISTS `PhotoUploadStatus`;
/*!40101 SET @saved_cs_client     = @@character_set_client */;
/*!40101 SET character_set_client = utf8 */;
CREATE TABLE `PhotoUploadStatus` (
  `photouploadstatus` int(11) NOT NULL,
  `statustext` varchar(64) NOT NULL,
  PRIMARY KEY (`photouploadstatus`)
) ENGINE=InnoDB DEFAULT CHARSET=utf8;
/*!40101 SET character_set_client = @saved_cs_client */;

--
-- Dumping data for table `PhotoUploadStatus``
--

LOCK TABLES `PhotoUploadStatus` WRITE;
/*!40000 ALTER TABLE `PhotoUploadStatus` DISABLE KEYS */;
INSERT INTO `PhotoUploadStatus` (`photouploadstatus`, `statustext`)
VALUES (0, "No photo uploaded"),
(1, "Photo waiting for approval"),
(2, "Denied - see denial reason"),
(3, "Denied photo replaced, waiting for approval"),
(4, "Photo approved"),
(5, "Updated photo waiting for approval"),
(6, "Updated photo denied and deleted, existing photo still available"),
(7, "Updated photo denied, existing photo still available");
/*!40000 ALTER TABLE `PhotoUploadStatus` ENABLE KEYS */;
UNLOCK TABLES;


--
-- Table structure for table `PreviousConTracks`
--

DROP TABLE IF EXISTS `PreviousConTracks`;
/*!40101 SET @saved_cs_client     = @@character_set_client */;
/*!40101 SET character_set_client = utf8 */;
CREATE TABLE `PreviousConTracks` (
  `previousconid` int(11) NOT NULL,
  `previoustrackid` int(11) NOT NULL,
  `trackname` varchar(50) DEFAULT NULL,
  PRIMARY KEY (`previousconid`,`previoustrackid`),
  KEY `previousconid` (`previousconid`),
  CONSTRAINT `PreviousCons_ibfk_1` FOREIGN KEY (`previousconid`) REFERENCES `PreviousCons` (`previousconid`)
) ENGINE=InnoDB DEFAULT CHARSET=utf8;
/*!40101 SET character_set_client = @saved_cs_client */;

--
-- Dumping data for table `PreviousConTracks`
--

LOCK TABLES `PreviousConTracks` WRITE;
/*!40000 ALTER TABLE `PreviousConTracks` DISABLE KEYS */;
/*!40000 ALTER TABLE `PreviousConTracks` ENABLE KEYS */;
UNLOCK TABLES;

--
-- Table structure for table `PreviousCons`
--

DROP TABLE IF EXISTS `PreviousCons`;
/*!40101 SET @saved_cs_client     = @@character_set_client */;
/*!40101 SET character_set_client = utf8 */;
CREATE TABLE `PreviousCons` (
  `previousconid` int(11) NOT NULL AUTO_INCREMENT,
  `previousconname` varchar(128) DEFAULT NULL,
  `display_order` int(11) DEFAULT NULL,
  PRIMARY KEY (`previousconid`)
) ENGINE=InnoDB DEFAULT CHARSET=utf8;
/*!40101 SET character_set_client = @saved_cs_client */;

--
-- Dumping data for table `PreviousCons`
--

LOCK TABLES `PreviousCons` WRITE;
/*!40000 ALTER TABLE `PreviousCons` DISABLE KEYS */;
/*!40000 ALTER TABLE `PreviousCons` ENABLE KEYS */;
UNLOCK TABLES;

--
-- Table structure for table `PreviousParticipants`
--

DROP TABLE IF EXISTS `PreviousParticipants`;
/*!40101 SET @saved_cs_client     = @@character_set_client */;
/*!40101 SET character_set_client = utf8 */;
CREATE TABLE `PreviousParticipants` (
  `badgeid` varchar(15) NOT NULL,
  `bio` text,
  `staff_notes` text,
  PRIMARY KEY (`badgeid`)
) ENGINE=InnoDB DEFAULT CHARSET=utf8;
/*!40101 SET character_set_client = @saved_cs_client */;

--
-- Dumping data for table `PreviousParticipants`
--

LOCK TABLES `PreviousParticipants` WRITE;
/*!40000 ALTER TABLE `PreviousParticipants` DISABLE KEYS */;
/*!40000 ALTER TABLE `PreviousParticipants` ENABLE KEYS */;
UNLOCK TABLES;

--
-- Table structure for table `PreviousSessions`
--

DROP TABLE IF EXISTS `PreviousSessions`;
/*!40101 SET @saved_cs_client     = @@character_set_client */;
/*!40101 SET character_set_client = utf8 */;
CREATE TABLE `PreviousSessions` (
  `previousconid` int(11) NOT NULL,
  `previoussessionid` int(11) NOT NULL,
  `previoustrackid` int(11) NOT NULL,
  `previousstatusid` int(11) NOT NULL,
  `typeid` int(11) NOT NULL,
  `divisionid` int(11) NOT NULL,
  `languagestatusid` int(11) DEFAULT NULL,
  `title` varchar(100) DEFAULT NULL,
  `secondtitle` varchar(100) DEFAULT NULL,
  `pocketprogtext` text,
  `progguiddesc` text,
  `progguidhtml` text DEFAULT NULL,
  `persppartinfo` text,
  `duration` time DEFAULT NULL,
  `estatten` int(11) DEFAULT NULL,
  `kidscatid` int(11) NOT NULL,
  `signupreq` tinyint(1) DEFAULT NULL,
  `notesforpart` text,
  `notesforprog` text,
  `invitedguest` tinyint(1) DEFAULT NULL,
  `importedsessionid` int(11) DEFAULT NULL,
  PRIMARY KEY (`previousconid`,`previoussessionid`),
  KEY `previousconid` (`previousconid`),
  KEY `previoustrackid` (`previousconid`,`previoustrackid`),
  KEY `previousstatusid` (`previousstatusid`),
  KEY `typeid` (`typeid`),
  KEY `divisionid` (`divisionid`),
  KEY `languagestatusid` (`languagestatusid`),
  KEY `kidscatid` (`kidscatid`),
  CONSTRAINT `PreviousSessions_ibfk_1` FOREIGN KEY (`previousconid`) REFERENCES `PreviousCons` (`previousconid`),
  CONSTRAINT `PreviousSessions_ibfk_2` FOREIGN KEY (`previousconid`, `previoustrackid`) REFERENCES `PreviousConTracks` (`previousconid`, `previoustrackid`),
  CONSTRAINT `PreviousSessions_ibfk_3` FOREIGN KEY (`previousstatusid`) REFERENCES `SessionStatuses` (`statusid`),
  CONSTRAINT `PreviousSessions_ibfk_4` FOREIGN KEY (`typeid`) REFERENCES `Types` (`typeid`),
  CONSTRAINT `PreviousSessions_ibfk_5` FOREIGN KEY (`divisionid`) REFERENCES `Divisions` (`divisionid`),
  CONSTRAINT `PreviousSessions_ibfk_6` FOREIGN KEY (`languagestatusid`) REFERENCES `LanguageStatuses` (`languagestatusid`),
  CONSTRAINT `PreviousSessions_ibfk_7` FOREIGN KEY (`kidscatid`) REFERENCES `KidsCategories` (`kidscatid`)
) ENGINE=InnoDB DEFAULT CHARSET=utf8;
/*!40101 SET character_set_client = @saved_cs_client */;

--
-- Dumping data for table `PreviousSessions`
--

LOCK TABLES `PreviousSessions` WRITE;
/*!40000 ALTER TABLE `PreviousSessions` DISABLE KEYS */;
/*!40000 ALTER TABLE `PreviousSessions` ENABLE KEYS */;
UNLOCK TABLES;

--
-- Table structure for table `PubStatuses`
--

DROP TABLE IF EXISTS `PubStatuses`;
/*!40101 SET @saved_cs_client     = @@character_set_client */;
/*!40101 SET character_set_client = utf8 */;
CREATE TABLE `PubStatuses` (
  `pubstatusid` int(11) NOT NULL AUTO_INCREMENT,
  `pubstatusname` varchar(12) DEFAULT NULL,
  `display_order` int(11) NOT NULL DEFAULT '0',
  PRIMARY KEY (`pubstatusid`)
) ENGINE=InnoDB DEFAULT CHARSET=utf8 ROW_FORMAT=DYNAMIC;
/*!40101 SET character_set_client = @saved_cs_client */;

--
-- Dumping data for table `PubStatuses`
--

LOCK TABLES `PubStatuses` WRITE;
/*!40000 ALTER TABLE `PubStatuses` DISABLE KEYS */;
INSERT INTO `PubStatuses` VALUES (2,'Public',2),(3,'Do not print',3);
/*!40000 ALTER TABLE `PubStatuses` ENABLE KEYS */;
UNLOCK TABLES;

--
-- Table structure for table `RegTypes`
--

DROP TABLE IF EXISTS `RegTypes`;
/*!40101 SET @saved_cs_client     = @@character_set_client */;
/*!40101 SET character_set_client = utf8 */;
CREATE TABLE `RegTypes` (
  `regtypeid` int(11) NOT NULL AUTO_INCREMENT,
  `display_order` int(11) NULL DEFAULT 0,
  `regtype` varchar(40) NOT NULL DEFAULT '',
  `message` varchar(100) DEFAULT NULL,
  PRIMARY KEY (`regtypeid`)
) ENGINE=InnoDB DEFAULT CHARSET=utf8;
/*!40101 SET character_set_client = @saved_cs_client */;

--
-- Dumping data for table `RegTypes`
--

LOCK TABLES `RegTypes` WRITE;
/*!40000 ALTER TABLE `RegTypes` DISABLE KEYS */;
/*!40000 ALTER TABLE `RegTypes` ENABLE KEYS */;
UNLOCK TABLES;

--
-- Table structure for table `Roles`
--

DROP TABLE IF EXISTS `Roles`;
/*!40101 SET @saved_cs_client     = @@character_set_client */;
/*!40101 SET character_set_client = utf8 */;
CREATE TABLE `Roles` (
  `roleid` int(11) NOT NULL AUTO_INCREMENT,
  `rolename` varchar(50) DEFAULT NULL,
  `display_order` int(11) DEFAULT NULL,
  PRIMARY KEY (`roleid`)
) ENGINE=InnoDB DEFAULT CHARSET=utf8;
/*!40101 SET character_set_client = @saved_cs_client */;

--
-- Dumping data for table `Roles`
--

LOCK TABLES `Roles` WRITE;
/*!40000 ALTER TABLE `Roles` DISABLE KEYS */;
INSERT INTO `Roles` VALUES (1,'Other',-1),(2,'Reading my own works',3),(3,'Autographing',4),(4,'Reading others works',5),(5,'Performing',6),(6,'Running workshops',7),(7,'Leading discussions',8),(8,'Running games',9),(9,'Working with children',10),(10,'Panel Moderator',2),(11,'Improv',11),(12,'Storytelling',12);
/*!40000 ALTER TABLE `Roles` ENABLE KEYS */;
UNLOCK TABLES;

--
-- Table structure for table `RoomHasSet`
--

DROP TABLE IF EXISTS `RoomHasSet`;
/*!40101 SET @saved_cs_client     = @@character_set_client */;
/*!40101 SET character_set_client = utf8 */;
CREATE TABLE `RoomHasSet` (
  `roomhassetid` int(11) NOT NULL AUTO_INCREMENT,
  `roomid` int(11) NOT NULL DEFAULT '0',
  `roomsetid` int(11) NOT NULL DEFAULT '0',
  `capacity` int(11) DEFAULT NULL,
  `display_order` int(11) NULL DEFAULT 0,
  PRIMARY KEY (`roomhassetid`),
  KEY `roomid` (`roomid`),
  KEY `roomsetid` (`roomsetid`),
  CONSTRAINT `RoomHasSet_ibfk_1` FOREIGN KEY (`roomid`) REFERENCES `Rooms` (`roomid`),
  CONSTRAINT `RoomHasSet_ibfk_2` FOREIGN KEY (`roomsetid`) REFERENCES `RoomSets` (`roomsetid`)
) ENGINE=InnoDB DEFAULT CHARSET=utf8;
/*!40101 SET character_set_client = @saved_cs_client */;

--
-- Dumping data for table `RoomHasSet`
--

LOCK TABLES `RoomHasSet` WRITE;
/*!40000 ALTER TABLE `RoomHasSet` DISABLE KEYS */;
INSERT INTO `RoomHasSet` (`roomid`, `roomsetid`, `capacity`)
VALUES (2,10,20),(3,2,20),(3,3,24),(3,5,40),(3,10,26),(4,2,50),(4,3,48),(4,5,89),(4,10,40),(5,10,10),(6,10,10),(7,2,20),(7,3,21),(7,5,50),(7,10,22),(8,2,50),(8,3,47),(8,5,91),(8,10,34),(9,2,20),(9,3,21),(9,5,50),(9,10,22),(10,2,20),(10,3,23),(10,5,45),(10,10,22),(11,2,10),(11,3,6),(11,5,14),(11,10,10),(12,2,20),(12,3,12),(12,5,38),(12,10,16),(13,2,30),(13,3,30),(13,5,63),(13,10,28),(14,2,20),(14,3,15),(14,5,44),(14,10,22),(15,2,10),(15,3,9),(15,5,32),(15,10,16),(16,2,20),(16,3,24),(16,5,49),(16,10,22),(17,2,10),(17,3,9),(17,5,20),(17,10,10),(18,2,40),(18,3,27),(18,5,65),(18,10,40),(19,3,18),(19,5,30),(19,10,16),(20,10,8),(21,2,30),(21,3,32),(21,5,80),(21,10,34),(22,2,20),(22,3,24),(22,5,55),(22,10,28),(23,10,8),(24,2,60),(24,3,60),(24,5,115),(24,10,58),(25,2,60),(25,3,60),(25,5,108),(25,10,54),(26,2,20),(26,3,23),(26,5,47),(26,10,22);
/*!40000 ALTER TABLE `RoomHasSet` ENABLE KEYS */;
UNLOCK TABLES;

--
-- Table structure for table `RoomSets`
--

DROP TABLE IF EXISTS `RoomSets`;
/*!40101 SET @saved_cs_client     = @@character_set_client */;
/*!40101 SET character_set_client = utf8 */;
CREATE TABLE `RoomSets` (
  `roomsetid` int(11) NOT NULL AUTO_INCREMENT,
  `roomsetname` varchar(50) DEFAULT NULL,
  `display_order` int(11) DEFAULT NULL,
  PRIMARY KEY (`roomsetid`)
) ENGINE=InnoDB DEFAULT CHARSET=utf8;
/*!40101 SET character_set_client = @saved_cs_client */;

--
-- Dumping data for table `RoomSets`
--

LOCK TABLES `RoomSets` WRITE;
/*!40000 ALTER TABLE `RoomSets` DISABLE KEYS */;
INSERT INTO `RoomSets` VALUES (1,'Banquet',5),(2,'Theater',10),(3,'Conference',15),(4,'Reception',20),(5,'Classroom',25),(6,'\"U\" Shape Table',30),(7,'Hollow Square',35),(8,'Panel',2),(9,'Circle of Chairs',13),(10,'Other (describe)',42),(11,'Boardroom Table',14),(99,'I do not know',99);
/*!40000 ALTER TABLE `RoomSets` ENABLE KEYS */;
UNLOCK TABLES;

--
-- Table structure for table `Rooms`
--

DROP TABLE IF EXISTS `Rooms`;
/*!40101 SET @saved_cs_client     = @@character_set_client */;
/*!40101 SET character_set_client = utf8 */;
CREATE TABLE `Rooms` (
  `roomid` int(11) NOT NULL AUTO_INCREMENT,
  `roomname` varchar(50) DEFAULT NULL,
  `display_order` int(11) DEFAULT NULL,
  `height` varchar(100) DEFAULT NULL,
  `dimensions` varchar(100) DEFAULT NULL,
  `area` varchar(100) DEFAULT NULL,
  `function` varchar(100) DEFAULT NULL,
  `floor` varchar(50) DEFAULT NULL,
  `notes` text,
  `opentime1` time DEFAULT NULL,
  `closetime1` time DEFAULT NULL,
  `opentime2` time DEFAULT NULL,
  `closetime2` time DEFAULT NULL,
  `opentime3` time DEFAULT NULL,
  `closetime3` time DEFAULT NULL,
  `is_scheduled` tinyint(4) NOT NULL DEFAULT '0',
  PRIMARY KEY (`roomid`)
) ENGINE=InnoDB DEFAULT CHARSET=utf8;
/*!40101 SET character_set_client = @saved_cs_client */;

--
-- Dumping data for table `Rooms`
--

LOCK TABLES `Rooms` WRITE;
/*!40000 ALTER TABLE `Rooms` DISABLE KEYS */;
INSERT INTO `Rooms`
        (`roomid`, `roomname`, `display_order`, `height`, `dimensions`, `area`, `function`, `floor`, `notes`, `opentime1`,
        `closetime1`, `opentime2`, `closetime2`, `opentime3`, `closetime3`, `is_scheduled`)
    VALUES
           (2,'Alcott',NULL,'8 ft 5in','23 x 34','654','Open Gaming','4',NULL,NULL,NULL,NULL,NULL,NULL,NULL, 0),
           (3,'Back Bay',NULL,'8 ft 7in','15 x 32','484','Scheduled Gaming','4',NULL,NULL,NULL,NULL,NULL,NULL,NULL, 1),
           (4,'Beacon Hill',NULL,'8 ft 7in','23 x 43','850','Open Gaming','4',NULL,NULL,NULL,NULL,NULL,NULL,NULL, 0),
           (5,'Board Room',NULL,'8 ft 3in','20 x 23','396','Scheduled Gaming','4',NULL,NULL,NULL,NULL,NULL,NULL,NULL, 1),
           (6,'Brandeis',NULL,'8 ft 6in','13 x 35','446','Scheduled Gaming','4',NULL,NULL,NULL,NULL,NULL,NULL,NULL, 1),
           (7,'Cabot',NULL,'8 ft 6in','19 x 29','515','Scheduled Gaming / LARP Control','4',NULL,NULL,NULL,NULL,NULL,NULL,NULL, 1),
           (8,'Cambridge',NULL,'8 ft 6in','23 x 44','892','LARP','4',NULL,NULL,NULL,NULL,NULL,NULL,NULL, 1),
           (9,'Charles River',NULL,'8 ft 6in','19 x 29','515','Game Program','4',NULL,NULL,NULL,NULL,NULL,NULL,NULL, 1),
           (10,'Constitution',NULL,'8 ft 5in','15 x 33','446','Main Program (free form seeting)','4',NULL,NULL,NULL,NULL,NULL,NULL,NULL, 1),
           (11,'Copley',NULL,'8 ft 6in','12 x 16','232','Fast Track','4',NULL,NULL,NULL,NULL,NULL,NULL,NULL, 1),
           (12,'Emerson',NULL,'8 ft 3in','19 x 26','398','Fast Track','4',NULL,NULL,NULL,NULL,NULL,NULL,NULL, 1),
           (13,'Franklin',NULL,'8 ft 6in','18 x 48','727','Main Program','4',NULL,NULL,NULL,NULL,NULL,NULL,NULL, 1),
           (14,'Gloucester',NULL,'8 ft 6in','19 x 33','471','Fast Track','4',NULL,NULL,NULL,NULL,NULL,NULL,NULL, 1),
           (15,'Holmes',NULL,'8 ft 6in','15 x 25','334','Fast Track','4',NULL,NULL,NULL,NULL,NULL,NULL,NULL, 1),
           (16,'Lexington',NULL,'7 ft 3in','15 x 30','461','Main Program','4',NULL,NULL,NULL,NULL,NULL,NULL,NULL, 1),
           (17,'Longfellow',NULL,'8 ft 6in','14 x 22','284','Main Program','4',NULL,NULL,NULL,NULL,NULL,NULL,NULL, 1),
           (18,'St. James',NULL,'8 ft 6in','15 x 48','767','Main Program','4',NULL,NULL,NULL,NULL,NULL,NULL,NULL, 1),
           (19,'Garden Suite',NULL,'0','0','0','Con Suite','4',NULL,NULL,NULL,NULL,NULL,NULL,NULL, 0),
           (20,'Statler',NULL,'8 ft 5in','13 x 21','292','Sign Shop','4',NULL,NULL,NULL,NULL,NULL,NULL,NULL, 0),
           (21,'Stuart',NULL,'8 ft 7in','13 x 40','731','Main Program','4',NULL,NULL,NULL,NULL,NULL,NULL,NULL, 1),
           (22,'Thoreau',NULL,'8 ft 7in','16 x 33','557','Main Program','4',NULL,NULL,NULL,NULL,NULL,NULL,NULL, 1),
           (23,'Tremont',NULL,'8 ft 6in','18 x 23','392','Main Program','4',NULL,NULL,NULL,NULL,NULL,NULL,NULL, 1),
           (24,'White Hill',NULL,'8 ft 6in','15 x 68','1,203','Main Program','4',NULL,NULL,NULL,NULL,NULL,NULL,NULL, 1),
           (25,'Whittier',NULL,'8 ft 6in','22 x 65','1,215','Main Program (w/ A/V)','4',NULL,NULL,NULL,NULL,NULL,NULL,NULL, 1),
           (26,'Winthrop',NULL,'8 ft 4in','23 x 26','498','Main Program (w/ A/V)','4',NULL,NULL,NULL,NULL,NULL,NULL,NULL, 1),
           (27,'Imperial Ballroom',NULL,'30 ft 4in','116 x 73','8,516','Main Tent','mezzanine',NULL,NULL,NULL,NULL,NULL,NULL,NULL, 1),
           (28,'Plaza Ballroom',NULL,'21 ft 5in','64 x 73','4,699','Dealers','mezzanine',NULL,NULL,NULL,NULL,NULL,NULL,NULL, 0),
           (29,'Georgian',NULL,'13 ft 10in','82 x 49','4,021','Art Show','mezzanine',NULL,NULL,NULL,NULL,NULL,NULL,NULL, 0),
           (30,'Arlington',NULL,'10 ft 7in','42 x 33','1,402','Art Show','mezzanine',NULL,NULL,NULL,NULL,NULL,NULL,NULL, 0),
           (31,'Berkeley',NULL,'10 ft 7in','22 x 33','748','Anime','mezzanine',NULL,NULL,NULL,NULL,NULL,NULL,NULL, 1),
           (32,'Clarendon',NULL,'10 ft 7in','22 x 33','732','Video','mezzanine',NULL,NULL,NULL,NULL,NULL,NULL,NULL, 1),
           (33,'Dartmouth/Exeter',NULL,'11 ft 11in','44 x 15','639','Ops/Security','mezzanine',NULL,NULL,NULL,NULL,NULL,NULL,NULL, 0),
           (34,'Fairfield',NULL,'12 ft 0in','23 x 15','326','Gopher Hole','mezzanine',NULL,NULL,NULL,NULL,NULL,NULL,NULL, 0),
           (35,'Hancock',NULL,'11 ft 9in','41 x 14','588','Main Program (w/ A/V)','mezzanine',NULL,NULL,NULL,NULL,NULL,NULL,NULL, 1),
           (36,'Stanbro',NULL,'8 ft 11in','56 x 50','2,904','Small Tent / Masquerade green room','mezzanine',NULL,NULL,NULL,NULL,NULL,NULL,NULL, 1),
           (37,'Terrace',NULL,'10 ft 5 in','65 x 82','5,330','Films','basement',NULL,NULL,NULL,NULL,NULL,NULL,NULL, 1),
           (38,'TV 55',NULL,NULL,NULL,NULL,NULL,NULL,NULL,NULL,NULL,NULL,NULL,NULL,NULL, 1),
           (39,'TV 56',NULL,NULL,NULL,NULL,NULL,NULL,NULL,NULL,NULL,NULL,NULL,NULL,NULL, 1);
/*!40000 ALTER TABLE `Rooms` ENABLE KEYS */;
UNLOCK TABLES;

--
-- Table structure for table `Schedule`
--

DROP TABLE IF EXISTS `Schedule`;
/*!40101 SET @saved_cs_client     = @@character_set_client */;
/*!40101 SET character_set_client = utf8 */;
CREATE TABLE `Schedule` (
  `scheduleid` int(11) NOT NULL AUTO_INCREMENT,
  `sessionid` int(11) NOT NULL DEFAULT '0',
  `roomid` int(11) NOT NULL DEFAULT '0',
  `starttime` time NOT NULL DEFAULT '00:00:00',
  PRIMARY KEY (`scheduleid`),
  KEY `sessionid` (`sessionid`),
  KEY `roomid` (`roomid`),
  CONSTRAINT `Schedule_ibfk_1` FOREIGN KEY (`sessionid`) REFERENCES `Sessions` (`sessionid`),
  CONSTRAINT `Schedule_ibfk_2` FOREIGN KEY (`roomid`) REFERENCES `Rooms` (`roomid`)
) ENGINE=InnoDB DEFAULT CHARSET=utf8;
/*!40101 SET character_set_client = @saved_cs_client */;

--
-- Dumping data for table `Schedule`
--

LOCK TABLES `Schedule` WRITE;
/*!40000 ALTER TABLE `Schedule` DISABLE KEYS */;
/*!40000 ALTER TABLE `Schedule` ENABLE KEYS */;
UNLOCK TABLES;

--
-- Table structure for table `Services`
--

DROP TABLE IF EXISTS `Services`;
/*!40101 SET @saved_cs_client     = @@character_set_client */;
/*!40101 SET character_set_client = utf8 */;
CREATE TABLE `Services` (
  `serviceid` int(11) NOT NULL AUTO_INCREMENT,
  `servicename` varchar(50) DEFAULT NULL,
  `display_order` int(11) DEFAULT NULL,
  PRIMARY KEY (`serviceid`)
) ENGINE=InnoDB DEFAULT CHARSET=utf8;
/*!40101 SET character_set_client = @saved_cs_client */;

--
-- Dumping data for table `Services`
--

LOCK TABLES `Services` WRITE;
/*!40000 ALTER TABLE `Services` DISABLE KEYS */;
INSERT INTO `Services` VALUES (1,'DVD Player',3),(2,'VHS Tape Player',21),(3,'Projector (Computer)',9),(4,'CD Player',1),(5,'Sound',17),(6,'TV',19),(7,'Projector (Video)',10),(8,'Food',5),(9,'Flip Chart',4),(10,'Gopher',6),(11,'Lights',7),(12,'Power Strips',8),(13,'Slide Carousel',12),(14,'Risers',11);
/*!40000 ALTER TABLE `Services` ENABLE KEYS */;
UNLOCK TABLES;

--
-- Table structure for table `SessionEditCodes`
--

DROP TABLE IF EXISTS `SessionEditCodes`;
/*!40101 SET @saved_cs_client     = @@character_set_client */;
/*!40101 SET character_set_client = utf8 */;
CREATE TABLE `SessionEditCodes` (
  `sessioneditcode` int(11) NOT NULL AUTO_INCREMENT,
  `description` varchar(40) DEFAULT NULL,
  `display_order` int(11) NOT NULL DEFAULT '1',
  PRIMARY KEY (`sessioneditcode`)
) ENGINE=InnoDB AUTO_INCREMENT=8 DEFAULT CHARSET=utf8 ROW_FORMAT=DYNAMIC;
/*!40101 SET character_set_client = @saved_cs_client */;

--
-- Dumping data for table `SessionEditCodes`
--

LOCK TABLES `SessionEditCodes` WRITE;
/*!40000 ALTER TABLE `SessionEditCodes` DISABLE KEYS */;
INSERT INTO `SessionEditCodes` VALUES (1,'Created in brainstorm',1),(2,'Created in staff create session',2),(3,'Edit session contents',4),(4,'Add to schedule',5),(5,'Remove from schedule',6),(6,'Created by import',3),(7,'Rescheduled',7);
/*!40000 ALTER TABLE `SessionEditCodes` ENABLE KEYS */;
UNLOCK TABLES;

--
-- Table structure for table `SessionEditHistory`
--

DROP TABLE IF EXISTS `SessionEditHistory`;
/*!40101 SET @saved_cs_client     = @@character_set_client */;
/*!40101 SET character_set_client = utf8 */;
CREATE TABLE `SessionEditHistory` (
  `sessionid` int(11) NOT NULL DEFAULT '0',
  `badgeid` varchar(15) DEFAULT NULL,
  `name` varchar(40) DEFAULT NULL,
  `email_address` varchar(75) DEFAULT NULL,
  `timestamp` timestamp NOT NULL DEFAULT CURRENT_TIMESTAMP,
  `sessioneditcode` int(11) NOT NULL DEFAULT '0',
  `statusid` int(11) NOT NULL DEFAULT '0',
  `editdescription` text,
  PRIMARY KEY (`sessionid`,`timestamp`),
  KEY `FK_SessionEditHistory` (`badgeid`),
  KEY `FK_SessionEditCodes` (`sessioneditcode`),
  KEY `FK_SessionEditHistory4` (`statusid`),
  CONSTRAINT `SessionEditHistory_ibfk_1` FOREIGN KEY (`sessionid`) REFERENCES `Sessions` (`sessionid`),
  CONSTRAINT `SessionEditHistory_ibfk_2` FOREIGN KEY (`badgeid`) REFERENCES `Participants` (`badgeid`),
  CONSTRAINT `SessionEditHistory_ibfk_3` FOREIGN KEY (`sessioneditcode`) REFERENCES `SessionEditCodes` (`sessioneditcode`),
  CONSTRAINT `SessionEditHistory_ibfk_4` FOREIGN KEY (`statusid`) REFERENCES `SessionStatuses` (`statusid`)
) ENGINE=InnoDB DEFAULT CHARSET=utf8 ROW_FORMAT=DYNAMIC COMMENT='InnoDB free: 8192 kB';
/*!40101 SET character_set_client = @saved_cs_client */;

--
-- Dumping data for table `SessionEditHistory`
--

LOCK TABLES `SessionEditHistory` WRITE;
/*!40000 ALTER TABLE `SessionEditHistory` DISABLE KEYS */;
/*!40000 ALTER TABLE `SessionEditHistory` ENABLE KEYS */;
UNLOCK TABLES;

--
-- Table structure for table `SessionHasFeature`
--

DROP TABLE IF EXISTS `SessionHasFeature`;
/*!40101 SET @saved_cs_client     = @@character_set_client */;
/*!40101 SET character_set_client = utf8 */;
CREATE TABLE `SessionHasFeature` (
  `sessionid` int(11) NOT NULL DEFAULT '0',
  `featureid` int(11) NOT NULL DEFAULT '0',
  PRIMARY KEY (`sessionid`,`featureid`),
  KEY `featureid` (`featureid`),
  CONSTRAINT `SessionHasFeature_ibfk_1` FOREIGN KEY (`sessionid`) REFERENCES `Sessions` (`sessionid`),
  CONSTRAINT `SessionHasFeature_ibfk_2` FOREIGN KEY (`featureid`) REFERENCES `Features` (`featureid`)
) ENGINE=InnoDB DEFAULT CHARSET=utf8;
/*!40101 SET character_set_client = @saved_cs_client */;

--
-- Dumping data for table `SessionHasFeature`
--

LOCK TABLES `SessionHasFeature` WRITE;
/*!40000 ALTER TABLE `SessionHasFeature` DISABLE KEYS */;
/*!40000 ALTER TABLE `SessionHasFeature` ENABLE KEYS */;
UNLOCK TABLES;

--
-- Table structure for table `SessionHasTag`
--

DROP TABLE IF EXISTS `SessionHasTag`;
CREATE TABLE `SessionHasTag` (
    `sessionid` int(11) NOT NULL default '0',
    `tagid` int(11) NOT NULL default '0',
    PRIMARY KEY  (`sessionid`,`tagid`),
    KEY `Fkey2` (`tagid`),
    CONSTRAINT `Fkey1` FOREIGN KEY (`sessionid`) REFERENCES `Sessions` (`sessionid`),
    CONSTRAINT `Fkey2` FOREIGN KEY (`tagid`) REFERENCES `Tags` (`tagid`)
) ENGINE=InnoDB DEFAULT CHARSET=utf8;

--
-- Dumping data for table `SessionHasTag`
--

LOCK TABLES `SessionHasTag` WRITE;
/*!40000 ALTER TABLE `SessionHasTag` DISABLE KEYS */;
/*!40000 ALTER TABLE `SessionHasTag` ENABLE KEYS */;
UNLOCK TABLES;

--
-- Table structure for table `SessionHasService`
--

DROP TABLE IF EXISTS `SessionHasService`;
/*!40101 SET @saved_cs_client     = @@character_set_client */;
/*!40101 SET character_set_client = utf8 */;
CREATE TABLE `SessionHasService` (
  `sessionid` int(11) NOT NULL DEFAULT '0',
  `serviceid` int(11) NOT NULL DEFAULT '0',
  PRIMARY KEY (`sessionid`,`serviceid`),
  KEY `serviceid` (`serviceid`),
  CONSTRAINT `SessionHasService_ibfk_1` FOREIGN KEY (`sessionid`) REFERENCES `Sessions` (`sessionid`),
  CONSTRAINT `SessionHasService_ibfk_2` FOREIGN KEY (`serviceid`) REFERENCES `Services` (`serviceid`)
) ENGINE=InnoDB DEFAULT CHARSET=utf8;
/*!40101 SET character_set_client = @saved_cs_client */;

--
-- Dumping data for table `SessionHasService`
--

LOCK TABLES `SessionHasService` WRITE;
/*!40000 ALTER TABLE `SessionHasService` DISABLE KEYS */;
/*!40000 ALTER TABLE `SessionHasService` ENABLE KEYS */;
UNLOCK TABLES;

--
-- Table structure for table `SessionStatuses`
--

DROP TABLE IF EXISTS `SessionStatuses`;
/*!40101 SET @saved_cs_client     = @@character_set_client */;
/*!40101 SET character_set_client = utf8 */;
CREATE TABLE `SessionStatuses` (
  `statusid` int(11) NOT NULL AUTO_INCREMENT,
  `statusname` varchar(50) DEFAULT NULL,
  `validate` tinyint(4) NOT NULL DEFAULT '0',
  `may_be_scheduled` tinyint(4) NOT NULL DEFAULT '0',
  `display_order` int(11) DEFAULT NULL,
  PRIMARY KEY (`statusid`)
) ENGINE=InnoDB AUTO_INCREMENT=11 DEFAULT CHARSET=utf8;
/*!40101 SET character_set_client = @saved_cs_client */;

--
-- Dumping data for table `SessionStatuses`
--

LOCK TABLES `SessionStatuses` WRITE;
/*!40000 ALTER TABLE `SessionStatuses` DISABLE KEYS */;
INSERT INTO `SessionStatuses` VALUES (1,'Brainstorm',0,0,4),(2,'Vetted',1,1,6),(3,'Scheduled',1,1,10),(4,'Dropped',0,0,18),(5,'Cancelled',0,0,20),(6,'Edit Me',0,0,5),(7,'Assigned',1,1,9),(10,'Duplicate',0,0,11);
/*!40000 ALTER TABLE `SessionStatuses` ENABLE KEYS */;
UNLOCK TABLES;

--
-- Table structure for table `Sessions`
--

DROP TABLE IF EXISTS `Sessions`;
/*!40101 SET @saved_cs_client     = @@character_set_client */;
/*!40101 SET character_set_client = utf8 */;
CREATE TABLE `Sessions` (
  `sessionid` int(11) NOT NULL AUTO_INCREMENT,
  `trackid` int(11) NOT NULL DEFAULT '0',
  `typeid` int(11) NOT NULL DEFAULT '0',
  `divisionid` int(11) NOT NULL DEFAULT '0',
  `pubstatusid` int(11) DEFAULT '0',
  `languagestatusid` int(11) DEFAULT '1',
  `pubsno` varchar(50) DEFAULT NULL,
  `title` varchar(100) DEFAULT NULL,
  `secondtitle` varchar(100) DEFAULT NULL,
  `pocketprogtext` text,
  `progguiddesc` text,
  `progguidhtml` text,
  `persppartinfo` text,
  `meetinglink` VARCHAR(512),
  `duration` time DEFAULT NULL,
  `estatten` int(11) DEFAULT NULL,
  `kidscatid` int(11) NOT NULL DEFAULT '0',
  `signupreq` tinyint(1) DEFAULT NULL,
  `roomsetid` int(11) NOT NULL DEFAULT '0',
  `notesforpart` text,
  `servicenotes` text,
  `statusid` int(11) NOT NULL DEFAULT '0',
  `notesforprog` text,
  `warnings` tinyint(1) DEFAULT NULL,
  `invitedguest` tinyint(1) DEFAULT '0',
  `ts` timestamp NOT NULL DEFAULT CURRENT_TIMESTAMP ON UPDATE CURRENT_TIMESTAMP,
  PRIMARY KEY (`sessionid`),
  KEY `trackid` (`trackid`),
  KEY `typeid` (`typeid`),
  KEY `kidscatid` (`kidscatid`),
  KEY `roomsetid` (`roomsetid`),
  KEY `statusid` (`statusid`),
  KEY `divisionid` (`divisionid`),
  KEY `pubstatusid` (`pubstatusid`),
  KEY `languagestatusid` (`languagestatusid`),
  CONSTRAINT `Sessions_ibfk_1` FOREIGN KEY (`trackid`) REFERENCES `Tracks` (`trackid`),
  CONSTRAINT `Sessions_ibfk_2` FOREIGN KEY (`typeid`) REFERENCES `Types` (`typeid`),
  CONSTRAINT `Sessions_ibfk_3` FOREIGN KEY (`kidscatid`) REFERENCES `KidsCategories` (`kidscatid`),
  CONSTRAINT `Sessions_ibfk_4` FOREIGN KEY (`roomsetid`) REFERENCES `RoomSets` (`roomsetid`),
  CONSTRAINT `Sessions_ibfk_5` FOREIGN KEY (`statusid`) REFERENCES `SessionStatuses` (`statusid`),
  CONSTRAINT `Sessions_ibfk_6` FOREIGN KEY (`pubstatusid`) REFERENCES `PubStatuses` (`pubstatusid`),
  CONSTRAINT `Sessions_ibfk_7` FOREIGN KEY (`divisionid`) REFERENCES `Divisions` (`divisionid`),
  CONSTRAINT `Sessions_ibfk_8` FOREIGN KEY (`languagestatusid`) REFERENCES `LanguageStatuses` (`languagestatusid`)
) ENGINE=InnoDB DEFAULT CHARSET=utf8;
/*!40101 SET character_set_client = @saved_cs_client */;


--
-- Dumping data for table `Sessions`
--

LOCK TABLES `Sessions` WRITE;
/*!40000 ALTER TABLE `Sessions` DISABLE KEYS */;
/*!40000 ALTER TABLE `Sessions` ENABLE KEYS */;
UNLOCK TABLES;


--
-- Table structure for table `SurveyQuestionOptionConfig`
--

DROP TABLE IF EXISTS `SurveyQuestionOptionConfig`;
/*!40101 SET @saved_cs_client     = @@character_set_client */;
/*!40101 SET character_set_client = utf8 */;
CREATE TABLE `SurveyQuestionOptionConfig` (
  `questionid` int(11) NOT NULL,
  `ordinal` int(11) NOT NULL,
  `value` varchar(512) NOT NULL,
  `display_order` int(11) NOT NULL,
  `optionshort` varchar(64) NOT NULL,
  `optionhover` varchar(512) DEFAULT NULL,
  `allowothertext` tinyint(1) DEFAULT '0',
  PRIMARY KEY (`questionid`, `ordinal`),
  FOREIGN KEY (`questionid`) REFERENCES `SurveyQuestionConfig` (`questionid`) ON DELETE CASCADE
) ENGINE=InnoDB DEFAULT CHARSET=utf8 ROW_FORMAT=DYNAMIC COMMENT='Survey Question Option Info.';
/*!40101 SET character_set_client = @saved_cs_client */;


--
-- Table structure for table `SurveyQuestionConfig`
--

DROP TABLE IF EXISTS `SurveyQuestionConfig`;
/*!40101 SET @saved_cs_client     = @@character_set_client */;
/*!40101 SET character_set_client = utf8 */;
CREATE TABLE `SurveyQuestionConfig` (
  `questionid` int(11) NOT NULL AUTO_INCREMENT,
  `shortname` varchar(100) NOT NULL,
  `description` varchar(1024) DEFAULT NULL,
  `prompt` varchar(512) NOT NULL,
  `hover` varchar(8192) DEFAULT NULL,
  `display_order` int(11) NOT NULL,
  `typeid` int(11) NOT NULL,
  `required` tinyint(1) NOT NULL DEFAULT '0',
  `publish` tinyint(1) NOT NULL DEFAULT '0',
  `privacy_user` tinyint(1) NOT NULL DEFAULT '0',
  `searchable` tinyint(1) NOT NULL DEFAULT '0',
  `ascending` tinyint(1) NOT NULL DEFAULT '1',
  `display_only` tinyint(1) NOT NULL DEFAULT '0',
  `min_value` int DEFAULT NULL,
  `max_value` int DEFAULT NULL,
  PRIMARY KEY (`questionid`),
  UNIQUE KEY `SurveyQuestionConfig_shortname` (`shortname`),
  FOREIGN KEY (`typeid`) REFERENCES `SurveyQuestionTypes` (`typeid`)
) ENGINE=InnoDB AUTO_INCREMENT=10 DEFAULT CHARSET=utf8 ROW_FORMAT=DYNAMIC COMMENT='Survey Question Info.';
/*!40101 SET character_set_client = @saved_cs_client */;


--
-- Table structure for table `SurveyQuestionTypeDefaults`
--

DROP TABLE IF EXISTS `SurveyQuestionTypeDefaults`;
/*!40101 SET @saved_cs_client     = @@character_set_client */;
/*!40101 SET character_set_client = utf8 */;
CREATE TABLE `SurveyQuestionTypeDefaults` (
  `typeid` int(11) NOT NULL,
  `ordinal` int(11) NOT NULL,
  `value` varchar(512) NOT NULL,
  `display_order` int(11) NOT NULL,
  `optionshort` varchar(64) NOT NULL,
  `optionhover` varchar(512) DEFAULT NULL,
  `allowothertext` tinyint(1) DEFAULT '0',
  PRIMARY KEY (`typeid`, `ordinal`),
  FOREIGN KEY (`typeid`) REFERENCES `SurveyQuestionTypes` (`typeid`)
) ENGINE=InnoDB AUTO_INCREMENT=10 DEFAULT CHARSET=utf8 ROW_FORMAT=DYNAMIC COMMENT='Survey Question Type Default options';
/*!40101 SET character_set_client = @saved_cs_client */;

--
-- Dumping data for table `SurveyQuestionTypeDefaults`
--

LOCK TABLES `SurveyQuestionTypeDefaults` WRITE;
/*!40000 ALTER TABLE `SurveyQuestionTypeDefaults` DISABLE KEYS */;
INSERT INTO `SurveyQuestionTypeDefaults` (`typeid`, `ordinal`, `value`, `display_order`, `optionshort`, `optionhover`, `allowothertext`)
VALUES
  (100, 1, '1', 1, 'Jan', 'January', 0),
  (100, 2, '2', 2, 'Feb', 'February', 0),
  (100, 3, '3', 3, 'Mar', 'March', 0),
  (100, 4, '4', 4, 'Apr', 'April', 0),
  (100, 5, '5', 5, 'May', 'May', 0),
  (100, 6, '6', 6, 'Jun', 'June', 0),
  (100, 7, '7', 7, 'Jul', 'July', 0),
  (100, 8, '8', 8, 'Aug', 'August', 0),
  (100, 9, '9', 9, 'Sep', 'September', 0),
  (100, 10, '10', 10, 'Oct', 'October', 0),
  (100, 11, '11', 11, 'Nov', 'November', 0),
  (100, 12, '12', 12, 'Dec', 'December', 0),
  (110, 1, 'Jan', 1, 'Jan', 'January', 0),
  (110, 2, 'Feb', 2, 'Feb', 'February', 0),
  (110, 3, 'Mar', 3, 'Mar', 'March', 0),
  (110, 4, 'Apr', 4, 'Apr', 'April', 0),
  (110, 5, 'May', 5, 'May', 'May', 0),
  (110, 6, 'Jun', 6, 'Jun', 'June', 0),
  (110, 7, 'Jul', 7, 'Jul', 'July', 0),
  (110, 8, 'Aug', 8, 'Aug', 'August', 0),
  (110, 9, 'Sep', 9, 'Sep', 'September', 0),
  (110, 10, 'Oct', 10, 'Oct', 'October', 0),
  (110, 11, 'Nov', 11, 'Nov', 'November', 0),
  (110, 12, 'Dec', 12, 'Dec', 'December', 0),
  (120, 1, 'Jan', 1, 'Jan', 'January', 0),
  (120, 2, 'Feb', 2, 'Feb', 'February', 0),
  (120, 3, 'Mar', 3, 'Mar', 'March', 0),
  (120, 4, 'Apr', 4, 'Apr', 'April', 0),
  (120, 5, 'May', 5, 'May', 'May', 0),
  (120, 6, 'Jun', 6, 'Jun', 'June', 0),
  (120, 7, 'Jul', 7, 'Jul', 'July', 0),
  (120, 8, 'Aug', 8, 'Aug', 'August', 0),
  (120, 9, 'Sep', 9, 'Sep', 'September', 0),
  (120, 10, 'Oct', 10, 'Oct', 'October', 0),
  (120, 11, 'Nov', 11, 'Nov', 'November', 0),
  (120, 12, 'Dec', 12, 'Dec', 'December', 0),
  (130, 1, 'US', 1, 'United States', NULL, 0),
  (130,2,'CA',2,'Canada',NULL,0),
  (130,3,'AF',3,'Afghanistan',NULL,0),
  (130,4,'AX',4,'Aland Islands',NULL,0),
  (130,5,'AL',5,'Albania',NULL,0),
  (130,6,'DZ',6,'Algeria',NULL,0),
  (130,7,'AS',7,'American Samoa',NULL,0),
  (130,8,'AD',8,'Andorra',NULL,0),
  (130,9,'AO',9,'Angola',NULL,0),
  (130,10,'AI',10,'Anguilla',NULL,0),
  (130,11,'AQ',11,'Antarctica',NULL,0),
  (130,12,'AG',12,'Antigua and Barbuda',NULL,0),
  (130,13,'AR',13,'Argentina',NULL,0),
  (130,14,'AM',14,'Armenia',NULL,0),
  (130,15,'AW',15,'Aruba',NULL,0),
  (130,16,'AU',16,'Australia',NULL,0),
  (130,17,'AT',17,'Austria',NULL,0),
  (130,18,'AZ',18,'Azerbaijan',NULL,0),
  (130,19,'BS',19,'Bahamas',NULL,0),
  (130,20,'BH',20,'Bahrain',NULL,0),
  (130,21,'BD',21,'Bangladesh',NULL,0),
  (130,22,'BB',22,'Barbados',NULL,0),
  (130,23,'BY',23,'Belarus',NULL,0),
  (130,24,'BE',24,'Belgium',NULL,0),
  (130,25,'BZ',25,'Belize',NULL,0),
  (130,26,'BJ',26,'Benin',NULL,0),
  (130,27,'BM',27,'Bermuda',NULL,0),
  (130,28,'BT',28,'Bhutan',NULL,0),
  (130,29,'BO',29,'Bolivia',NULL,0),
  (130,30,'BA',30,'Bosnia and Herzegovina',NULL,0),
  (130,31,'BW',31,'Botswana',NULL,0),
  (130,32,'BV',32,'Bouvet Island',NULL,0),
  (130,33,'BR',33,'Brazil',NULL,0),
  (130,34,'VG',34,'British Virgin Islands',NULL,0),
  (130,35,'IO',35,'British Indian Ocean Territory',NULL,0),
  (130,36,'BN',36,'Brunei Darussalam',NULL,0),
  (130,37,'BG',37,'Bulgaria',NULL,0),
  (130,38,'BF',38,'Burkina Faso',NULL,0),
  (130,39,'BI',39,'Burundi',NULL,0),
  (130,40,'KH',40,'Cambodia',NULL,0),
  (130,41,'CM',41,'Cameroon',NULL,0),
  (130,42,'CV',42,'Cape Verde',NULL,0),
  (130,43,'KY',43,'Cayman Islands',NULL,0),
  (130,44,'CF',44,'Central African Republic',NULL,0),
  (130,45,'TD',45,'Chad',NULL,0),
  (130,46,'CL',46,'Chile',NULL,0),
  (130,47,'CN',47,'China',NULL,0),
  (130,48,'HK',48,'Hong Kong, SAR China',NULL,0),
  (130,49,'MO',49,'Macao, SAR China',NULL,0),
  (130,50,'CX',50,'Christmas Island',NULL,0),
  (130,51,'CC',51,'Cocos (Keeling Islands)',NULL,0),
  (130,52,'CO',52,'Colombia',NULL,0),
  (130,53,'KM',53,'Comoros',NULL,0),
  (130,54,'CG',54,'Congo (Brazzaville)',NULL,0),
  (130,55,'CD',55,'Congo, (Kinshasa)',NULL,0),
  (130,56,'CK',56,'Cook Islands',NULL,0),
  (130,57,'CR',57,'Costa Rica',NULL,0),
  (130,58,'CI',58,'Côte dNULLIvoire','',0),
  (130,59,'HR',59,'Croatia',NULL,0),
  (130,60,'CU',60,'Cuba',NULL,0),
  (130,61,'CY',61,'Cyprus',NULL,0),
  (130,62,'CZ',62,'Czech Republic',NULL,0),
  (130,63,'DK',63,'Denmark',NULL,0),
  (130,64,'DJ',64,'Djibouti',NULL,0),
  (130,65,'DM',65,'Dominica',NULL,0),
  (130,66,'DO',66,'Dominican Republic',NULL,0),
  (130,67,'EC',67,'Ecuador',NULL,0),
  (130,68,'EG',68,'Egypt',NULL,0),
  (130,69,'SV',69,'El Salvador',NULL,0),
  (130,70,'GQ',70,'Equatorial Guinea',NULL,0),
  (130,71,'ER',71,'Eritrea',NULL,0),
  (130,72,'EE',72,'Estonia',NULL,0),
  (130,73,'ET',73,'Ethiopia',NULL,0),
  (130,74,'FK',74,'Falkland Islands (Malvinas)',NULL,0),
  (130,75,'FO',75,'Faroe Islands',NULL,0),
  (130,76,'FJ',76,'Fiji',NULL,0),
  (130,77,'FI',77,'Finland',NULL,0),
  (130,78,'FR',78,'France',NULL,0),
  (130,79,'GF',79,'French Guiana',NULL,0),
  (130,80,'PF',80,'French Polynesia',NULL,0),
  (130,81,'TF',81,'French Southern Territories',NULL,0),
  (130,82,'GA',82,'Gabon',NULL,0),
  (130,83,'GM',83,'Gambia',NULL,0),
  (130,84,'GE',84,'Georgia',NULL,0),
  (130,85,'DE',85,'Germany',NULL,0),
  (130,86,'GH',86,'Ghana',NULL,0),
  (130,87,'GI',87,'Gibraltar',NULL,0),
  (130,88,'GR',88,'Greece',NULL,0),
  (130,89,'GL',89,'Greenland',NULL,0),
  (130,90,'GD',90,'Grenada',NULL,0),
  (130,91,'GP',91,'Guadeloupe',NULL,0),
  (130,92,'GU',92,'Guam',NULL,0),
  (130,93,'GT',93,'Guatemala',NULL,0),
  (130,94,'GG',94,'Guernsey',NULL,0),
  (130,95,'GN',95,'Guinea',NULL,0),
  (130,96,'GW',96,'Guinea-Bissau',NULL,0),
  (130,97,'GY',97,'Guyana',NULL,0),
  (130,98,'HT',98,'Haiti',NULL,0),
  (130,99,'HM',99,'Heard and Mcdonald Islands',NULL,0),
  (130,100,'VA',100,'Holy See (Vatican City State)',NULL,0),
  (130,101,'HN',101,'Honduras',NULL,0),
  (130,102,'HU',102,'Hungary',NULL,0),
  (130,103,'IS',103,'Iceland',NULL,0),
  (130,104,'IN',104,'India',NULL,0),
  (130,105,'ID',105,'Indonesia',NULL,0),
  (130,106,'IR',106,'Iran, Islamic Republic of',NULL,0),
  (130,107,'IQ',107,'Iraq',NULL,0),
  (130,108,'IE',108,'Ireland',NULL,0),
  (130,109,'IM',109,'Isle of Man',NULL,0),
  (130,110,'IL',110,'Israel',NULL,0),
  (130,111,'IT',111,'Italy',NULL,0),
  (130,112,'JM',112,'Jamaica',NULL,0),
  (130,113,'JP',113,'Japan',NULL,0),
  (130,114,'JE',114,'Jersey',NULL,0),
  (130,115,'JO',115,'Jordan',NULL,0),
  (130,116,'KZ',116,'Kazakhstan',NULL,0),
  (130,117,'KE',117,'Kenya',NULL,0),
  (130,118,'KI',118,'Kiribati',NULL,0),
  (130,119,'KP',119,'Korea (North)',NULL,0),
  (130,120,'KR',120,'Korea (South)',NULL,0),
  (130,121,'KW',121,'Kuwait',NULL,0),
  (130,122,'KG',122,'Kyrgyzstan',NULL,0),
  (130,123,'LA',123,'Lao PDR',NULL,0),
  (130,124,'LV',124,'Latvia',NULL,0),
  (130,125,'LB',125,'Lebanon',NULL,0),
  (130,126,'LS',126,'Lesotho',NULL,0),
  (130,127,'LR',127,'Liberia',NULL,0),
  (130,128,'LY',128,'Libya',NULL,0),
  (130,129,'LI',129,'Liechtenstein',NULL,0),
  (130,130,'LT',130,'Lithuania',NULL,0),
  (130,131,'LU',131,'Luxembourg',NULL,0),
  (130,132,'MK',132,'Macedonia, Republic of',NULL,0),
  (130,133,'MG',133,'Madagascar',NULL,0),
  (130,134,'MW',134,'Malawi',NULL,0),
  (130,135,'MY',135,'Malaysia',NULL,0),
  (130,136,'MV',136,'Maldives',NULL,0),
  (130,137,'ML',137,'Mali',NULL,0),
  (130,138,'MT',138,'Malta',NULL,0),
  (130,139,'MH',139,'Marshall Islands',NULL,0),
  (130,140,'MQ',140,'Martinique',NULL,0),
  (130,141,'MR',141,'Mauritania',NULL,0),
  (130,142,'MU',142,'Mauritius',NULL,0),
  (130,143,'YT',143,'Mayotte',NULL,0),
  (130,144,'MX',144,'Mexico',NULL,0),
  (130,145,'FM',145,'Micronesia, Federated States of',NULL,0),
  (130,146,'MD',146,'Moldova, Republic of',NULL,0),
  (130,147,'MC',147,'Monaco',NULL,0),
  (130,148,'MN',148,'Mongolia',NULL,0),
  (130,149,'ME',149,'Montenegro',NULL,0),
  (130,150,'MS',150,'Montserrat',NULL,0),
  (130,151,'MA',151,'Morocco',NULL,0),
  (130,152,'MZ',152,'Mozambique',NULL,0),
  (130,153,'MM',153,'Myanmar',NULL,0),
  (130,154,'NA',154,'Namibia',NULL,0),
  (130,155,'NR',155,'Nauru',NULL,0),
  (130,156,'NP',156,'Nepal',NULL,0),
  (130,157,'NL',157,'Netherlands',NULL,0),
  (130,158,'AN',158,'Netherlands Antilles',NULL,0),
  (130,159,'NC',159,'New Caledonia',NULL,0),
  (130,160,'NZ',160,'New Zealand',NULL,0),
  (130,161,'NI',161,'Nicaragua',NULL,0),
  (130,162,'NE',162,'Niger',NULL,0),
  (130,163,'NG',163,'Nigeria',NULL,0),
  (130,164,'NU',164,'Niue',NULL,0),
  (130,165,'NF',165,'Norfolk Island',NULL,0),
  (130,166,'MP',166,'Northern Mariana Islands',NULL,0),
  (130,167,'NO',167,'Norway',NULL,0),
  (130,168,'OM',168,'Oman',NULL,0),
  (130,169,'PK',169,'Pakistan',NULL,0),
  (130,170,'PW',170,'Palau',NULL,0),
  (130,171,'PS',171,'Palestinian Territory',NULL,0),
  (130,172,'PA',172,'Panama',NULL,0),
  (130,173,'PG',173,'Papua New Guinea',NULL,0),
  (130,174,'PY',174,'Paraguay',NULL,0),
  (130,175,'PE',175,'Peru',NULL,0),
  (130,176,'PH',176,'Philippines',NULL,0),
  (130,177,'PN',177,'Pitcairn',NULL,0),
  (130,178,'PL',178,'Poland',NULL,0),
  (130,179,'PT',179,'Portugal',NULL,0),
  (130,180,'PR',180,'Puerto Rico',NULL,0),
  (130,181,'QA',181,'Qatar',NULL,0),
  (130,182,'RE',182,'Réunion',NULL,0),
  (130,183,'RO',183,'Romania',NULL,0),
  (130,184,'RU',184,'Russian Federation',NULL,0),
  (130,185,'RW',185,'Rwanda',NULL,0),
  (130,186,'BL',186,'Saint-Barthélemy',NULL,0),
  (130,187,'SH',187,'Saint Helena',NULL,0),
  (130,188,'KN',188,'Saint Kitts and Nevis',NULL,0),
  (130,189,'LC',189,'Saint Lucia',NULL,0),
  (130,190,'MF',190,'Saint-Martin (French)',NULL,0),
  (130,191,'PM',191,'Saint Pierre and Miquelon',NULL,0),
  (130,192,'VC',192,'Saint Vincent and Grenadines',NULL,0),
  (130,193,'WS',193,'Samoa',NULL,0),
  (130,194,'SM',194,'San Marino',NULL,0),
  (130,195,'ST',195,'Sao Tome and Principe',NULL,0),
  (130,196,'SA',196,'Saudi Arabia',NULL,0),
  (130,197,'SN',197,'Senegal',NULL,0),
  (130,198,'RS',198,'Serbia',NULL,0),
  (130,199,'SC',199,'Seychelles',NULL,0),
  (130,200,'SL',200,'Sierra Leone',NULL,0),
  (130,201,'SG',201,'Singapore',NULL,0),
  (130,202,'SK',202,'Slovakia',NULL,0),
  (130,203,'SI',203,'Slovenia',NULL,0),
  (130,204,'SB',204,'Solomon Islands',NULL,0),
  (130,205,'SO',205,'Somalia',NULL,0),
  (130,206,'ZA',206,'South Africa',NULL,0),
  (130,207,'GS',207,'South Georgia and the South Sandwich Islands',NULL,0),
  (130,209,'SS',209,'South Sudan',NULL,0),
  (130,210,'ES',210,'Spain',NULL,0),
  (130,211,'LK',211,'Sri Lanka',NULL,0),
  (130,212,'SD',212,'Sudan',NULL,0),
  (130,213,'SR',213,'Suriname',NULL,0),
  (130,214,'SJ',214,'Svalbard and Jan Mayen Islands',NULL,0),
  (130,215,'SZ',215,'Swaziland',NULL,0),
  (130,216,'SE',216,'Sweden',NULL,0),
  (130,217,'CH',217,'Switzerland',NULL,0),
  (130,218,'SY',218,'Syrian Arab Republic (Syria)',NULL,0),
  (130,219,'TW',219,'Taiwan, Republic of China',NULL,0),
  (130,220,'TJ',220,'Tajikistan',NULL,0),
  (130,221,'TZ',221,'Tanzania, United Republic of',NULL,0),
  (130,222,'TH',222,'Thailand',NULL,0),
  (130,223,'TL',223,'Timor-Leste',NULL,0),
  (130,224,'TG',224,'Togo',NULL,0),
  (130,225,'TK',225,'Tokelau',NULL,0),
  (130,226,'TO',226,'Tonga',NULL,0),
  (130,227,'TT',227,'Trinidad and Tobago',NULL,0),
  (130,228,'TN',228,'Tunisia',NULL,0),
  (130,229,'TR',229,'Turkey',NULL,0),
  (130,230,'TM',230,'Turkmenistan',NULL,0),
  (130,231,'TC',231,'Turks and Caicos Islands',NULL,0),
  (130,232,'TV',232,'Tuvalu',NULL,0),
  (130,233,'UG',233,'Uganda',NULL,0),
  (130,234,'UA',234,'Ukraine',NULL,0),
  (130,235,'AE',235,'United Arab Emirates',NULL,0),
  (130,236,'GB',236,'United Kingdom',NULL,0),
  (130,237,'UM',237,'US Minor Outlying Islands',NULL,0),
  (130,238,'UY',238,'Uruguay',NULL,0),
  (130,239,'UZ',239,'Uzbekistan',NULL,0),
  (130,240,'VU',240,'Vanuatu',NULL,0),
  (130,241,'VE',241,'Venezuela (Bolivarian Republic)',NULL,0),
  (130,242,'VN',242,'Viet Nam',NULL,0),
  (130,243,'VI',243,'Virgin Islands, US',NULL,0),
  (130,244,'WF',244,'Wallis and Futuna Islands',NULL,0),
  (130,245,'EH',245,'Western Sahara',NULL,0),
  (130,246,'YE',246,'Yemen',NULL,0),
  (130,247,'ZM',247,'Zambia',NULL,0),
  (130,248,'ZW',248,'Zimbabwe',NULL,0),
  (140, 1, 'AL', 1, 'AL', 'Alabama',0),
  (140, 2, 'AK', 2, 'AK', 'Alaska',0),
  (140, 3, 'AB', 3, 'AB', 'Alberta',0),
  (140, 4, 'AS', 4, 'AS', 'American Samoa',0),
  (140, 5, 'AZ', 5, 'AZ', 'Arizona',0),
  (140, 6, 'AR', 6, 'AR', 'Arkansas',0),
  (140, 7, 'BC', 7, 'BC', 'British Columbia',0),
  (140, 8, 'CA', 8, 'CA', 'California',0),
  (140, 9, 'CO', 9, 'CO', 'Colorado',0),
  (140, 10, 'CT', 10, 'CT', 'Connecticut',0),
  (140, 11, 'DE', 11, 'DE', 'Delaware',0),
  (140, 12, 'DC', 12, 'DC', 'District of Columbia',0),
  (140, 13, 'FL', 13, 'FL', 'Florida',0),
  (140, 14, 'GA', 14, 'GA', 'Georgia',0),
  (140, 15, 'GU', 15, 'GU', 'Guam',0),
  (140, 16, 'HI', 16, 'HI', 'Hawaii',0),
  (140, 17, 'ID', 17, 'ID', 'Idaho',0),
  (140, 18, 'IL', 18, 'IL', 'Illinois',0),
  (140, 19, 'IN', 19, 'IN', 'Indiana',0),
  (140, 20, 'IA', 20, 'IA', 'Iowa',0),
  (140, 21, 'KS', 21, 'KS', 'Kansas',0),
  (140, 22, 'KY', 22, 'KY', 'Kentucky',0),
  (140, 23, 'LA', 23, 'LA', 'Louisiana',0),
  (140, 24, 'ME', 24, 'ME', 'Maine',0),
  (140, 25, 'MB', 25, 'MB', 'Manitoba',0),
  (140, 26, 'MH', 26, 'MH', 'Marshall Islands',0),
  (140, 27, 'MD', 27, 'MD', 'Maryland',0),
  (140, 28, 'MA', 28, 'MA', 'Massachusetts',0),
  (140, 29, 'MI', 29, 'MI', 'Michigan',0),
  (140, 30, 'FM', 30, 'FM', 'Micronesia',0),
  (140, 31, 'MN', 31, 'MN', 'Minnesota',0),
  (140, 32, 'MS', 32, 'MS', 'Mississippi',0),
  (140, 33, 'MO', 33, 'MO', 'Missouri',0),
  (140, 34, 'MT', 34, 'MT', 'Montana',0),
  (140, 35, 'NE', 35, 'NE', 'Nebraska',0),
  (140, 36, 'NV', 36, 'NV', 'Nevada',0),
  (140, 37, 'NB', 37, 'NB', 'New Brunswick',0),
  (140, 38, 'NH', 38, 'NH', 'New Hampshire',0),
  (140, 39, 'NJ', 39, 'NJ', 'New Jersey',0),
  (140, 40, 'NM', 40, 'NM', 'New Mexico',0),
  (140, 41, 'NY', 41, 'NY', 'New York',0),
  (140, 42, 'NL', 42, 'NL', 'Newfoundland and Labrador',0),
  (140, 43, 'NC', 43, 'NC', 'North Carolina',0),
  (140, 44, 'ND', 44, 'ND', 'North Dakota',0),
  (140, 45, 'MP', 45, 'MP', 'Northern Marianas',0),
  (140, 46, 'NT', 46, 'NT', 'Northwest Territories',0),
  (140, 47, 'NS', 47, 'NS', 'Nova Scotia',0),
  (140, 48, 'NU', 48, 'NU', 'Nunavut',0),
  (140, 49, 'OH', 49, 'OH', 'Ohio',0),
  (140, 50, 'OK', 50, 'OK', 'Oklahoma',0),
  (140, 51, 'ON', 51, 'ON', 'Ontario',0),
  (140, 52, 'OR', 52, 'OR', 'Oregon',0),
  (140, 53, 'PW', 53, 'PW', 'Palau',0),
  (140, 54, 'PA', 54, 'PA', 'Pennsylvania',0),
  (140, 55, 'PE', 55, 'PE', 'Prince Edward Island',0),
  (140, 56, 'PR', 56, 'PR', 'Puerto Rico',0),
  (140, 57, 'QC', 57, 'QC', 'Quebec',0),
  (140, 58, 'RI', 58, 'RI', 'Rhode Island',0),
  (140, 59, 'SK', 59, 'SK', 'Saskatchewan',0),
  (140, 60, 'SC', 60, 'SC', 'South Carolina',0),
  (140, 61, 'SD', 61, 'SD', 'South Dakota',0),
  (140, 62, 'TN', 62, 'TN', 'Tennessee',0),
  (140, 63, 'TX', 63, 'TX', 'Texas',0),
  (140, 64, 'UT', 64, 'UT', 'Utah',0),
  (140, 65, 'VT', 65, 'VT', 'Vermont',0),
  (140, 66, 'VI', 66, 'VI', 'Virgin Islands',0),
  (140, 67, 'VA', 67, 'VA', 'Virginia',0),
  (140, 68, 'WA', 68, 'WA', 'Washington',0),
  (140, 69, 'WV', 69, 'WV', 'West Virginia',0),
  (140, 70, 'WI', 70, 'WI', 'Wisconsin',0),
  (140, 71, 'WY', 71, 'WY', 'Wyoming',0),
  (140, 72, 'YT', 72, 'YT', 'Yukon',0);
/*!40000 ALTER TABLE `SurveyQuestionTypeDefaults` ENABLE KEYS */;
UNLOCK TABLES;


--
-- Table structure for table `SurveyQuestionTypes`
--

DROP TABLE IF EXISTS `SurveyQuestionTypes`;
/*!40101 SET @saved_cs_client     = @@character_set_client */;
/*!40101 SET character_set_client = utf8 */;
CREATE TABLE `SurveyQuestionTypes` (
  `typeid` int(11) NOT NULL AUTO_INCREMENT,
  `shortname` varchar(100) NOT NULL,
  `description` varchar(1024) DEFAULT NULL,
  `current` tinyint(1) DEFAULT '0',
  `display_order` int(11) NOT NULL,
  PRIMARY KEY (`typeid`)
) ENGINE=InnoDB DEFAULT CHARSET=utf8 ROW_FORMAT=DYNAMIC COMMENT='Survey Question Type info.';
/*!40101 SET character_set_client = @saved_cs_client */;


--
-- Dumping data for table `SurveyQuestionTypes`
--

LOCK TABLES `SurveyQuestionTypes` WRITE;
/*!40000 ALTER TABLE `SurveyQuestionTypes` DISABLE KEYS */;
INSERT INTO `SurveyQuestionTypes` (`typeid`, `shortname`, `description`, `current`, `display_order`)
VALUES
  (5, 'heading', 'HTML heading/prompt without input field', 1, 5),
  (10, 'hor-radio', 'Radio button list, select one of many-horizontal output', 1, 10),
  (15, 'vert-radio', 'Radio button list, select one of many-vertical output', 1, 15),
  (20, 'single-pulldown', 'Select list, select one of many', 1, 20),
  (30, 'multi-select list', 'Select list, select multiple of many with Ctrl/click', 1, 30),
  (40, 'multi-checkbox list', 'Checkbox list, check multiple of many', 1, 31),
  (50, 'multi-display', 'left<-->right select boxes, move selected options to right box', 1, 32),
  (60, 'openend', 'Single line of text', 1, 40),
  (70, 'text', 'Multi-line text box', 1, 50),
  (71, 'html-text', 'HTML editor based multi-line text box', 1, 55),
  (80, 'numberselect', 'Number from min to max, ascending or descending', 1, 60),
  (90, 'number', 'Integer fill in the blank', 1, 61),
  (100, 'monthnum', 'Months by number (1-12)', 1, 140),
  (110, 'monthabv', 'Months by abbreviation (Jan-Dec)', 1, 150),
  (120, 'monthyear', 'Months by abbreviation (Jan-Dec, current year-1900)', 1, 160),
  (130, 'country', 'Country List', 1, 170),
  (140, 'states', 'State/Province List', 1, 180);
/*!40000 ALTER TABLE `SurveyQuestionTypes` ENABLE KEYS */;
UNLOCK TABLES;

--
-- Table structure for table `Tags`
--

DROP TABLE IF EXISTS `Tags`;
/*!40101 SET @saved_cs_client     = @@character_set_client */;
/*!40101 SET character_set_client = utf8 */;
CREATE TABLE `Tags` (
    `tagid` int(11) NOT NULL auto_increment,
    `tagname` varchar(30) character set utf8 collate utf8_general_ci default NULL,
    `display_order` int(11) NOT NULL default '0',
    PRIMARY KEY  (`tagid`)
) ENGINE=InnoDB DEFAULT CHARSET=utf8;
/*!40101 SET character_set_client = @saved_cs_client */;

--
-- Dumping data for table `Tags`
--

LOCK TABLES `Tags` WRITE;
/*!40000 ALTER TABLE `Tags` DISABLE KEYS */;
INSERT INTO `Tags`
        (tagid, tagname, display_order)
    VALUES
        (1, 'Featured', 10),
        (2, 'GOH', 20),
        (3, 'Free', 30);
/*!40000 ALTER TABLE `Tags` ENABLE KEYS */;
UNLOCK TABLES;

--
-- Table structure for table `Times`
--

DROP TABLE IF EXISTS `Times`;
/*!40101 SET @saved_cs_client     = @@character_set_client */;
/*!40101 SET character_set_client = utf8 */;
CREATE TABLE `Times` (
  `timeid` int(11) NOT NULL,
  `timedisplay` char(14) DEFAULT NULL,
  `timevalue` time DEFAULT NULL,
  `next_day` tinyint(4) DEFAULT NULL,
  `display_order` int(11) DEFAULT NULL,
  `avail_start` tinyint(4) DEFAULT NULL,
  `avail_end` tinyint(4) DEFAULT NULL,
  PRIMARY KEY (`timeid`)
) ENGINE=InnoDB DEFAULT CHARSET=utf8;
/*!40101 SET character_set_client = @saved_cs_client */;

--
-- Dumping data for table `Times`
--

LOCK TABLES `Times` WRITE;
/*!40000 ALTER TABLE `Times` DISABLE KEYS */;
INSERT INTO `Times` VALUES (1,'8:30a','08:30:00',0,1,1,0),(2,'10:00a','10:00:00',0,2,1,1),(3,'11:30a','11:30:00',0,3,1,1),(4,'1:00p','13:00:00',0,4,1,1),(5,'2:30p','14:30:00',0,5,1,1),(6,'4:00p','16:00:00',0,6,1,1),(7,'5:30p','17:30:00',0,7,1,1),(8,'7:00p','19:00:00',0,8,1,1),(9,'8:30p','20:30:00',0,9,1,1),(10,'10:00p','22:00:00',0,10,1,1),(11,'11:30p','23:30:00',0,11,1,1),(12,'1:00a (+1d)','01:00:00',1,12,0,1);
/*!40000 ALTER TABLE `Times` ENABLE KEYS */;
UNLOCK TABLES;

--
-- Table structure for table `TrackCompatibility`
--

DROP TABLE IF EXISTS `TrackCompatibility`;
/*!40101 SET @saved_cs_client     = @@character_set_client */;
/*!40101 SET character_set_client = utf8 */;
CREATE TABLE `TrackCompatibility` (
  `previousconid` int(11) NOT NULL,
  `previoustrackid` int(11) NOT NULL,
  `currenttrackid` int(11) NOT NULL,
  PRIMARY KEY (`previousconid`,`previoustrackid`),
  KEY `currenttrackid` (`currenttrackid`),
  CONSTRAINT `TrackCompatibility_ibfk_1` FOREIGN KEY (`previousconid`, `previoustrackid`) REFERENCES `PreviousConTracks` (`previousconid`, `previoustrackid`),
  CONSTRAINT `TrackCompatibility_ibfk_2` FOREIGN KEY (`currenttrackid`) REFERENCES `Tracks` (`trackid`)
) ENGINE=InnoDB DEFAULT CHARSET=utf8;
/*!40101 SET character_set_client = @saved_cs_client */;

--
-- Dumping data for table `TrackCompatibility`
--

LOCK TABLES `TrackCompatibility` WRITE;
/*!40000 ALTER TABLE `TrackCompatibility` DISABLE KEYS */;
/*!40000 ALTER TABLE `TrackCompatibility` ENABLE KEYS */;
UNLOCK TABLES;

--
-- Table structure for table `Tracks`
--

DROP TABLE IF EXISTS `Tracks`;
/*!40101 SET @saved_cs_client     = @@character_set_client */;
/*!40101 SET character_set_client = utf8 */;
CREATE TABLE `Tracks` (
  `trackid` int(11) NOT NULL AUTO_INCREMENT,
  `trackname` varchar(50) DEFAULT NULL,
  `display_order` int(11) DEFAULT NULL,
  `selfselect` tinyint(1) DEFAULT NULL,
  PRIMARY KEY (`trackid`)
) ENGINE=InnoDB DEFAULT CHARSET=utf8;
/*!40101 SET character_set_client = @saved_cs_client */;

--
-- Dumping data for table `Tracks`
--

LOCK TABLES `Tracks` WRITE;
/*!40000 ALTER TABLE `Tracks` DISABLE KEYS */;
INSERT INTO `Tracks` VALUES (1,'Anime',5,1),(2,'Art',10,1),(3,'Costuming',16,1),(4,'Fan Interest',19,1),(5,'Fast Track',25,1),(7,'Gaming',35,1),(8,'GOH',40,1),(9,'Literature',45,1),(10,'Media',50,1),(11,'Music',55,1),(12,'Science',60,1),(13,'Writing',86,1),(14,'Roomturn, etc.',90,0),(15,'Maker',47,1),(19,'Comics',12,1),(23,'Communities',14,1),(24,'Trackless events',87,0),(27,'Theater & con tech',85,0),(28,'Refresh',89,0),(99,'Unknown',99,0),(100,'ConComm',15,1),(101,'Theater',82,0);
/*!40000 ALTER TABLE `Tracks` ENABLE KEYS */;
UNLOCK TABLES;

--
-- Table structure for table `Types`
--

DROP TABLE IF EXISTS `Types`;
/*!40101 SET @saved_cs_client     = @@character_set_client */;
/*!40101 SET character_set_client = utf8 */;
CREATE TABLE `Types` (
  `typeid` int(11) NOT NULL AUTO_INCREMENT,
  `typename` varchar(50) DEFAULT NULL,
  `display_order` int(11) DEFAULT NULL,
  `selfselect` tinyint(4) DEFAULT NULL,
  PRIMARY KEY (`typeid`)
) ENGINE=InnoDB DEFAULT CHARSET=utf8;
/*!40101 SET character_set_client = @saved_cs_client */;

--
-- Dumping data for table `Types`
--

LOCK TABLES `Types` WRITE;
/*!40000 ALTER TABLE `Types` DISABLE KEYS */;
INSERT INTO `Types` VALUES 
  (1,'Panel',1,1),
  (2,'Workshop',2,0),
  (3,'Room Turn',500,0),
  (4,'Lecture',6,0),
  (5,'Meeting',20,0),
  (6,'Interview',9,0),
  (7,'Signing',13,0),
  (8,'Reading',7,0),
  (9,'Rehearsal',100,0),
  (10,'TV - Live Event',10,0),
  (11,'TV - Previous Event',11,0),
  (12,'Projected Media',8,0),
  (14,'Open Gaming',18,0),
  (15,'Scheduled Game',19,0),
  (16,'TV - Movie/Show',12,0),
  (17,'I do not know',700,0),
  (18,'Concert',4,0),
  (19,'Participatory Event',3,0),
  (20,'Drama',5,0),
  (21,'Setup',200,0),
  (22,'Refresh',499,0),
  (23,'LARP',30,0),
  (24,'Discussion Group',8,0),
  (25,'Board Game',31,0),
  (26,'Tabletop RPG',32,0);
/*!40000 ALTER TABLE `Types` ENABLE KEYS */;
UNLOCK TABLES;

--
-- Table structure for table `UserHasPermissionRole`
--

DROP TABLE IF EXISTS `UserHasPermissionRole`;
/*!40101 SET @saved_cs_client     = @@character_set_client */;
/*!40101 SET character_set_client = utf8 */;
CREATE TABLE `UserHasPermissionRole` (
  `badgeid` varchar(15) NOT NULL DEFAULT '',
  `permroleid` int(11) NOT NULL DEFAULT '0',
  PRIMARY KEY (`badgeid`,`permroleid`),
  KEY `FK_UserHasPermissionRole` (`permroleid`),
  CONSTRAINT `UserHasPermissionRole_ibfk_1` FOREIGN KEY (`badgeid`) REFERENCES `Participants` (`badgeid`),
  CONSTRAINT `UserHasPermissionRole_ibfk_2` FOREIGN KEY (`permroleid`) REFERENCES `PermissionRoles` (`permroleid`)
) ENGINE=InnoDB DEFAULT CHARSET=utf8 ROW_FORMAT=DYNAMIC;
/*!40101 SET character_set_client = @saved_cs_client */;

--
-- Dumping data for table `UserHasPermissionRole`
--

LOCK TABLES `UserHasPermissionRole` WRITE;
/*!40000 ALTER TABLE `UserHasPermissionRole` DISABLE KEYS */;
/*!40000 ALTER TABLE `UserHasPermissionRole` ENABLE KEYS */;
UNLOCK TABLES;
/*!40103 SET TIME_ZONE=@OLD_TIME_ZONE */;

/*!40101 SET SQL_MODE=@OLD_SQL_MODE */;
/*!40014 SET FOREIGN_KEY_CHECKS=@OLD_FOREIGN_KEY_CHECKS */;
/*!40014 SET UNIQUE_CHECKS=@OLD_UNIQUE_CHECKS */;
/*!40101 SET CHARACTER_SET_CLIENT=@OLD_CHARACTER_SET_CLIENT */;
/*!40101 SET CHARACTER_SET_RESULTS=@OLD_CHARACTER_SET_RESULTS */;
/*!40101 SET COLLATION_CONNECTION=@OLD_COLLATION_CONNECTION */;
/*!40111 SET SQL_NOTES=@OLD_SQL_NOTES */;

